marque,modele,carburant,description
ABARTH,500,electric,"électrique à batterie, se recharge sur borne, petite citadine maniable, bonnes reprises, 3.92 € aux 100 km, très bon marché à l'usage, petit budget, silencieuse en ville, trajets domicile-travail, autonomie limitée de 256 km, trajets courts seulement, zéro émission de CO2, aucune pollution à l'usage, la voiture la plus propre et la plus écologique, aucun rejet"
ABARTH,600E,electric,"électrique à batterie, se recharge sur borne, compacte polyvalente, bonnes reprises, 3.94 € aux 100 km, très bon marché à l'usage, petit budget, silencieuse en ville, trajets domicile-travail, zéro émission de CO2, aucune pollution à l'usage, la voiture la plus propre et la plus écologique, aucun rejet"
AIWAYS,U5,electric,"électrique à batterie, se recharge sur borne, familiale spacieuse, grand coffre, bonnes reprises, 3.74 € aux 100 km, très bon marché à l'usage, petit budget, silencieuse en ville, trajets domicile-travail, famille nombreuse, cinq places et bagages, vacances, zéro émission de CO2, aucune pollution à l'usage, la voiture la plus propre et la plus écologique, aucun rejet"
AIWAYS,U6,electric,"électrique à batterie, se recharge sur borne, familiale spacieuse, grand coffre, bonnes reprises, 3.50 € aux 100 km, très bon marché à l'usage, petit budget, silencieuse en ville, trajets domicile-travail, famille nombreuse, cinq places et bagages, vacances, zéro émission de CO2, aucune pollution à l'usage, la voiture la plus propre et la plus écologique, aucun rejet"
ALFA ROMEO,ALFA ROMEO JUNIOR,electric,"électrique à batterie, se recharge sur borne, compacte polyvalente, performances courantes, 3.32 € aux 100 km, très bon marché à l'usage, petit budget, silencieuse en ville, trajets domicile-travail, zéro émission de CO2, aucune pollution à l'usage, la voiture la plus propre et la plus écologique, aucun rejet"
ALFA ROMEO,ALFA ROMEO JUNIOR,petrol,"essence, compacte polyvalente, performances courantes, 8.40 € aux 100 km, coût moyen, excellente en ville et dans les embouteillages, sobre sur route et autoroute, 109 g de CO2 par km, rejets moyens"
ALFA ROMEO,GIULIA,diesel,"diesel gazole, familiale spacieuse, grand coffre, performances courantes, 8.84 € aux 100 km, coût moyen, gros rouleur, 20 000 à 50 000 km par an, longues distances quotidiennes sur autoroute, grande autonomie par plein, famille nombreuse, cinq places et bagages, vacances, 137 g de CO2 par km, rejets moyens"
ALFA ROMEO,GIULIA,petrol,"essence, familiale spacieuse, grand coffre, sportive et très puissante, 14.17 € aux 100 km, chère à faire rouler, famille nombreuse, cinq places et bagages, vacances, 184 g de CO2 par km, très polluante, malus écologique"
ALFA ROMEO,GIULIA QUADRIFOGLIO VERDE,petrol,"essence, voiture de sport légère, deux places, usage plaisir, sportive et très puissante, 17.68 € aux 100 km, chère à faire rouler, encombrement minimal, deuxième voiture, 228 g de CO2 par km, très polluante, malus écologique"
ALFA ROMEO,JUNIOR,petrol,"essence, compacte polyvalente, performances courantes, 9.62 € aux 100 km, coût moyen, excellente en ville et dans les embouteillages, sobre sur route et autoroute, 109 g de CO2 par km, rejets moyens"
ALFA ROMEO,STELVIO,diesel,"diesel gazole, très grand véhicule volumineux, performances courantes, 10.20 € aux 100 km, coût moyen, gros rouleur, 20 000 à 50 000 km par an, longues distances quotidiennes sur autoroute, grande autonomie par plein, famille nombreuse, cinq places et bagages, vacances, 159 g de CO2 par km, rejets moyens"
ALFA ROMEO,STELVIO QUADRIFOGLIO,petrol,"essence, voiture de sport légère, deux places, usage plaisir, sportive et très puissante, 20.65 € aux 100 km, chère à faire rouler, encombrement minimal, deuxième voiture, 267 g de CO2 par km, très polluante, malus écologique"
ALFA ROMEO,TONALE,diesel,"diesel gazole, familiale spacieuse, grand coffre, performances courantes, 9.01 € aux 100 km, coût moyen, gros rouleur, 20 000 à 50 000 km par an, longues distances quotidiennes sur autoroute, grande autonomie par plein, famille nombreuse, cinq places et bagages, vacances, 140 g de CO2 par km, rejets moyens"
ALFA ROMEO,TONALE,petrol,"essence, familiale spacieuse, grand coffre, performances courantes, 10.15 € aux 100 km, coût moyen, excellente en ville et dans les embouteillages, famille nombreuse, cinq places et bagages, vacances, 130 g de CO2 par km, rejets moyens"
ALFA ROMEO,TONALE,petrol/electric,"hybride essence sans prise, très grand véhicule volumineux, performances courantes, 2.45 € aux 100 km, très bon marché à l'usage, petit budget, sobre sur route et autoroute, famille nombreuse, cinq places et bagages, vacances, 31 g de CO2 par km, faibles rejets"
ALPINA,ALPINA B3 GT TOURING,petrol,"essence, voiture de sport légère, deux places, usage plaisir, sportive et très puissante, 18.55 € aux 100 km, chère à faire rouler, encombrement minimal, deuxième voiture, 241 g de CO2 par km, très polluante, malus écologique"
ALPINA,BMW ALPINA D3 S TOURING,diesel,"diesel gazole, très grand véhicule volumineux, sportive et très puissante, 11.73 € aux 100 km, coût moyen, excellente en ville et dans les embouteillages, gros rouleur, 20 000 à 50 000 km par an, longues distances quotidiennes sur autoroute, grande autonomie par plein, famille nombreuse, cinq places et bagages, vacances, 182 g de CO2 par km, très polluante, malus écologique"
ALPINA,BMW ALPINA XD3,diesel,"diesel gazole, véhicule très lourd et imposant, sportive et très puissante, 14.62 € aux 100 km, chère à faire rouler, gros rouleur, 20 000 à 50 000 km par an, longues distances quotidiennes sur autoroute, grande autonomie par plein, famille nombreuse, cinq places et bagages, vacances, 224 g de CO2 par km, très polluante, malus écologique"
ALPINA,BMW ALPINA XD4,diesel,"diesel gazole, véhicule très lourd et imposant, sportive et très puissante, 14.62 € aux 100 km, chère à faire rouler, gros rouleur, 20 000 à 50 000 km par an, longues distances quotidiennes sur autoroute, grande autonomie par plein, famille nombreuse, cinq places et bagages, vacances, 224 g de CO2 par km, très polluante, malus écologique"
ALPINE,A110,petrol,"essence, voiture de sport légère, deux places, usage plaisir, sportive et très puissante, 12.08 € aux 100 km, chère à faire rouler, encombrement minimal, deuxième voiture, 157 g de CO2 par km, rejets moyens"
ALPINE,A110 R ULTIME,petrol,"essence, voiture de sport légère, deux places, usage plaisir, sportive et très puissante, 13.12 € aux 100 km, chère à faire rouler, encombrement minimal, deuxième voiture, 170 g de CO2 par km, très polluante, malus écologique"
ALPINE,A110R,petrol,"essence, voiture de sport légère, deux places, usage plaisir, sportive et très puissante, 11.90 € aux 100 km, coût moyen, encombrement minimal, deuxième voiture, 155 g de CO2 par km, rejets moyens"
ALPINE,A290,electric,"électrique à batterie, se recharge sur borne, petite citadine maniable, bonnes reprises, 3.65 € aux 100 km, très bon marché à l'usage, petit budget, silencieuse en ville, trajets domicile-travail, zéro émission de CO2, aucune pollution à l'usage, la voiture la plus propre et la plus écologique, aucun rejet"
ALPINE,A390,electric,"électrique à batterie, se recharge sur borne, très grand véhicule volumineux, sportive et très puissante, 4.53 € aux 100 km, économique, silencieuse en ville, trajets domicile-travail, grande autonomie de 501 km, longs trajets possibles, famille nombreuse, cinq places et bagages, vacances, zéro émission de CO2, aucune pollution à l'usage, la voiture la plus propre et la plus écologique, aucun rejet"
ASTON MARTIN,DB12,petrol,"essence, voiture de sport légère, deux places, usage plaisir, sportive et très puissante, 21.35 € aux 100 km, chère à faire rouler, encombrement minimal, deuxième voiture, 276 g de CO2 par km, très polluante, malus écologique"
ASTON MARTIN,DB12 VOLANTE,petrol,"essence, voiture de sport légère, deux places, usage plaisir, sportive et très puissante, 21.35 € aux 100 km, chère à faire rouler, encombrement minimal, deuxième voiture, 276 g de CO2 par km, très polluante, malus écologique"
ASTON MARTIN,DBS 770 ULTIMATE,petrol,"essence, voiture de sport légère, deux places, usage plaisir, sportive et très puissante, 24.32 € aux 100 km, chère à faire rouler, encombrement minimal, deuxième voiture, 314 g de CO2 par km, très polluante, malus écologique"
ASTON MARTIN,DBX,petrol,"essence, voiture de sport légère, deux places, usage plaisir, sportive et très puissante, 25.03 € aux 100 km, chère à faire rouler, encombrement minimal, deuxième voiture, 323 g de CO2 par km, très polluante, malus écologique"
ASTON MARTIN,DBX S,petrol,"essence, voiture de sport légère, deux places, usage plaisir, sportive et très puissante, 25.03 € aux 100 km, chère à faire rouler, encombrement minimal, deuxième voiture, 323 g de CO2 par km, très polluante, malus écologique"
ASTON MARTIN,DBX707,petrol,"essence, voiture de sport légère, deux places, usage plaisir, sportive et très puissante, 24.85 € aux 100 km, chère à faire rouler, encombrement minimal, deuxième voiture, 323 g de CO2 par km, très polluante, malus écologique"
ASTON MARTIN,VALHALLA,petrol/electric,"hybride essence sans prise, voiture de sport légère, deux places, usage plaisir, sportive et très puissante, 21.35 € aux 100 km, chère à faire rouler, encombrement minimal, deuxième voiture, 275 g de CO2 par km, très polluante, malus écologique"
ASTON MARTIN,VALOUR,petrol,"essence, voiture de sport légère, deux places, usage plaisir, sportive et très puissante, 26.43 € aux 100 km, chère à faire rouler, encombrement minimal, deuxième voiture, 340 g de CO2 par km, très polluante, malus écologique"
ASTON MARTIN,VANQUISH,petrol,"essence, voiture de sport légère, deux places, usage plaisir, sportive et très puissante, 23.97 € aux 100 km, chère à faire rouler, encombrement minimal, deuxième voiture, 312 g de CO2 par km, très polluante, malus écologique"
ASTON MARTIN,VANQUISH VOLANTE,petrol,"essence, voiture de sport légère, deux places, usage plaisir, sportive et très puissante, 24.68 € aux 100 km, chère à faire rouler, encombrement minimal, deuxième voiture, 321 g de CO2 par km, très polluante, malus écologique"
ASTON MARTIN,VANTAGE,petrol,"essence, voiture de sport légère, deux places, usage plaisir, sportive et très puissante, 21.18 € aux 100 km, chère à faire rouler, encombrement minimal, deuxième voiture, 274 g de CO2 par km, très polluante, malus écologique"
ASTON MARTIN,VANTAGE ROADSTER,petrol,"essence, voiture de sport légère, deux places, usage plaisir, sportive et très puissante, 21.53 € aux 100 km, chère à faire rouler, encombrement minimal, deuxième voiture, 279 g de CO2 par km, très polluante, malus écologique"
ASTON MARTIN,VANTAGE S,petrol,"essence, voiture de sport légère, deux places, usage plaisir, sportive et très puissante, 21.18 € aux 100 km, chère à faire rouler, encombrement minimal, deuxième voiture, 274 g de CO2 par km, très polluante, malus écologique"
ASTON MARTIN,VANTAGE S ROADSTER,petrol,"essence, voiture de sport légère, deux places, usage plaisir, sportive et très puissante, 21.53 € aux 100 km, chère à faire rouler, encombrement minimal, deuxième voiture, 279 g de CO2 par km, très polluante, malus écologique"
AUDI,A1 ALLSTREET,petrol,"essence, petite citadine maniable, performances courantes, 10.50 € aux 100 km, coût moyen, facile en ville, 136 g de CO2 par km, rejets moyens"
AUDI,A1 SPORTBACK,petrol,"essence, petite citadine maniable, performances courantes, 9.80 € aux 100 km, coût moyen, facile en ville, 128 g de CO2 par km, rejets moyens"
AUDI,A3 40 TFSIE,petrol/electric,"hybride essence sans prise, compacte polyvalente, performances courantes, 1.93 € aux 100 km, très bon marché à l'usage, petit budget, facile en ville, sobre sur route et autoroute, 26 g de CO2 par km, faibles rejets"
AUDI,A3 45 TFSIE,petrol/electric,"hybride essence sans prise, familiale spacieuse, grand coffre, performances courantes, 2.27 € aux 100 km, très bon marché à l'usage, petit budget, sobre sur route et autoroute, famille nombreuse, cinq places et bagages, vacances, 30 g de CO2 par km, faibles rejets"
AUDI,A3 ALLSTREET,diesel,"diesel gazole, familiale spacieuse, grand coffre, performances courantes, 8.50 € aux 100 km, coût moyen, gros rouleur, 20 000 à 50 000 km par an, longues distances quotidiennes sur autoroute, grande autonomie par plein, famille nombreuse, cinq places et bagages, vacances, 132 g de CO2 par km, rejets moyens"
AUDI,A3 ALLSTREET,petrol,"essence, compacte polyvalente, bonnes reprises, 9.62 € aux 100 km, coût moyen, excellente en ville et dans les embouteillages, sobre sur route et autoroute, 124 g de CO2 par km, rejets moyens"
AUDI,A3 ALLSTREET,petrol,"essence, compacte polyvalente, bonnes reprises, 9.97 € aux 100 km, coût moyen, facile en ville, 131 g de CO2 par km, rejets moyens"
AUDI,A3 ALLSTREET PHEV 150,petrol/electric,"hybride essence sans prise, familiale spacieuse, grand coffre, performances courantes, 0.70 € aux 100 km, très bon marché à l'usage, petit budget, sobre sur route et autoroute, famille nombreuse, cinq places et bagages, vacances, 9 g de CO2 par km, faibles rejets"
AUDI,A3 LIMOUSINE,diesel,"diesel gazole, familiale spacieuse, grand coffre, performances courantes, 8.50 € aux 100 km, coût moyen, gros rouleur, 20 000 à 50 000 km par an, longues distances quotidiennes sur autoroute, grande autonomie par plein, famille nombreuse, cinq places et bagages, vacances, 131 g de CO2 par km, rejets moyens"
AUDI,A3 LIMOUSINE,petrol,"essence, compacte polyvalente, bonnes reprises, 9.45 € aux 100 km, coût moyen, excellente en ville et dans les embouteillages, sobre sur route et autoroute, 124 g de CO2 par km, rejets moyens"
AUDI,A3 LIMOUSINE,petrol,"essence, compacte polyvalente, bonnes reprises, 9.97 € aux 100 km, coût moyen, facile en ville, 130 g de CO2 par km, rejets moyens"
AUDI,A3 SPORTBACK,diesel,"diesel gazole, familiale spacieuse, grand coffre, performances courantes, 8.67 € aux 100 km, coût moyen, gros rouleur, 20 000 à 50 000 km par an, longues distances quotidiennes sur autoroute, grande autonomie par plein, famille nombreuse, cinq places et bagages, vacances, 135 g de CO2 par km, rejets moyens"
AUDI,A3 SPORTBACK,petrol,"essence, compacte polyvalente, bonnes reprises, 9.80 € aux 100 km, coût moyen, excellente en ville et dans les embouteillages, 127 g de CO2 par km, rejets moyens"
AUDI,A3 SPORTBACK,petrol,"essence, compacte polyvalente, bonnes reprises, 9.80 € aux 100 km, coût moyen, facile en ville, 128 g de CO2 par km, rejets moyens"
AUDI,A3 SPORTBACK PHEV 150,petrol/electric,"hybride essence sans prise, familiale spacieuse, grand coffre, performances courantes, 0.70 € aux 100 km, très bon marché à l'usage, petit budget, sobre sur route et autoroute, famille nombreuse, cinq places et bagages, vacances, 8 g de CO2 par km, faibles rejets"
AUDI,A3 SPORTBACK PHEV 200,petrol/electric,"hybride essence sans prise, familiale spacieuse, grand coffre, bonnes reprises, 0.70 € aux 100 km, très bon marché à l'usage, petit budget, sobre sur route et autoroute, famille nombreuse, cinq places et bagages, vacances, 8 g de CO2 par km, faibles rejets"
AUDI,A4 ALLROAD QUATTRO,diesel,"diesel gazole, familiale spacieuse, grand coffre, bonnes reprises, 10.03 € aux 100 km, coût moyen, excellente en ville et dans les embouteillages, gros rouleur, 20 000 à 50 000 km par an, longues distances quotidiennes sur autoroute, grande autonomie par plein, famille nombreuse, cinq places et bagages, vacances, 155 g de CO2 par km, rejets moyens"
AUDI,A4 AVANT,diesel,"diesel gazole, familiale spacieuse, grand coffre, performances courantes, 8.50 € aux 100 km, coût moyen, excellente en ville et dans les embouteillages, gros rouleur, 20 000 à 50 000 km par an, longues distances quotidiennes sur autoroute, grande autonomie par plein, famille nombreuse, cinq places et bagages, vacances, 131 g de CO2 par km, rejets moyens"
AUDI,A4 AVANT,petrol,"essence, familiale spacieuse, grand coffre, performances courantes, 11.72 € aux 100 km, coût moyen, excellente en ville et dans les embouteillages, famille nombreuse, cinq places et bagages, vacances, 152 g de CO2 par km, rejets moyens"
AUDI,A4 LIMOUSINE,diesel,"diesel gazole, familiale spacieuse, grand coffre, performances courantes, 8.16 € aux 100 km, coût moyen, excellente en ville et dans les embouteillages, gros rouleur, 20 000 à 50 000 km par an, longues distances quotidiennes sur autoroute, grande autonomie par plein, famille nombreuse, cinq places et bagages, vacances, 125 g de CO2 par km, rejets moyens"
AUDI,A4 LIMOUSINE,petrol,"essence, familiale spacieuse, grand coffre, performances courantes, 11.55 € aux 100 km, coût moyen, excellente en ville et dans les embouteillages, famille nombreuse, cinq places et bagages, vacances, 149 g de CO2 par km, rejets moyens"
AUDI,A5 AVANT,diesel,"diesel gazole, très grand véhicule volumineux, bonnes reprises, 8.67 € aux 100 km, coût moyen, excellente en ville et dans les embouteillages, gros rouleur, 20 000 à 50 000 km par an, longues distances quotidiennes sur autoroute, grande autonomie par plein, famille nombreuse, cinq places et bagages, vacances, 133 g de CO2 par km, rejets moyens"
AUDI,A5 AVANT,petrol,"essence, très grand véhicule volumineux, bonnes reprises, 12.42 € aux 100 km, chère à faire rouler, famille nombreuse, cinq places et bagages, vacances, 161 g de CO2 par km, très polluante, malus écologique"
AUDI,A5 AVANT 220KW TFSI E,petrol/electric,"hybride essence sans prise, très grand véhicule volumineux, bonnes reprises, 4.55 € aux 100 km, économique, sobre sur route et autoroute, famille nombreuse, cinq places et bagages, vacances, 59 g de CO2 par km, faibles rejets"
AUDI,A5 AVANT 270KW TFSI E,petrol/electric,"hybride essence sans prise, très grand véhicule volumineux, bonnes reprises, 4.55 € aux 100 km, économique, sobre sur route et autoroute, famille nombreuse, cinq places et bagages, vacances, 59 g de CO2 par km, faibles rejets"
AUDI,A5 COUPE,diesel,"diesel gazole, familiale spacieuse, grand coffre, bonnes reprises, 8.84 € aux 100 km, coût moyen, excellente en ville et dans les embouteillages, gros rouleur, 20 000 à 50 000 km par an, longues distances quotidiennes sur autoroute, grande autonomie par plein, famille nombreuse, cinq places et bagages, vacances, 135 g de CO2 par km, rejets moyens"
AUDI,A5 COUPE,petrol,"essence, familiale spacieuse, grand coffre, performances courantes, 11.90 € aux 100 km, coût moyen, excellente en ville et dans les embouteillages, famille nombreuse, cinq places et bagages, vacances, 155 g de CO2 par km, rejets moyens"
AUDI,A5 LIM 220KW TFSI E,petrol/electric,"hybride essence sans prise, très grand véhicule volumineux, bonnes reprises, 4.55 € aux 100 km, économique, sobre sur route et autoroute, famille nombreuse, cinq places et bagages, vacances, 58 g de CO2 par km, faibles rejets"
AUDI,A5 LIM 270KW TFSI E,petrol/electric,"hybride essence sans prise, très grand véhicule volumineux, bonnes reprises, 4.55 € aux 100 km, économique, sobre sur route et autoroute, famille nombreuse, cinq places et bagages, vacances, 59 g de CO2 par km, faibles rejets"
AUDI,A5 LIMOUSINE,diesel,"diesel gazole, très grand véhicule volumineux, bonnes reprises, 8.50 € aux 100 km, coût moyen, excellente en ville et dans les embouteillages, gros rouleur, 20 000 à 50 000 km par an, longues distances quotidiennes sur autoroute, grande autonomie par plein, famille nombreuse, cinq places et bagages, vacances, 130 g de CO2 par km, rejets moyens"
AUDI,A5 LIMOUSINE,petrol,"essence, très grand véhicule volumineux, bonnes reprises, 12.42 € aux 100 km, chère à faire rouler, famille nombreuse, cinq places et bagages, vacances, 161 g de CO2 par km, très polluante, malus écologique"
AUDI,A5 SPORTBACK,diesel,"diesel gazole, familiale spacieuse, grand coffre, bonnes reprises, 9.69 € aux 100 km, coût moyen, excellente en ville et dans les embouteillages, gros rouleur, 20 000 à 50 000 km par an, longues distances quotidiennes sur autoroute, grande autonomie par plein, famille nombreuse, cinq places et bagages, vacances, 148 g de CO2 par km, rejets moyens"
AUDI,A5 SPORTBACK,petrol,"essence, familiale spacieuse, grand coffre, bonnes reprises, 12.08 € aux 100 km, chère à faire rouler, excellente en ville et dans les embouteillages, famille nombreuse, cinq places et bagages, vacances, 158 g de CO2 par km, rejets moyens"
AUDI,A6 50 TFSI E,petrol/electric,"hybride essence sans prise, très grand véhicule volumineux, bonnes reprises, 2.27 € aux 100 km, très bon marché à l'usage, petit budget, sobre sur route et autoroute, famille nombreuse, cinq places et bagages, vacances, 29 g de CO2 par km, faibles rejets"
AUDI,A6 55 TFSI E,petrol/electric,"hybride essence sans prise, très grand véhicule volumineux, bonnes reprises, 2.27 € aux 100 km, très bon marché à l'usage, petit budget, sobre sur route et autoroute, famille nombreuse, cinq places et bagages, vacances, 30 g de CO2 par km, faibles rejets"
AUDI,A6 ALLROAD QUATTRO,diesel,"diesel gazole, très grand véhicule volumineux, bonnes reprises, 10.71 € aux 100 km, coût moyen, excellente en ville et dans les embouteillages, gros rouleur, 20 000 à 50 000 km par an, longues distances quotidiennes sur autoroute, grande autonomie par plein, famille nombreuse, cinq places et bagages, vacances, 166 g de CO2 par km, très polluante, malus écologique"
AUDI,A6 AV E-TRON,electric,"électrique à batterie, se recharge sur borne, très grand véhicule volumineux, bonnes reprises, 3.34 € aux 100 km, très bon marché à l'usage, petit budget, silencieuse en ville, trajets domicile-travail, grande autonomie de 567 km, longs trajets possibles, famille nombreuse, cinq places et bagages, vacances, zéro émission de CO2, aucune pollution à l'usage, la voiture la plus propre et la plus écologique, aucun rejet"
AUDI,A6 AV E-TRON PERFORMANCE,electric,"électrique à batterie, se recharge sur borne, très grand véhicule volumineux, sportive et très puissante, 3.65 € aux 100 km, très bon marché à l'usage, petit budget, silencieuse en ville, trajets domicile-travail, grande autonomie de 647 km, longs trajets possibles, famille nombreuse, cinq places et bagages, vacances, zéro émission de CO2, aucune pollution à l'usage, la voiture la plus propre et la plus écologique, aucun rejet"
AUDI,A6 AV E-TRON QUATTRO,electric,"électrique à batterie, se recharge sur borne, véhicule très lourd et imposant, sportive et très puissante, 3.75 € aux 100 km, très bon marché à l'usage, petit budget, silencieuse en ville, trajets domicile-travail, grande autonomie de 623 km, longs trajets possibles, famille nombreuse, cinq places et bagages, vacances, zéro émission de CO2, aucune pollution à l'usage, la voiture la plus propre et la plus écologique, aucun rejet"
AUDI,A6 AVANT,diesel,"diesel gazole, très grand véhicule volumineux, bonnes reprises, 9.86 € aux 100 km, coût moyen, excellente en ville et dans les embouteillages, gros rouleur, 20 000 à 50 000 km par an, longues distances quotidiennes sur autoroute, grande autonomie par plein, famille nombreuse, cinq places et bagages, vacances, 150 g de CO2 par km, rejets moyens"
AUDI,A6 AVANT,petrol,"essence, très grand véhicule volumineux, bonnes reprises, 13.12 € aux 100 km, chère à faire rouler, excellente en ville et dans les embouteillages, famille nombreuse, cinq places et bagages, vacances, 171 g de CO2 par km, très polluante, malus écologique"
AUDI,A6 AVANT 220KW TFSI E,petrol/electric,"hybride essence sans prise, véhicule très lourd et imposant, bonnes reprises, 4.55 € aux 100 km, économique, sobre sur route et autoroute, famille nombreuse, cinq places et bagages, vacances, 59 g de CO2 par km, faibles rejets"
AUDI,A6 AVANT 270KW TFSI E,petrol/electric,"hybride essence sans prise, véhicule très lourd et imposant, bonnes reprises, 4.73 € aux 100 km, économique, sobre sur route et autoroute, famille nombreuse, cinq places et bagages, vacances, 61 g de CO2 par km, faibles rejets"
AUDI,A6 AVANT 50 TFSI E,petrol/electric,"hybride essence sans prise, très grand véhicule volumineux, bonnes reprises, 2.62 € aux 100 km, très bon marché à l'usage, petit budget, sobre sur route et autoroute, famille nombreuse, cinq places et bagages, vacances, 35 g de CO2 par km, faibles rejets"
AUDI,A6 AVANT 55 TFSI E,petrol/electric,"hybride essence sans prise, très grand véhicule volumineux, bonnes reprises, 2.62 € aux 100 km, très bon marché à l'usage, petit budget, sobre sur route et autoroute, famille nombreuse, cinq places et bagages, vacances, 35 g de CO2 par km, faibles rejets"
AUDI,A6 LIM 220KW TFSI E,petrol/electric,"hybride essence sans prise, véhicule très lourd et imposant, bonnes reprises, 4.38 € aux 100 km, économique, sobre sur route et autoroute, famille nombreuse, cinq places et bagages, vacances, 57 g de CO2 par km, faibles rejets"
AUDI,A6 LIM 270KW TFSI E,petrol/electric,"hybride essence sans prise, véhicule très lourd et imposant, bonnes reprises, 4.55 € aux 100 km, économique, sobre sur route et autoroute, famille nombreuse, cinq places et bagages, vacances, 58 g de CO2 par km, faibles rejets"
AUDI,A6 LIMOUSINE,diesel,"diesel gazole, familiale spacieuse, grand coffre, performances courantes, 9.35 € aux 100 km, coût moyen, excellente en ville et dans les embouteillages, gros rouleur, 20 000 à 50 000 km par an, longues distances quotidiennes sur autoroute, grande autonomie par plein, famille nombreuse, cinq places et bagages, vacances, 142 g de CO2 par km, rejets moyens"
AUDI,A6 LIMOUSINE,petrol,"essence, familiale spacieuse, grand coffre, sportive et très puissante, 12.69 € aux 100 km, chère à faire rouler, excellente en ville et dans les embouteillages, famille nombreuse, cinq places et bagages, vacances, 164 g de CO2 par km, très polluante, malus écologique"
AUDI,A6 SB E-TRON,electric,"électrique à batterie, se recharge sur borne, très grand véhicule volumineux, bonnes reprises, 3.15 € aux 100 km, très bon marché à l'usage, petit budget, silencieuse en ville, trajets domicile-travail, grande autonomie de 603 km, longs trajets possibles, famille nombreuse, cinq places et bagages, vacances, zéro émission de CO2, aucune pollution à l'usage, la voiture la plus propre et la plus écologique, aucun rejet"
AUDI,A6 SB E-TRON PERFORMANCE,electric,"électrique à batterie, se recharge sur borne, très grand véhicule volumineux, sportive et très puissante, 3.39 € aux 100 km, très bon marché à l'usage, petit budget, silencieuse en ville, trajets domicile-travail, grande autonomie de 696 km, longs trajets possibles, famille nombreuse, cinq places et bagages, vacances, zéro émission de CO2, aucune pollution à l'usage, la voiture la plus propre et la plus écologique, aucun rejet"
AUDI,A6 SB E-TRON QUATTRO,electric,"électrique à batterie, se recharge sur borne, véhicule très lourd et imposant, sportive et très puissante, 3.39 € aux 100 km, très bon marché à l'usage, petit budget, silencieuse en ville, trajets domicile-travail, grande autonomie de 689 km, longs trajets possibles, famille nombreuse, cinq places et bagages, vacances, zéro émission de CO2, aucune pollution à l'usage, la voiture la plus propre et la plus écologique, aucun rejet"
AUDI,A7 50 TFSI E,petrol/electric,"hybride essence sans prise, très grand véhicule volumineux, bonnes reprises, 2.62 € aux 100 km, très bon marché à l'usage, petit budget, sobre sur route et autoroute, famille nombreuse, cinq places et bagages, vacances, 35 g de CO2 par km, faibles rejets"
AUDI,A7 55 TFSI E,petrol/electric,"hybride essence sans prise, très grand véhicule volumineux, bonnes reprises, 2.80 € aux 100 km, très bon marché à l'usage, petit budget, sobre sur route et autoroute, famille nombreuse, cinq places et bagages, vacances, 35 g de CO2 par km, faibles rejets"
AUDI,A8,petrol/electric,"hybride essence sans prise, véhicule très lourd et imposant, bonnes reprises, 3.15 € aux 100 km, très bon marché à l'usage, petit budget, sobre sur route et autoroute, famille nombreuse, cinq places et bagages, vacances, 42 g de CO2 par km, faibles rejets"
AUDI,AUDI A6 AVANT,diesel,"diesel gazole, véhicule très lourd et imposant, performances courantes, 9.69 € aux 100 km, coût moyen, excellente en ville et dans les embouteillages, gros rouleur, 20 000 à 50 000 km par an, longues distances quotidiennes sur autoroute, grande autonomie par plein, famille nombreuse, cinq places et bagages, vacances, 148 g de CO2 par km, rejets moyens"
AUDI,AUDI A6 LIMOUSINE,diesel,"diesel gazole, très grand véhicule volumineux, performances courantes, 8.92 € aux 100 km, coût moyen, excellente en ville et dans les embouteillages, gros rouleur, 20 000 à 50 000 km par an, longues distances quotidiennes sur autoroute, grande autonomie par plein, famille nombreuse, cinq places et bagages, vacances, 137 g de CO2 par km, rejets moyens"
AUDI,AUDI Q5,diesel,"diesel gazole, très grand véhicule volumineux, performances courantes, 10.71 € aux 100 km, coût moyen, excellente en ville et dans les embouteillages, gros rouleur, 20 000 à 50 000 km par an, longues distances quotidiennes sur autoroute, grande autonomie par plein, famille nombreuse, cinq places et bagages, vacances, 166 g de CO2 par km, très polluante, malus écologique"
AUDI,AUDI Q5,petrol,"essence, très grand véhicule volumineux, performances courantes, 12.95 € aux 100 km, chère à faire rouler, excellente en ville et dans les embouteillages, famille nombreuse, cinq places et bagages, vacances, 168 g de CO2 par km, très polluante, malus écologique"
AUDI,AUDI Q5 SB,diesel,"diesel gazole, très grand véhicule volumineux, performances courantes, 10.54 € aux 100 km, coût moyen, excellente en ville et dans les embouteillages, gros rouleur, 20 000 à 50 000 km par an, longues distances quotidiennes sur autoroute, grande autonomie par plein, famille nombreuse, cinq places et bagages, vacances, 163 g de CO2 par km, très polluante, malus écologique"
AUDI,AUDI Q5 SB,petrol,"essence, très grand véhicule volumineux, performances courantes, 13.12 € aux 100 km, chère à faire rouler, excellente en ville et dans les embouteillages, famille nombreuse, cinq places et bagages, vacances, 169 g de CO2 par km, très polluante, malus écologique"
AUDI,AUDI SQ5,petrol,"essence, véhicule très lourd et imposant, sportive et très puissante, 14.70 € aux 100 km, chère à faire rouler, excellente en ville et dans les embouteillages, famille nombreuse, cinq places et bagages, vacances, 191 g de CO2 par km, très polluante, malus écologique"
AUDI,AUDI SQ5 SB,petrol,"essence, véhicule très lourd et imposant, sportive et très puissante, 14.53 € aux 100 km, chère à faire rouler, excellente en ville et dans les embouteillages, famille nombreuse, cinq places et bagages, vacances, 189 g de CO2 par km, très polluante, malus écologique"
AUDI,E-TRON GT,electric,"électrique à batterie, se recharge sur borne, voiture de sport légère, deux places, usage plaisir, sportive et très puissante, 3.98 € aux 100 km, très bon marché à l'usage, petit budget, grande autonomie de 611 km, longs trajets possibles, encombrement minimal, deuxième voiture, zéro émission de CO2, aucune pollution à l'usage, la voiture la plus propre et la plus écologique, aucun rejet"
AUDI,E-TRON SPORTBACK 55,electric,"électrique à batterie, se recharge sur borne, véhicule très lourd et imposant, sportive et très puissante, 5.18 € aux 100 km, économique, silencieuse en ville, trajets domicile-travail, famille nombreuse, cinq places et bagages, vacances, zéro émission de CO2, aucune pollution à l'usage, la voiture la plus propre et la plus écologique, aucun rejet"
AUDI,Q2,diesel,"diesel gazole, familiale spacieuse, grand coffre, performances courantes, 9.35 € aux 100 km, coût moyen, gros rouleur, 20 000 à 50 000 km par an, longues distances quotidiennes sur autoroute, grande autonomie par plein, famille nombreuse, cinq places et bagages, vacances, 145 g de CO2 par km, rejets moyens"
AUDI,Q2,petrol,"essence, compacte polyvalente, bonnes reprises, 10.85 € aux 100 km, coût moyen, facile en ville, 140 g de CO2 par km, rejets moyens"
AUDI,Q3,diesel,"diesel gazole, familiale spacieuse, grand coffre, performances courantes, 9.35 € aux 100 km, coût moyen, gros rouleur, 20 000 à 50 000 km par an, longues distances quotidiennes sur autoroute, grande autonomie par plein, famille nombreuse, cinq places et bagages, vacances, 144 g de CO2 par km, rejets moyens"
AUDI,Q3,petrol,"essence, familiale spacieuse, grand coffre, performances courantes, 11.03 € aux 100 km, coût moyen, excellente en ville et dans les embouteillages, famille nombreuse, cinq places et bagages, vacances, 143 g de CO2 par km, rejets moyens"
AUDI,Q3,petrol,"essence, familiale spacieuse, grand coffre, performances courantes, 11.55 € aux 100 km, coût moyen, famille nombreuse, cinq places et bagages, vacances, 150 g de CO2 par km, rejets moyens"
AUDI,Q3 200KW TFSI E,petrol/electric,"hybride essence sans prise, très grand véhicule volumineux, performances courantes, 3.50 € aux 100 km, très bon marché à l'usage, petit budget, sobre sur route et autoroute, famille nombreuse, cinq places et bagages, vacances, 45 g de CO2 par km, faibles rejets"
AUDI,Q3 E-TRON,petrol/electric,"hybride essence sans prise, familiale spacieuse, grand coffre, performances courantes, 2.80 € aux 100 km, très bon marché à l'usage, petit budget, sobre sur route et autoroute, famille nombreuse, cinq places et bagages, vacances, 37 g de CO2 par km, faibles rejets"
AUDI,Q3 SB 200KW TFSI E,petrol/electric,"hybride essence sans prise, très grand véhicule volumineux, performances courantes, 3.50 € aux 100 km, très bon marché à l'usage, petit budget, sobre sur route et autoroute, famille nombreuse, cinq places et bagages, vacances, 46 g de CO2 par km, faibles rejets"
AUDI,Q3 SPORTBACK,diesel,"diesel gazole, familiale spacieuse, grand coffre, performances courantes, 9.52 € aux 100 km, coût moyen, gros rouleur, 20 000 à 50 000 km par an, longues distances quotidiennes sur autoroute, grande autonomie par plein, famille nombreuse, cinq places et bagages, vacances, 146 g de CO2 par km, rejets moyens"
AUDI,Q3 SPORTBACK,petrol,"essence, familiale spacieuse, grand coffre, performances courantes, 11.20 € aux 100 km, coût moyen, excellente en ville et dans les embouteillages, famille nombreuse, cinq places et bagages, vacances, 145 g de CO2 par km, rejets moyens"
AUDI,Q3 SPORTBACK,petrol,"essence, familiale spacieuse, grand coffre, performances courantes, 11.72 € aux 100 km, coût moyen, famille nombreuse, cinq places et bagages, vacances, 152 g de CO2 par km, rejets moyens"
AUDI,Q3 SPORTBACK E-TRON,petrol/electric,"hybride essence sans prise, familiale spacieuse, grand coffre, performances courantes, 2.45 € aux 100 km, très bon marché à l'usage, petit budget, sobre sur route et autoroute, famille nombreuse, cinq places et bagages, vacances, 32 g de CO2 par km, faibles rejets"
AUDI,Q4 40 E-TRON,electric,"électrique à batterie, se recharge sur borne, très grand véhicule volumineux, performances courantes, 3.72 € aux 100 km, très bon marché à l'usage, petit budget, silencieuse en ville, trajets domicile-travail, grande autonomie de 521 km, longs trajets possibles, famille nombreuse, cinq places et bagages, vacances, zéro émission de CO2, aucune pollution à l'usage, la voiture la plus propre et la plus écologique, aucun rejet"
AUDI,Q4 45 E-TRON,electric,"électrique à batterie, se recharge sur borne, très grand véhicule volumineux, bonnes reprises, 3.65 € aux 100 km, très bon marché à l'usage, petit budget, silencieuse en ville, trajets domicile-travail, grande autonomie de 543 km, longs trajets possibles, famille nombreuse, cinq places et bagages, vacances, zéro émission de CO2, aucune pollution à l'usage, la voiture la plus propre et la plus écologique, aucun rejet"
AUDI,Q4 55 E-TRON,electric,"électrique à batterie, se recharge sur borne, très grand véhicule volumineux, sportive et très puissante, 3.86 € aux 100 km, très bon marché à l'usage, petit budget, silencieuse en ville, trajets domicile-travail, grande autonomie de 501 km, longs trajets possibles, famille nombreuse, cinq places et bagages, vacances, zéro émission de CO2, aucune pollution à l'usage, la voiture la plus propre et la plus écologique, aucun rejet"
AUDI,Q4 SPORTBACK 45 E-TRON,electric,"électrique à batterie, se recharge sur borne, très grand véhicule volumineux, bonnes reprises, 3.54 € aux 100 km, très bon marché à l'usage, petit budget, silencieuse en ville, trajets domicile-travail, grande autonomie de 559 km, longs trajets possibles, famille nombreuse, cinq places et bagages, vacances, zéro émission de CO2, aucune pollution à l'usage, la voiture la plus propre et la plus écologique, aucun rejet"
AUDI,Q4 SPORTBACK 55 E-TRON,electric,"électrique à batterie, se recharge sur borne, très grand véhicule volumineux, sportive et très puissante, 3.74 € aux 100 km, très bon marché à l'usage, petit budget, silencieuse en ville, trajets domicile-travail, grande autonomie de 516 km, longs trajets possibles, famille nombreuse, cinq places et bagages, vacances, zéro émission de CO2, aucune pollution à l'usage, la voiture la plus propre et la plus écologique, aucun rejet"
AUDI,Q5,diesel,"diesel gazole, très grand véhicule volumineux, performances courantes, 10.03 € aux 100 km, coût moyen, excellente en ville et dans les embouteillages, gros rouleur, 20 000 à 50 000 km par an, longues distances quotidiennes sur autoroute, grande autonomie par plein, famille nombreuse, cinq places et bagages, vacances, 153 g de CO2 par km, rejets moyens"
AUDI,Q5,petrol,"essence, très grand véhicule volumineux, bonnes reprises, 12.60 € aux 100 km, chère à faire rouler, excellente en ville et dans les embouteillages, famille nombreuse, cinq places et bagages, vacances, 157 g de CO2 par km, rejets moyens"
AUDI,Q5 220KW TFSI E,petrol/electric,"hybride essence sans prise, véhicule très lourd et imposant, bonnes reprises, 5.08 € aux 100 km, économique, sobre sur route et autoroute, famille nombreuse, cinq places et bagages, vacances, 66 g de CO2 par km, faibles rejets"
AUDI,Q5 270KW TFSI E,petrol/electric,"hybride essence sans prise, véhicule très lourd et imposant, bonnes reprises, 5.25 € aux 100 km, économique, sobre sur route et autoroute, famille nombreuse, cinq places et bagages, vacances, 69 g de CO2 par km, faibles rejets"
AUDI,Q5 50 TFSI E,petrol/electric,"hybride essence sans prise, très grand véhicule volumineux, bonnes reprises, 3.15 € aux 100 km, très bon marché à l'usage, petit budget, sobre sur route et autoroute, famille nombreuse, cinq places et bagages, vacances, 40 g de CO2 par km, faibles rejets"
AUDI,Q5 55 TFSI E,petrol/electric,"hybride essence sans prise, très grand véhicule volumineux, bonnes reprises, 3.15 € aux 100 km, très bon marché à l'usage, petit budget, sobre sur route et autoroute, famille nombreuse, cinq places et bagages, vacances, 40 g de CO2 par km, faibles rejets"
AUDI,Q5 SB,diesel,"diesel gazole, très grand véhicule volumineux, performances courantes, 10.71 € aux 100 km, coût moyen, excellente en ville et dans les embouteillages, gros rouleur, 20 000 à 50 000 km par an, longues distances quotidiennes sur autoroute, grande autonomie par plein, famille nombreuse, cinq places et bagages, vacances, 167 g de CO2 par km, très polluante, malus écologique"
AUDI,Q5 SB,petrol,"essence, très grand véhicule volumineux, bonnes reprises, 12.60 € aux 100 km, chère à faire rouler, excellente en ville et dans les embouteillages, famille nombreuse, cinq places et bagages, vacances, 152 g de CO2 par km, rejets moyens"
AUDI,Q5 SB 220KW TFSI E,petrol/electric,"hybride essence sans prise, véhicule très lourd et imposant, bonnes reprises, 5.08 € aux 100 km, économique, sobre sur route et autoroute, famille nombreuse, cinq places et bagages, vacances, 65 g de CO2 par km, faibles rejets"
AUDI,Q5 SB 270KW TFSI E,petrol/electric,"hybride essence sans prise, véhicule très lourd et imposant, bonnes reprises, 5.25 € aux 100 km, économique, sobre sur route et autoroute, famille nombreuse, cinq places et bagages, vacances, 68 g de CO2 par km, faibles rejets"
AUDI,Q5 SPORTBACK,diesel,"diesel gazole, très grand véhicule volumineux, performances courantes, 10.20 € aux 100 km, coût moyen, excellente en ville et dans les embouteillages, gros rouleur, 20 000 à 50 000 km par an, longues distances quotidiennes sur autoroute, grande autonomie par plein, famille nombreuse, cinq places et bagages, vacances, 156 g de CO2 par km, rejets moyens"
AUDI,Q5 SPORTBACK,petrol,"essence, très grand véhicule volumineux, bonnes reprises, 15.75 € aux 100 km, chère à faire rouler, excellente en ville et dans les embouteillages, famille nombreuse, cinq places et bagages, vacances, 204 g de CO2 par km, très polluante, malus écologique"
AUDI,Q5 SPORTBACK 50 TFSI E,petrol/electric,"hybride essence sans prise, très grand véhicule volumineux, bonnes reprises, 3.15 € aux 100 km, très bon marché à l'usage, petit budget, sobre sur route et autoroute, famille nombreuse, cinq places et bagages, vacances, 41 g de CO2 par km, faibles rejets"
AUDI,Q5 SPORTBACK 55 TFSI E,petrol/electric,"hybride essence sans prise, très grand véhicule volumineux, bonnes reprises, 3.15 € aux 100 km, très bon marché à l'usage, petit budget, sobre sur route et autoroute, famille nombreuse, cinq places et bagages, vacances, 41 g de CO2 par km, faibles rejets"
AUDI,Q6 SB E-TRON,electric,"électrique à batterie, se recharge sur borne, très grand véhicule volumineux, bonnes reprises, 3.72 € aux 100 km, très bon marché à l'usage, petit budget, silencieuse en ville, trajets domicile-travail, grande autonomie de 506 km, longs trajets possibles, famille nombreuse, cinq places et bagages, vacances, zéro émission de CO2, aucune pollution à l'usage, la voiture la plus propre et la plus écologique, aucun rejet"
AUDI,Q6 SB E-TRON PERFORMANCE,electric,"électrique à batterie, se recharge sur borne, très grand véhicule volumineux, bonnes reprises, 3.89 € aux 100 km, très bon marché à l'usage, petit budget, silencieuse en ville, trajets domicile-travail, grande autonomie de 603 km, longs trajets possibles, famille nombreuse, cinq places et bagages, vacances, zéro émission de CO2, aucune pollution à l'usage, la voiture la plus propre et la plus écologique, aucun rejet"
AUDI,Q6 SB E-TRON QUATTRO,electric,"électrique à batterie, se recharge sur borne, véhicule très lourd et imposant, sportive et très puissante, 4.03 € aux 100 km, économique, silencieuse en ville, trajets domicile-travail, grande autonomie de 582 km, longs trajets possibles, famille nombreuse, cinq places et bagages, vacances, zéro émission de CO2, aucune pollution à l'usage, la voiture la plus propre et la plus écologique, aucun rejet"
AUDI,Q6 SUV E-TRON,electric,"électrique à batterie, se recharge sur borne, très grand véhicule volumineux, bonnes reprises, 3.61 € aux 100 km, très bon marché à l'usage, petit budget, silencieuse en ville, trajets domicile-travail, grande autonomie de 523 km, longs trajets possibles, famille nombreuse, cinq places et bagages, vacances, zéro émission de CO2, aucune pollution à l'usage, la voiture la plus propre et la plus écologique, aucun rejet"
AUDI,Q6 SUV E-TRON PERFORMANCE,electric,"électrique à batterie, se recharge sur borne, très grand véhicule volumineux, bonnes reprises, 4.03 € aux 100 km, économique, silencieuse en ville, trajets domicile-travail, grande autonomie de 583 km, longs trajets possibles, famille nombreuse, cinq places et bagages, vacances, zéro émission de CO2, aucune pollution à l'usage, la voiture la plus propre et la plus écologique, aucun rejet"
AUDI,Q6 SUV E-TRON QUATTRO,electric,"électrique à batterie, se recharge sur borne, véhicule très lourd et imposant, sportive et très puissante, 4.16 € aux 100 km, économique, silencieuse en ville, trajets domicile-travail, grande autonomie de 562 km, longs trajets possibles, famille nombreuse, cinq places et bagages, vacances, zéro émission de CO2, aucune pollution à l'usage, la voiture la plus propre et la plus écologique, aucun rejet"
AUDI,Q7,diesel,"diesel gazole, véhicule très lourd et imposant, bonnes reprises, 13.77 € aux 100 km, chère à faire rouler, excellente en ville et dans les embouteillages, gros rouleur, 20 000 à 50 000 km par an, longues distances quotidiennes sur autoroute, grande autonomie par plein, famille nombreuse, cinq places et bagages, vacances, 213 g de CO2 par km, très polluante, malus écologique"
AUDI,Q7 55 TFSI E,petrol/electric,"hybride essence sans prise, véhicule très lourd et imposant, bonnes reprises, 2.27 € aux 100 km, très bon marché à l'usage, petit budget, sobre sur route et autoroute, famille nombreuse, cinq places et bagages, vacances, 30 g de CO2 par km, faibles rejets"
AUDI,Q7 60 TFSI E,petrol/electric,"hybride essence sans prise, véhicule très lourd et imposant, bonnes reprises, 2.45 € aux 100 km, très bon marché à l'usage, petit budget, sobre sur route et autoroute, famille nombreuse, cinq places et bagages, vacances, 31 g de CO2 par km, faibles rejets"
AUDI,Q8 50 E-TRON,electric,"électrique à batterie, se recharge sur borne, véhicule très lourd et imposant, bonnes reprises, 4.86 € aux 100 km, économique, silencieuse en ville, trajets domicile-travail, grande autonomie de 447 km, longs trajets possibles, famille nombreuse, cinq places et bagages, vacances, zéro émission de CO2, aucune pollution à l'usage, la voiture la plus propre et la plus écologique, aucun rejet"
AUDI,Q8 55 E-TRON,electric,"électrique à batterie, se recharge sur borne, véhicule très lourd et imposant, sportive et très puissante, 5.05 € aux 100 km, économique, silencieuse en ville, trajets domicile-travail, grande autonomie de 515 km, longs trajets possibles, famille nombreuse, cinq places et bagages, vacances, zéro émission de CO2, aucune pollution à l'usage, la voiture la plus propre et la plus écologique, aucun rejet"
AUDI,Q8 55 TFSI E,petrol/electric,"hybride essence sans prise, véhicule très lourd et imposant, bonnes reprises, 2.62 € aux 100 km, très bon marché à l'usage, petit budget, sobre sur route et autoroute, famille nombreuse, cinq places et bagages, vacances, 34 g de CO2 par km, faibles rejets"
AUDI,Q8 60 TFSI E,petrol/electric,"hybride essence sans prise, véhicule très lourd et imposant, bonnes reprises, 2.62 € aux 100 km, très bon marché à l'usage, petit budget, sobre sur route et autoroute, famille nombreuse, cinq places et bagages, vacances, 34 g de CO2 par km, faibles rejets"
AUDI,Q8 E-TRON DAKAR,electric,"électrique à batterie, se recharge sur borne, véhicule très lourd et imposant, sportive et très puissante, 6.38 € aux 100 km, économique, silencieuse en ville, trajets domicile-travail, autonomie limitée de 233 km, trajets courts seulement, famille nombreuse, cinq places et bagages, vacances, zéro émission de CO2, aucune pollution à l'usage, la voiture la plus propre et la plus écologique, aucun rejet"
AUDI,Q8 SPORTBACK 50 E-TRON,electric,"électrique à batterie, se recharge sur borne, véhicule très lourd et imposant, bonnes reprises, 4.69 € aux 100 km, économique, silencieuse en ville, trajets domicile-travail, grande autonomie de 465 km, longs trajets possibles, famille nombreuse, cinq places et bagages, vacances, zéro émission de CO2, aucune pollution à l'usage, la voiture la plus propre et la plus écologique, aucun rejet"
AUDI,Q8 SPORTBACK 55 E-TRON,electric,"électrique à batterie, se recharge sur borne, véhicule très lourd et imposant, sportive et très puissante, 4.84 € aux 100 km, économique, silencieuse en ville, trajets domicile-travail, grande autonomie de 542 km, longs trajets possibles, famille nombreuse, cinq places et bagages, vacances, zéro émission de CO2, aucune pollution à l'usage, la voiture la plus propre et la plus écologique, aucun rejet"
AUDI,R8 COUPE,petrol,"essence, voiture de sport légère, deux places, usage plaisir, sportive et très puissante, 22.93 € aux 100 km, chère à faire rouler, encombrement minimal, deuxième voiture, 296 g de CO2 par km, très polluante, malus écologique"
AUDI,RS 3 LIMOUSINE,petrol,"essence, voiture de sport légère, deux places, usage plaisir, sportive et très puissante, 16.10 € aux 100 km, chère à faire rouler, encombrement minimal, deuxième voiture, 210 g de CO2 par km, très polluante, malus écologique"
AUDI,RS 3 SPORTBACK,petrol,"essence, voiture de sport légère, deux places, usage plaisir, sportive et très puissante, 16.45 € aux 100 km, chère à faire rouler, encombrement minimal, deuxième voiture, 213 g de CO2 par km, très polluante, malus écologique"
AUDI,RS 4 AVANT,petrol,"essence, voiture de sport légère, deux places, usage plaisir, sportive et très puissante, 17.32 € aux 100 km, chère à faire rouler, encombrement minimal, deuxième voiture, 224 g de CO2 par km, très polluante, malus écologique"
AUDI,RS 6 AVANT,petrol,"essence, voiture de sport légère, deux places, usage plaisir, sportive et très puissante, 21.53 € aux 100 km, chère à faire rouler, encombrement minimal, deuxième voiture, 280 g de CO2 par km, très polluante, malus écologique"
AUDI,RS 6 GT AVANT,petrol,"essence, voiture de sport légère, deux places, usage plaisir, sportive et très puissante, 21.35 € aux 100 km, chère à faire rouler, encombrement minimal, deuxième voiture, 278 g de CO2 par km, très polluante, malus écologique"
AUDI,RS E-TRON GT,electric,"électrique à batterie, se recharge sur borne, voiture de sport légère, deux places, usage plaisir, sportive et très puissante, 4.20 € aux 100 km, économique, grande autonomie de 581 km, longs trajets possibles, encombrement minimal, deuxième voiture, zéro émission de CO2, aucune pollution à l'usage, la voiture la plus propre et la plus écologique, aucun rejet"
AUDI,RS E-TRON GT PERFORMANCE,electric,"électrique à batterie, se recharge sur borne, voiture de sport légère, deux places, usage plaisir, sportive et très puissante, 4.25 € aux 100 km, économique, grande autonomie de 574 km, longs trajets possibles, encombrement minimal, deuxième voiture, zéro émission de CO2, aucune pollution à l'usage, la voiture la plus propre et la plus écologique, aucun rejet"
AUDI,RS Q8,petrol,"essence, voiture de sport légère, deux places, usage plaisir, sportive et très puissante, 23.62 € aux 100 km, chère à faire rouler, encombrement minimal, deuxième voiture, 307 g de CO2 par km, très polluante, malus écologique"
AUDI,S E-TRON GT,electric,"électrique à batterie, se recharge sur borne, voiture de sport légère, deux places, usage plaisir, sportive et très puissante, 4.05 € aux 100 km, économique, grande autonomie de 598 km, longs trajets possibles, encombrement minimal, deuxième voiture, zéro émission de CO2, aucune pollution à l'usage, la voiture la plus propre et la plus écologique, aucun rejet"
AUDI,S3 LIMOUSINE,petrol,"essence, voiture de sport légère, deux places, usage plaisir, sportive et très puissante, 14.53 € aux 100 km, chère à faire rouler, encombrement minimal, deuxième voiture, 189 g de CO2 par km, très polluante, malus écologique"
AUDI,S3 SPORTBACK,petrol,"essence, voiture de sport légère, deux places, usage plaisir, sportive et très puissante, 14.79 € aux 100 km, chère à faire rouler, encombrement minimal, deuxième voiture, 191 g de CO2 par km, très polluante, malus écologique"
AUDI,S4 AVANT,diesel,"diesel gazole, très grand véhicule volumineux, sportive et très puissante, 12.58 € aux 100 km, chère à faire rouler, excellente en ville et dans les embouteillages, gros rouleur, 20 000 à 50 000 km par an, longues distances quotidiennes sur autoroute, grande autonomie par plein, famille nombreuse, cinq places et bagages, vacances, 193 g de CO2 par km, très polluante, malus écologique"
AUDI,S5 AVANT,petrol,"essence, très grand véhicule volumineux, sportive et très puissante, 13.83 € aux 100 km, chère à faire rouler, excellente en ville et dans les embouteillages, famille nombreuse, cinq places et bagages, vacances, 178 g de CO2 par km, très polluante, malus écologique"
AUDI,S5 LIMOUSINE,petrol,"essence, très grand véhicule volumineux, sportive et très puissante, 13.47 € aux 100 km, chère à faire rouler, excellente en ville et dans les embouteillages, famille nombreuse, cinq places et bagages, vacances, 174 g de CO2 par km, très polluante, malus écologique"
AUDI,S6 AV E-TRON,electric,"électrique à batterie, se recharge sur borne, voiture de sport légère, deux places, usage plaisir, sportive et très puissante, 3.76 € aux 100 km, très bon marché à l'usage, petit budget, grande autonomie de 621 km, longs trajets possibles, encombrement minimal, deuxième voiture, zéro émission de CO2, aucune pollution à l'usage, la voiture la plus propre et la plus écologique, aucun rejet"
AUDI,S6 SB E-TRON,electric,"électrique à batterie, se recharge sur borne, voiture de sport légère, deux places, usage plaisir, sportive et très puissante, 3.61 € aux 100 km, très bon marché à l'usage, petit budget, grande autonomie de 649 km, longs trajets possibles, encombrement minimal, deuxième voiture, zéro émission de CO2, aucune pollution à l'usage, la voiture la plus propre et la plus écologique, aucun rejet"
AUDI,S8,petrol,"essence, voiture de sport légère, deux places, usage plaisir, sportive et très puissante, 20.21 € aux 100 km, chère à faire rouler, encombrement minimal, deuxième voiture, 262 g de CO2 par km, très polluante, malus écologique"
AUDI,SQ2,petrol,"essence, familiale spacieuse, grand coffre, sportive et très puissante, 16.10 € aux 100 km, chère à faire rouler, famille nombreuse, cinq places et bagages, vacances, 184 g de CO2 par km, très polluante, malus écologique"
AUDI,SQ5,petrol,"essence, véhicule très lourd et imposant, sportive et très puissante, 14.88 € aux 100 km, chère à faire rouler, excellente en ville et dans les embouteillages, famille nombreuse, cinq places et bagages, vacances, 190 g de CO2 par km, très polluante, malus écologique"
AUDI,SQ6 SB E-TRON,electric,"électrique à batterie, se recharge sur borne, voiture de sport légère, deux places, usage plaisir, sportive et très puissante, 3.89 € aux 100 km, très bon marché à l'usage, petit budget, grande autonomie de 590 km, longs trajets possibles, encombrement minimal, deuxième voiture, zéro émission de CO2, aucune pollution à l'usage, la voiture la plus propre et la plus écologique, aucun rejet"
AUDI,SQ6 SUV E-TRON,electric,"électrique à batterie, se recharge sur borne, voiture de sport légère, deux places, usage plaisir, sportive et très puissante, 4.00 € aux 100 km, économique, grande autonomie de 575 km, longs trajets possibles, encombrement minimal, deuxième voiture, zéro émission de CO2, aucune pollution à l'usage, la voiture la plus propre et la plus écologique, aucun rejet"
AUDI,SQ7,petrol,"essence, voiture de sport légère, deux places, usage plaisir, sportive et très puissante, 21.70 € aux 100 km, chère à faire rouler, encombrement minimal, deuxième voiture, 281 g de CO2 par km, très polluante, malus écologique"
AUDI,SQ8 E-TRON,electric,"électrique à batterie, se recharge sur borne, véhicule très lourd et imposant, sportive et très puissante, 6.86 € aux 100 km, économique, silencieuse en ville, trajets domicile-travail, grande autonomie de 438 km, longs trajets possibles, famille nombreuse, cinq places et bagages, vacances, zéro émission de CO2, aucune pollution à l'usage, la voiture la plus propre et la plus écologique, aucun rejet"
AUDI,SQ8 SPORTBACK E-TRON,electric,"électrique à batterie, se recharge sur borne, véhicule très lourd et imposant, sportive et très puissante, 6.86 € aux 100 km, économique, silencieuse en ville, trajets domicile-travail, grande autonomie de 438 km, longs trajets possibles, famille nombreuse, cinq places et bagages, vacances, zéro émission de CO2, aucune pollution à l'usage, la voiture la plus propre et la plus écologique, aucun rejet"
BENTLEY,BENTAYGA AZURE HYBRID,petrol/electric,"hybride essence sans prise, véhicule très lourd et imposant, bonnes reprises, 5.42 € aux 100 km, économique, sobre sur route et autoroute, famille nombreuse, cinq places et bagages, vacances, 71 g de CO2 par km, faibles rejets"
BENTLEY,BENTAYGA AZURE V8,petrol,"essence, voiture de sport légère, deux places, usage plaisir, sportive et très puissante, 22.75 € aux 100 km, chère à faire rouler, encombrement minimal, deuxième voiture, 294 g de CO2 par km, très polluante, malus écologique"
BENTLEY,BENTAYGA EXTENDED WHEELBASE AZURE V8,petrol,"essence, voiture de sport légère, deux places, usage plaisir, sportive et très puissante, 22.75 € aux 100 km, chère à faire rouler, encombrement minimal, deuxième voiture, 296 g de CO2 par km, très polluante, malus écologique"
BENTLEY,BENTAYGA HYBRID,petrol/electric,"hybride essence sans prise, véhicule très lourd et imposant, bonnes reprises, 5.42 € aux 100 km, économique, sobre sur route et autoroute, famille nombreuse, cinq places et bagages, vacances, 71 g de CO2 par km, faibles rejets"
BENTLEY,BENTAYGA S HYBRID,petrol/electric,"hybride essence sans prise, véhicule très lourd et imposant, bonnes reprises, 5.42 € aux 100 km, économique, sobre sur route et autoroute, famille nombreuse, cinq places et bagages, vacances, 71 g de CO2 par km, faibles rejets"
BENTLEY,BENTAYGA S V8,petrol,"essence, voiture de sport légère, deux places, usage plaisir, sportive et très puissante, 22.57 € aux 100 km, chère à faire rouler, encombrement minimal, deuxième voiture, 296 g de CO2 par km, très polluante, malus écologique"
BENTLEY,CONTINENTAL GT,petrol/electric,"hybride essence sans prise, voiture de sport légère, deux places, usage plaisir, sportive et très puissante, 2.27 € aux 100 km, très bon marché à l'usage, petit budget, sobre sur route et autoroute, encombrement minimal, deuxième voiture, 29 g de CO2 par km, faibles rejets"
BENTLEY,CONTINENTAL GT AZURE,petrol/electric,"hybride essence sans prise, voiture de sport légère, deux places, usage plaisir, sportive et très puissante, 7.17 € aux 100 km, économique, sobre sur route et autoroute, encombrement minimal, deuxième voiture, 93 g de CO2 par km, faibles rejets"
BENTLEY,CONTINENTAL GT MULLINER,petrol/electric,"hybride essence sans prise, voiture de sport légère, deux places, usage plaisir, sportive et très puissante, 7.17 € aux 100 km, économique, sobre sur route et autoroute, encombrement minimal, deuxième voiture, 93 g de CO2 par km, faibles rejets"
BENTLEY,CONTINENTAL GT S V8,petrol,"essence, voiture de sport légère, deux places, usage plaisir, sportive et très puissante, 21.18 € aux 100 km, chère à faire rouler, encombrement minimal, deuxième voiture, 275 g de CO2 par km, très polluante, malus écologique"
BENTLEY,CONTINENTAL GT SPEED,petrol/electric,"hybride essence sans prise, voiture de sport légère, deux places, usage plaisir, sportive et très puissante, 2.27 € aux 100 km, très bon marché à l'usage, petit budget, sobre sur route et autoroute, encombrement minimal, deuxième voiture, 29 g de CO2 par km, faibles rejets"
BENTLEY,CONTINENTAL GTC,petrol/electric,"hybride essence sans prise, véhicule très lourd et imposant, sportive et très puissante, 2.45 € aux 100 km, très bon marché à l'usage, petit budget, sobre sur route et autoroute, famille nombreuse, cinq places et bagages, vacances, 31 g de CO2 par km, faibles rejets"
BENTLEY,CONTINENTAL GTC AZURE,petrol/electric,"hybride essence sans prise, véhicule très lourd et imposant, sportive et très puissante, 7.52 € aux 100 km, économique, sobre sur route et autoroute, famille nombreuse, cinq places et bagages, vacances, 98 g de CO2 par km, faibles rejets"
BENTLEY,CONTINENTAL GTC MULLINER,petrol/electric,"hybride essence sans prise, voiture de sport légère, deux places, usage plaisir, sportive et très puissante, 2.45 € aux 100 km, très bon marché à l'usage, petit budget, sobre sur route et autoroute, encombrement minimal, deuxième voiture, 31 g de CO2 par km, faibles rejets"
BENTLEY,CONTINENTAL GTC SPEED,petrol/electric,"hybride essence sans prise, voiture de sport légère, deux places, usage plaisir, sportive et très puissante, 2.45 € aux 100 km, très bon marché à l'usage, petit budget, sobre sur route et autoroute, encombrement minimal, deuxième voiture, 31 g de CO2 par km, faibles rejets"
BENTLEY,FLYING SPUR MULLINER,petrol/electric,"hybride essence sans prise, voiture de sport légère, deux places, usage plaisir, sportive et très puissante, 5.08 € aux 100 km, économique, sobre sur route et autoroute, encombrement minimal, deuxième voiture, 66 g de CO2 par km, faibles rejets"
BENTLEY,FLYING SPUR S HYBRID,petrol/electric,"hybride essence sans prise, véhicule très lourd et imposant, sportive et très puissante, 5.77 € aux 100 km, économique, sobre sur route et autoroute, famille nombreuse, cinq places et bagages, vacances, 75 g de CO2 par km, faibles rejets"
BMW,116,petrol,"essence, compacte polyvalente, performances courantes, 10.50 € aux 100 km, coût moyen, facile en ville, 135 g de CO2 par km, rejets moyens"
BMW,116D,diesel,"diesel gazole, compacte polyvalente, performances courantes, 8.16 € aux 100 km, coût moyen, facile en ville, gros rouleur, 20 000 à 50 000 km par an, longues distances quotidiennes sur autoroute, grande autonomie par plein, 126 g de CO2 par km, rejets moyens"
BMW,116I,petrol,"essence, compacte polyvalente, performances courantes, 10.33 € aux 100 km, coût moyen, facile en ville, 135 g de CO2 par km, rejets moyens"
BMW,118D,diesel,"diesel gazole, familiale spacieuse, grand coffre, performances courantes, 7.99 € aux 100 km, économique, gros rouleur, 20 000 à 50 000 km par an, longues distances quotidiennes sur autoroute, grande autonomie par plein, famille nombreuse, cinq places et bagages, vacances, 124 g de CO2 par km, rejets moyens"
BMW,118I,petrol,"essence, compacte polyvalente, performances courantes, 10.33 € aux 100 km, coût moyen, facile en ville, 134 g de CO2 par km, rejets moyens"
BMW,120,petrol,"essence, familiale spacieuse, grand coffre, performances courantes, 9.45 € aux 100 km, coût moyen, excellente en ville et dans les embouteillages, sobre sur route et autoroute, famille nombreuse, cinq places et bagages, vacances, 122 g de CO2 par km, rejets moyens"
BMW,120D,diesel,"diesel gazole, familiale spacieuse, grand coffre, performances courantes, 7.31 € aux 100 km, économique, excellente en ville et dans les embouteillages, gros rouleur, 20 000 à 50 000 km par an, longues distances quotidiennes sur autoroute, grande autonomie par plein, famille nombreuse, cinq places et bagages, vacances, 113 g de CO2 par km, rejets moyens"
BMW,120D,diesel,"diesel gazole, familiale spacieuse, grand coffre, bonnes reprises, 9.18 € aux 100 km, coût moyen, gros rouleur, 20 000 à 50 000 km par an, longues distances quotidiennes sur autoroute, grande autonomie par plein, famille nombreuse, cinq places et bagages, vacances, 141 g de CO2 par km, rejets moyens"
BMW,123 XDRIVE,petrol,"essence, familiale spacieuse, grand coffre, bonnes reprises, 10.85 € aux 100 km, coût moyen, excellente en ville et dans les embouteillages, famille nombreuse, cinq places et bagages, vacances, 140 g de CO2 par km, rejets moyens"
BMW,128TI,petrol,"essence, familiale spacieuse, grand coffre, sportive et très puissante, 12.08 € aux 100 km, chère à faire rouler, famille nombreuse, cinq places et bagages, vacances, 159 g de CO2 par km, rejets moyens"
BMW,216,petrol,"essence, familiale spacieuse, grand coffre, performances courantes, 10.33 € aux 100 km, coût moyen, famille nombreuse, cinq places et bagages, vacances, 134 g de CO2 par km, rejets moyens"
BMW,216D,diesel,"diesel gazole, familiale spacieuse, grand coffre, performances courantes, 8.16 € aux 100 km, coût moyen, gros rouleur, 20 000 à 50 000 km par an, longues distances quotidiennes sur autoroute, grande autonomie par plein, famille nombreuse, cinq places et bagages, vacances, 125 g de CO2 par km, rejets moyens"
BMW,218D,diesel,"diesel gazole, familiale spacieuse, grand coffre, performances courantes, 8.16 € aux 100 km, coût moyen, gros rouleur, 20 000 à 50 000 km par an, longues distances quotidiennes sur autoroute, grande autonomie par plein, famille nombreuse, cinq places et bagages, vacances, 126 g de CO2 par km, rejets moyens"
BMW,218D ACTIVE TOURER,diesel,"diesel gazole, familiale spacieuse, grand coffre, performances courantes, 8.16 € aux 100 km, coût moyen, gros rouleur, 20 000 à 50 000 km par an, longues distances quotidiennes sur autoroute, grande autonomie par plein, famille nombreuse, cinq places et bagages, vacances, 126 g de CO2 par km, rejets moyens"
BMW,218I,petrol,"essence, compacte polyvalente, performances courantes, 10.33 € aux 100 km, coût moyen, facile en ville, 134 g de CO2 par km, rejets moyens"
BMW,218I ACTIVE TOURER,petrol,"essence, familiale spacieuse, grand coffre, performances courantes, 11.03 € aux 100 km, coût moyen, famille nombreuse, cinq places et bagages, vacances, 141 g de CO2 par km, rejets moyens"
BMW,220,petrol,"essence, familiale spacieuse, grand coffre, performances courantes, 9.45 € aux 100 km, coût moyen, excellente en ville et dans les embouteillages, sobre sur route et autoroute, famille nombreuse, cinq places et bagages, vacances, 122 g de CO2 par km, rejets moyens"
BMW,220D,diesel,"diesel gazole, familiale spacieuse, grand coffre, performances courantes, 7.31 € aux 100 km, économique, excellente en ville et dans les embouteillages, gros rouleur, 20 000 à 50 000 km par an, longues distances quotidiennes sur autoroute, grande autonomie par plein, famille nombreuse, cinq places et bagages, vacances, 113 g de CO2 par km, rejets moyens"
BMW,220D ACTIVE TOURER,diesel,"diesel gazole, familiale spacieuse, grand coffre, performances courantes, 7.65 € aux 100 km, économique, excellente en ville et dans les embouteillages, gros rouleur, 20 000 à 50 000 km par an, longues distances quotidiennes sur autoroute, grande autonomie par plein, famille nombreuse, cinq places et bagages, vacances, 118 g de CO2 par km, rejets moyens"
BMW,220I,petrol,"essence, familiale spacieuse, grand coffre, bonnes reprises, 11.38 € aux 100 km, coût moyen, famille nombreuse, cinq places et bagages, vacances, 148 g de CO2 par km, rejets moyens"
BMW,220I ACTIVE TOURER,petrol,"essence, familiale spacieuse, grand coffre, performances courantes, 9.97 € aux 100 km, coût moyen, excellente en ville et dans les embouteillages, famille nombreuse, cinq places et bagages, vacances, 129 g de CO2 par km, rejets moyens"
BMW,223 XDRIVE,petrol,"essence, familiale spacieuse, grand coffre, bonnes reprises, 10.50 € aux 100 km, coût moyen, excellente en ville et dans les embouteillages, famille nombreuse, cinq places et bagages, vacances, 135 g de CO2 par km, rejets moyens"
BMW,223I XDRIVE ACTIVE TOURER,petrol,"essence, familiale spacieuse, grand coffre, bonnes reprises, 11.03 € aux 100 km, coût moyen, excellente en ville et dans les embouteillages, famille nombreuse, cinq places et bagages, vacances, 143 g de CO2 par km, rejets moyens"
BMW,225E XDRIVE ACTIVE TOURER,petrol/electric,"hybride essence sans prise, très grand véhicule volumineux, motorisation modeste et tranquille, 1.57 € aux 100 km, très bon marché à l'usage, petit budget, sobre sur route et autoroute, famille nombreuse, cinq places et bagages, vacances, 20 g de CO2 par km, faibles rejets"
BMW,230E XDRIVE ACTIVE TOURER,petrol/electric,"hybride essence sans prise, très grand véhicule volumineux, performances courantes, 1.57 € aux 100 km, très bon marché à l'usage, petit budget, sobre sur route et autoroute, famille nombreuse, cinq places et bagages, vacances, 20 g de CO2 par km, faibles rejets"
BMW,230I,petrol,"essence, familiale spacieuse, grand coffre, sportive et très puissante, 11.90 € aux 100 km, coût moyen, famille nombreuse, cinq places et bagages, vacances, 155 g de CO2 par km, rejets moyens"
BMW,318D,diesel,"diesel gazole, familiale spacieuse, grand coffre, performances courantes, 8.84 € aux 100 km, coût moyen, excellente en ville et dans les embouteillages, gros rouleur, 20 000 à 50 000 km par an, longues distances quotidiennes sur autoroute, grande autonomie par plein, famille nombreuse, cinq places et bagages, vacances, 136 g de CO2 par km, rejets moyens"
BMW,318I,petrol,"essence, familiale spacieuse, grand coffre, performances courantes, 11.90 € aux 100 km, coût moyen, famille nombreuse, cinq places et bagages, vacances, 153 g de CO2 par km, rejets moyens"
BMW,320D,diesel,"diesel gazole, familiale spacieuse, grand coffre, bonnes reprises, 8.84 € aux 100 km, coût moyen, excellente en ville et dans les embouteillages, gros rouleur, 20 000 à 50 000 km par an, longues distances quotidiennes sur autoroute, grande autonomie par plein, famille nombreuse, cinq places et bagages, vacances, 135 g de CO2 par km, rejets moyens"
BMW,320D XDRIVE,diesel,"diesel gazole, très grand véhicule volumineux, bonnes reprises, 9.35 € aux 100 km, coût moyen, excellente en ville et dans les embouteillages, gros rouleur, 20 000 à 50 000 km par an, longues distances quotidiennes sur autoroute, grande autonomie par plein, famille nombreuse, cinq places et bagages, vacances, 143 g de CO2 par km, rejets moyens"
BMW,320E,petrol/electric,"hybride essence sans prise, familiale spacieuse, grand coffre, performances courantes, 2.62 € aux 100 km, très bon marché à l'usage, petit budget, sobre sur route et autoroute, famille nombreuse, cinq places et bagages, vacances, 33 g de CO2 par km, faibles rejets"
BMW,320E XDRIVE,petrol/electric,"hybride essence sans prise, très grand véhicule volumineux, performances courantes, 2.98 € aux 100 km, très bon marché à l'usage, petit budget, sobre sur route et autoroute, famille nombreuse, cinq places et bagages, vacances, 38 g de CO2 par km, faibles rejets"
BMW,320I,petrol,"essence, familiale spacieuse, grand coffre, bonnes reprises, 11.90 € aux 100 km, coût moyen, famille nombreuse, cinq places et bagages, vacances, 154 g de CO2 par km, rejets moyens"
BMW,320I XDRIVE,petrol,"essence, familiale spacieuse, grand coffre, bonnes reprises, 12.08 € aux 100 km, chère à faire rouler, famille nombreuse, cinq places et bagages, vacances, 155 g de CO2 par km, rejets moyens"
BMW,330E,petrol/electric,"hybride essence sans prise, très grand véhicule volumineux, performances courantes, 1.57 € aux 100 km, très bon marché à l'usage, petit budget, sobre sur route et autoroute, famille nombreuse, cinq places et bagages, vacances, 20 g de CO2 par km, faibles rejets"
BMW,330E XDRIVE,petrol/electric,"hybride essence sans prise, très grand véhicule volumineux, performances courantes, 1.75 € aux 100 km, très bon marché à l'usage, petit budget, sobre sur route et autoroute, famille nombreuse, cinq places et bagages, vacances, 23 g de CO2 par km, faibles rejets"
BMW,420D,diesel,"diesel gazole, très grand véhicule volumineux, performances courantes, 9.35 € aux 100 km, coût moyen, excellente en ville et dans les embouteillages, gros rouleur, 20 000 à 50 000 km par an, longues distances quotidiennes sur autoroute, grande autonomie par plein, famille nombreuse, cinq places et bagages, vacances, 144 g de CO2 par km, rejets moyens"
BMW,420D XDRIVE,diesel,"diesel gazole, très grand véhicule volumineux, performances courantes, 9.35 € aux 100 km, coût moyen, excellente en ville et dans les embouteillages, gros rouleur, 20 000 à 50 000 km par an, longues distances quotidiennes sur autoroute, grande autonomie par plein, famille nombreuse, cinq places et bagages, vacances, 144 g de CO2 par km, rejets moyens"
BMW,420I,petrol,"essence, très grand véhicule volumineux, performances courantes, 11.90 € aux 100 km, coût moyen, famille nombreuse, cinq places et bagages, vacances, 155 g de CO2 par km, rejets moyens"
BMW,430D XDRIVE,diesel,"diesel gazole, très grand véhicule volumineux, bonnes reprises, 10.20 € aux 100 km, coût moyen, excellente en ville et dans les embouteillages, gros rouleur, 20 000 à 50 000 km par an, longues distances quotidiennes sur autoroute, grande autonomie par plein, famille nombreuse, cinq places et bagages, vacances, 156 g de CO2 par km, rejets moyens"
BMW,520D,diesel,"diesel gazole, très grand véhicule volumineux, performances courantes, 9.18 € aux 100 km, coût moyen, excellente en ville et dans les embouteillages, gros rouleur, 20 000 à 50 000 km par an, longues distances quotidiennes sur autoroute, grande autonomie par plein, famille nombreuse, cinq places et bagages, vacances, 142 g de CO2 par km, rejets moyens"
BMW,520D XDRIVE,diesel,"diesel gazole, très grand véhicule volumineux, performances courantes, 9.86 € aux 100 km, coût moyen, excellente en ville et dans les embouteillages, gros rouleur, 20 000 à 50 000 km par an, longues distances quotidiennes sur autoroute, grande autonomie par plein, famille nombreuse, cinq places et bagages, vacances, 153 g de CO2 par km, rejets moyens"
BMW,520I,petrol,"essence, très grand véhicule volumineux, bonnes reprises, 10.33 € aux 100 km, coût moyen, excellente en ville et dans les embouteillages, famille nombreuse, cinq places et bagages, vacances, 133 g de CO2 par km, rejets moyens"
BMW,530D XDRIVE,diesel,"diesel gazole, très grand véhicule volumineux, bonnes reprises, 9.69 € aux 100 km, coût moyen, excellente en ville et dans les embouteillages, gros rouleur, 20 000 à 50 000 km par an, longues distances quotidiennes sur autoroute, grande autonomie par plein, famille nombreuse, cinq places et bagages, vacances, 148 g de CO2 par km, rejets moyens"
BMW,530E,petrol/electric,"hybride essence sans prise, très grand véhicule volumineux, performances courantes, 1.22 € aux 100 km, très bon marché à l'usage, petit budget, sobre sur route et autoroute, famille nombreuse, cinq places et bagages, vacances, 15 g de CO2 par km, faibles rejets"
BMW,530E XDRIVE,petrol/electric,"hybride essence sans prise, très grand véhicule volumineux, performances courantes, 1.40 € aux 100 km, très bon marché à l'usage, petit budget, sobre sur route et autoroute, famille nombreuse, cinq places et bagages, vacances, 19 g de CO2 par km, faibles rejets"
BMW,540D XDRIVE,diesel,"diesel gazole, véhicule très lourd et imposant, bonnes reprises, 10.37 € aux 100 km, coût moyen, excellente en ville et dans les embouteillages, gros rouleur, 20 000 à 50 000 km par an, longues distances quotidiennes sur autoroute, grande autonomie par plein, famille nombreuse, cinq places et bagages, vacances, 160 g de CO2 par km, rejets moyens"
BMW,550E XDRIVE,petrol/electric,"hybride essence sans prise, véhicule très lourd et imposant, bonnes reprises, 1.57 € aux 100 km, très bon marché à l'usage, petit budget, sobre sur route et autoroute, famille nombreuse, cinq places et bagages, vacances, 21 g de CO2 par km, faibles rejets"
BMW,740D XDRIVE,diesel,"diesel gazole, véhicule très lourd et imposant, bonnes reprises, 10.54 € aux 100 km, coût moyen, excellente en ville et dans les embouteillages, gros rouleur, 20 000 à 50 000 km par an, longues distances quotidiennes sur autoroute, grande autonomie par plein, famille nombreuse, cinq places et bagages, vacances, 164 g de CO2 par km, très polluante, malus écologique"
BMW,750E XDRIVE,petrol/electric,"hybride essence sans prise, véhicule très lourd et imposant, bonnes reprises, 2.10 € aux 100 km, très bon marché à l'usage, petit budget, sobre sur route et autoroute, famille nombreuse, cinq places et bagages, vacances, 26 g de CO2 par km, faibles rejets"
BMW,840D XDRIVE,diesel,"diesel gazole, très grand véhicule volumineux, sportive et très puissante, 11.39 € aux 100 km, coût moyen, excellente en ville et dans les embouteillages, gros rouleur, 20 000 à 50 000 km par an, longues distances quotidiennes sur autoroute, grande autonomie par plein, famille nombreuse, cinq places et bagages, vacances, 176 g de CO2 par km, très polluante, malus écologique"
BMW,I4 EDRIVE35,electric,"électrique à batterie, se recharge sur borne, très grand véhicule volumineux, bonnes reprises, 3.39 € aux 100 km, très bon marché à l'usage, petit budget, silencieuse en ville, trajets domicile-travail, grande autonomie de 490 km, longs trajets possibles, famille nombreuse, cinq places et bagages, vacances, zéro émission de CO2, aucune pollution à l'usage, la voiture la plus propre et la plus écologique, aucun rejet"
BMW,I4 EDRIVE40,electric,"électrique à batterie, se recharge sur borne, très grand véhicule volumineux, sportive et très puissante, 3.48 € aux 100 km, très bon marché à l'usage, petit budget, silencieuse en ville, trajets domicile-travail, grande autonomie de 584 km, longs trajets possibles, famille nombreuse, cinq places et bagages, vacances, zéro émission de CO2, aucune pollution à l'usage, la voiture la plus propre et la plus écologique, aucun rejet"
BMW,I4 M50,electric,"électrique à batterie, se recharge sur borne, voiture de sport légère, deux places, usage plaisir, sportive et très puissante, 4.14 € aux 100 km, économique, grande autonomie de 503 km, longs trajets possibles, encombrement minimal, deuxième voiture, zéro émission de CO2, aucune pollution à l'usage, la voiture la plus propre et la plus écologique, aucun rejet"
BMW,I4 M50 XDRIVE,electric,"électrique à batterie, se recharge sur borne, voiture de sport légère, deux places, usage plaisir, sportive et très puissante, 4.05 € aux 100 km, économique, grande autonomie de 501 km, longs trajets possibles, encombrement minimal, deuxième voiture, zéro émission de CO2, aucune pollution à l'usage, la voiture la plus propre et la plus écologique, aucun rejet"
BMW,I4 M60 XDRIVE,electric,"électrique à batterie, se recharge sur borne, voiture de sport légère, deux places, usage plaisir, sportive et très puissante, 3.94 € aux 100 km, très bon marché à l'usage, petit budget, grande autonomie de 515 km, longs trajets possibles, encombrement minimal, deuxième voiture, zéro émission de CO2, aucune pollution à l'usage, la voiture la plus propre et la plus écologique, aucun rejet"
BMW,I4 XDRIVE40,electric,"électrique à batterie, se recharge sur borne, très grand véhicule volumineux, sportive et très puissante, 3.87 € aux 100 km, très bon marché à l'usage, petit budget, silencieuse en ville, trajets domicile-travail, grande autonomie de 520 km, longs trajets possibles, famille nombreuse, cinq places et bagages, vacances, zéro émission de CO2, aucune pollution à l'usage, la voiture la plus propre et la plus écologique, aucun rejet"
BMW,I5 EDRIVE40,electric,"électrique à batterie, se recharge sur borne, très grand véhicule volumineux, bonnes reprises, 3.65 € aux 100 km, très bon marché à l'usage, petit budget, silencieuse en ville, trajets domicile-travail, grande autonomie de 561 km, longs trajets possibles, famille nombreuse, cinq places et bagages, vacances, zéro émission de CO2, aucune pollution à l'usage, la voiture la plus propre et la plus écologique, aucun rejet"
BMW,I5 M60 XDRIVE,electric,"électrique à batterie, se recharge sur borne, voiture de sport légère, deux places, usage plaisir, sportive et très puissante, 4.44 € aux 100 km, économique, grande autonomie de 464 km, longs trajets possibles, encombrement minimal, deuxième voiture, zéro émission de CO2, aucune pollution à l'usage, la voiture la plus propre et la plus écologique, aucun rejet"
BMW,I5 XDRIVE40,electric,"électrique à batterie, se recharge sur borne, véhicule très lourd et imposant, sportive et très puissante, 3.92 € aux 100 km, très bon marché à l'usage, petit budget, silencieuse en ville, trajets domicile-travail, grande autonomie de 520 km, longs trajets possibles, famille nombreuse, cinq places et bagages, vacances, zéro émission de CO2, aucune pollution à l'usage, la voiture la plus propre et la plus écologique, aucun rejet"
BMW,I7 EDRIVE50,electric,"électrique à batterie, se recharge sur borne, véhicule très lourd et imposant, sportive et très puissante, 4.34 € aux 100 km, économique, silencieuse en ville, trajets domicile-travail, grande autonomie de 591 km, longs trajets possibles, famille nombreuse, cinq places et bagages, vacances, zéro émission de CO2, aucune pollution à l'usage, la voiture la plus propre et la plus écologique, aucun rejet"
BMW,I7 M70 XDRIVE,electric,"électrique à batterie, se recharge sur borne, voiture de sport légère, deux places, usage plaisir, sportive et très puissante, 4.77 € aux 100 km, économique, grande autonomie de 539 km, longs trajets possibles, encombrement minimal, deuxième voiture, zéro émission de CO2, aucune pollution à l'usage, la voiture la plus propre et la plus écologique, aucun rejet"
BMW,I7 XDRIVE60,electric,"électrique à batterie, se recharge sur borne, voiture de sport légère, deux places, usage plaisir, sportive et très puissante, 4.27 € aux 100 km, économique, grande autonomie de 597 km, longs trajets possibles, encombrement minimal, deuxième voiture, zéro émission de CO2, aucune pollution à l'usage, la voiture la plus propre et la plus écologique, aucun rejet"
BMW,IX M60,electric,"électrique à batterie, se recharge sur borne, voiture de sport légère, deux places, usage plaisir, sportive et très puissante, 4.93 € aux 100 km, économique, grande autonomie de 554 km, longs trajets possibles, encombrement minimal, deuxième voiture, zéro émission de CO2, aucune pollution à l'usage, la voiture la plus propre et la plus écologique, aucun rejet"
BMW,IX M70 XDRIVE,electric,"électrique à batterie, se recharge sur borne, voiture de sport légère, deux places, usage plaisir, sportive et très puissante, 4.91 € aux 100 km, économique, grande autonomie de 553 km, longs trajets possibles, encombrement minimal, deuxième voiture, zéro émission de CO2, aucune pollution à l'usage, la voiture la plus propre et la plus écologique, aucun rejet"
BMW,IX XDRIVE40,electric,"électrique à batterie, se recharge sur borne, véhicule très lourd et imposant, bonnes reprises, 4.53 € aux 100 km, économique, silencieuse en ville, trajets domicile-travail, famille nombreuse, cinq places et bagages, vacances, zéro émission de CO2, aucune pollution à l'usage, la voiture la plus propre et la plus écologique, aucun rejet"
BMW,IX XDRIVE45,electric,"électrique à batterie, se recharge sur borne, véhicule très lourd et imposant, sportive et très puissante, 4.18 € aux 100 km, économique, silencieuse en ville, trajets domicile-travail, grande autonomie de 569 km, longs trajets possibles, famille nombreuse, cinq places et bagages, vacances, zéro émission de CO2, aucune pollution à l'usage, la voiture la plus propre et la plus écologique, aucun rejet"
BMW,IX XDRIVE50,electric,"électrique à batterie, se recharge sur borne, voiture de sport légère, deux places, usage plaisir, sportive et très puissante, 4.58 € aux 100 km, économique, grande autonomie de 602 km, longs trajets possibles, encombrement minimal, deuxième voiture, zéro émission de CO2, aucune pollution à l'usage, la voiture la plus propre et la plus écologique, aucun rejet"
BMW,IX XDRIVE60,electric,"électrique à batterie, se recharge sur borne, voiture de sport légère, deux places, usage plaisir, sportive et très puissante, 4.27 € aux 100 km, économique, grande autonomie de 651 km, longs trajets possibles, encombrement minimal, deuxième voiture, zéro émission de CO2, aucune pollution à l'usage, la voiture la plus propre et la plus écologique, aucun rejet"
BMW,IX1 EDRIVE20,electric,"électrique à batterie, se recharge sur borne, familiale spacieuse, grand coffre, bonnes reprises, 3.50 € aux 100 km, très bon marché à l'usage, petit budget, silencieuse en ville, trajets domicile-travail, grande autonomie de 460 km, longs trajets possibles, famille nombreuse, cinq places et bagages, vacances, zéro émission de CO2, aucune pollution à l'usage, la voiture la plus propre et la plus écologique, aucun rejet"
BMW,IX1 XDRIVE30,electric,"électrique à batterie, se recharge sur borne, très grand véhicule volumineux, bonnes reprises, 3.85 € aux 100 km, très bon marché à l'usage, petit budget, silencieuse en ville, trajets domicile-travail, grande autonomie de 428 km, longs trajets possibles, famille nombreuse, cinq places et bagages, vacances, zéro émission de CO2, aucune pollution à l'usage, la voiture la plus propre et la plus écologique, aucun rejet"
BMW,IX2 EDRIVE20,electric,"électrique à batterie, se recharge sur borne, familiale spacieuse, grand coffre, performances courantes, 3.54 € aux 100 km, très bon marché à l'usage, petit budget, silencieuse en ville, trajets domicile-travail, grande autonomie de 454 km, longs trajets possibles, famille nombreuse, cinq places et bagages, vacances, zéro émission de CO2, aucune pollution à l'usage, la voiture la plus propre et la plus écologique, aucun rejet"
BMW,IX2 XDRIVE30,electric,"électrique à batterie, se recharge sur borne, très grand véhicule volumineux, bonnes reprises, 3.83 € aux 100 km, très bon marché à l'usage, petit budget, silencieuse en ville, trajets domicile-travail, grande autonomie de 426 km, longs trajets possibles, famille nombreuse, cinq places et bagages, vacances, zéro émission de CO2, aucune pollution à l'usage, la voiture la plus propre et la plus écologique, aucun rejet"
BMW,IX3,electric,"électrique à batterie, se recharge sur borne, très grand véhicule volumineux, bonnes reprises, 3.94 € aux 100 km, très bon marché à l'usage, petit budget, silencieuse en ville, trajets domicile-travail, grande autonomie de 465 km, longs trajets possibles, famille nombreuse, cinq places et bagages, vacances, zéro émission de CO2, aucune pollution à l'usage, la voiture la plus propre et la plus écologique, aucun rejet"
BMW,IX3 50 XDRIVE,electric,"électrique à batterie, se recharge sur borne, voiture de sport légère, deux places, usage plaisir, sportive et très puissante, 3.48 € aux 100 km, très bon marché à l'usage, petit budget, grande autonomie de 773 km, longs trajets possibles, encombrement minimal, deuxième voiture, zéro émission de CO2, aucune pollution à l'usage, la voiture la plus propre et la plus écologique, aucun rejet"
BMW,M135 XDRIVE,petrol,"essence, familiale spacieuse, grand coffre, sportive et très puissante, 13.65 € aux 100 km, chère à faire rouler, famille nombreuse, cinq places et bagages, vacances, 176 g de CO2 par km, très polluante, malus écologique"
BMW,M135I XDRIVE,petrol,"essence, familiale spacieuse, grand coffre, sportive et très puissante, 13.30 € aux 100 km, chère à faire rouler, famille nombreuse, cinq places et bagages, vacances, 173 g de CO2 par km, très polluante, malus écologique"
BMW,M2,petrol,"essence, voiture de sport légère, deux places, usage plaisir, sportive et très puissante, 16.97 € aux 100 km, chère à faire rouler, encombrement minimal, deuxième voiture, 220 g de CO2 par km, très polluante, malus écologique"
BMW,M2 CS,petrol,"essence, voiture de sport légère, deux places, usage plaisir, sportive et très puissante, 17.50 € aux 100 km, chère à faire rouler, encombrement minimal, deuxième voiture, 226 g de CO2 par km, très polluante, malus écologique"
BMW,M235 XDRIVE,petrol,"essence, familiale spacieuse, grand coffre, sportive et très puissante, 13.47 € aux 100 km, chère à faire rouler, famille nombreuse, cinq places et bagages, vacances, 174 g de CO2 par km, très polluante, malus écologique"
BMW,M235I XDRIVE,petrol,"essence, familiale spacieuse, grand coffre, sportive et très puissante, 12.95 € aux 100 km, chère à faire rouler, famille nombreuse, cinq places et bagages, vacances, 167 g de CO2 par km, très polluante, malus écologique"
BMW,M240I XDRIVE,petrol,"essence, voiture de sport légère, deux places, usage plaisir, sportive et très puissante, 14.35 € aux 100 km, chère à faire rouler, encombrement minimal, deuxième voiture, 186 g de CO2 par km, très polluante, malus écologique"
BMW,M3 COMPETITION,petrol,"essence, voiture de sport légère, deux places, usage plaisir, sportive et très puissante, 17.15 € aux 100 km, chère à faire rouler, encombrement minimal, deuxième voiture, 223 g de CO2 par km, très polluante, malus écologique"
BMW,M3 COMPETITION M XDRIVE,petrol,"essence, voiture de sport légère, deux places, usage plaisir, sportive et très puissante, 18.20 € aux 100 km, chère à faire rouler, encombrement minimal, deuxième voiture, 234 g de CO2 par km, très polluante, malus écologique"
BMW,M3 CS,petrol,"essence, voiture de sport légère, deux places, usage plaisir, sportive et très puissante, 18.38 € aux 100 km, chère à faire rouler, encombrement minimal, deuxième voiture, 238 g de CO2 par km, très polluante, malus écologique"
BMW,M340D XDRIVE,diesel,"diesel gazole, très grand véhicule volumineux, sportive et très puissante, 10.54 € aux 100 km, coût moyen, excellente en ville et dans les embouteillages, gros rouleur, 20 000 à 50 000 km par an, longues distances quotidiennes sur autoroute, grande autonomie par plein, famille nombreuse, cinq places et bagages, vacances, 164 g de CO2 par km, très polluante, malus écologique"
BMW,M340I XDRIVE,petrol,"essence, voiture de sport légère, deux places, usage plaisir, sportive et très puissante, 12.95 € aux 100 km, chère à faire rouler, encombrement minimal, deuxième voiture, 168 g de CO2 par km, très polluante, malus écologique"
BMW,M4 COMPETITION M XDRIVE,petrol,"essence, voiture de sport légère, deux places, usage plaisir, sportive et très puissante, 17.68 € aux 100 km, chère à faire rouler, encombrement minimal, deuxième voiture, 228 g de CO2 par km, très polluante, malus écologique"
BMW,M4 CS,petrol,"essence, voiture de sport légère, deux places, usage plaisir, sportive et très puissante, 17.85 € aux 100 km, chère à faire rouler, encombrement minimal, deuxième voiture, 232 g de CO2 par km, très polluante, malus écologique"
BMW,M440D XDRIVE,diesel,"diesel gazole, très grand véhicule volumineux, sportive et très puissante, 10.71 € aux 100 km, coût moyen, excellente en ville et dans les embouteillages, gros rouleur, 20 000 à 50 000 km par an, longues distances quotidiennes sur autoroute, grande autonomie par plein, famille nombreuse, cinq places et bagages, vacances, 166 g de CO2 par km, très polluante, malus écologique"
BMW,M440I XDRIVE,petrol,"essence, voiture de sport légère, deux places, usage plaisir, sportive et très puissante, 12.95 € aux 100 km, chère à faire rouler, encombrement minimal, deuxième voiture, 168 g de CO2 par km, très polluante, malus écologique"
BMW,M5,petrol/electric,"hybride essence sans prise, voiture de sport légère, deux places, usage plaisir, sportive et très puissante, 3.15 € aux 100 km, très bon marché à l'usage, petit budget, sobre sur route et autoroute, encombrement minimal, deuxième voiture, 40 g de CO2 par km, faibles rejets"
BMW,M760E XDRIVE,petrol/electric,"hybride essence sans prise, véhicule très lourd et imposant, bonnes reprises, 2.10 € aux 100 km, très bon marché à l'usage, petit budget, sobre sur route et autoroute, famille nombreuse, cinq places et bagages, vacances, 26 g de CO2 par km, faibles rejets"
BMW,M8 COMPETITION,petrol,"essence, voiture de sport légère, deux places, usage plaisir, sportive et très puissante, 19.78 € aux 100 km, chère à faire rouler, encombrement minimal, deuxième voiture, 258 g de CO2 par km, très polluante, malus écologique"
BMW,X1 M35I XDRIVE,petrol,"essence, familiale spacieuse, grand coffre, sportive et très puissante, 13.65 € aux 100 km, chère à faire rouler, famille nombreuse, cinq places et bagages, vacances, 175 g de CO2 par km, très polluante, malus écologique"
BMW,X1 SDRIVE18D,diesel,"diesel gazole, familiale spacieuse, grand coffre, performances courantes, 8.67 € aux 100 km, coût moyen, gros rouleur, 20 000 à 50 000 km par an, longues distances quotidiennes sur autoroute, grande autonomie par plein, famille nombreuse, cinq places et bagages, vacances, 134 g de CO2 par km, rejets moyens"
BMW,X1 SDRIVE18I,petrol,"essence, familiale spacieuse, grand coffre, performances courantes, 11.38 € aux 100 km, coût moyen, famille nombreuse, cinq places et bagages, vacances, 146 g de CO2 par km, rejets moyens"
BMW,X1 SDRIVE20D,diesel,"diesel gazole, familiale spacieuse, grand coffre, performances courantes, 7.82 € aux 100 km, économique, excellente en ville et dans les embouteillages, gros rouleur, 20 000 à 50 000 km par an, longues distances quotidiennes sur autoroute, grande autonomie par plein, famille nombreuse, cinq places et bagages, vacances, 121 g de CO2 par km, rejets moyens"
BMW,X1 SDRIVE20I,petrol,"essence, familiale spacieuse, grand coffre, performances courantes, 10.15 € aux 100 km, coût moyen, excellente en ville et dans les embouteillages, famille nombreuse, cinq places et bagages, vacances, 131 g de CO2 par km, rejets moyens"
BMW,X1 XDRIVE20D,diesel,"diesel gazole, très grand véhicule volumineux, performances courantes, 8.50 € aux 100 km, coût moyen, excellente en ville et dans les embouteillages, gros rouleur, 20 000 à 50 000 km par an, longues distances quotidiennes sur autoroute, grande autonomie par plein, famille nombreuse, cinq places et bagages, vacances, 130 g de CO2 par km, rejets moyens"
BMW,X1 XDRIVE23D,diesel,"diesel gazole, très grand véhicule volumineux, bonnes reprises, 8.33 € aux 100 km, coût moyen, excellente en ville et dans les embouteillages, gros rouleur, 20 000 à 50 000 km par an, longues distances quotidiennes sur autoroute, grande autonomie par plein, famille nombreuse, cinq places et bagages, vacances, 128 g de CO2 par km, rejets moyens"
BMW,X1 XDRIVE23I,petrol,"essence, familiale spacieuse, grand coffre, bonnes reprises, 11.55 € aux 100 km, coût moyen, excellente en ville et dans les embouteillages, famille nombreuse, cinq places et bagages, vacances, 149 g de CO2 par km, rejets moyens"
BMW,X1 XDRIVE25E,petrol/electric,"hybride essence sans prise, très grand véhicule volumineux, motorisation modeste et tranquille, 1.40 € aux 100 km, très bon marché à l'usage, petit budget, sobre sur route et autoroute, famille nombreuse, cinq places et bagages, vacances, 19 g de CO2 par km, faibles rejets"
BMW,X1 XDRIVE30E,petrol/electric,"hybride essence sans prise, très grand véhicule volumineux, performances courantes, 1.57 € aux 100 km, très bon marché à l'usage, petit budget, sobre sur route et autoroute, famille nombreuse, cinq places et bagages, vacances, 20 g de CO2 par km, faibles rejets"
BMW,X2 M35I XDRIVE,petrol,"essence, très grand véhicule volumineux, sportive et très puissante, 13.91 € aux 100 km, chère à faire rouler, famille nombreuse, cinq places et bagages, vacances, 179 g de CO2 par km, très polluante, malus écologique"
BMW,X2 SDRIVE18D,diesel,"diesel gazole, familiale spacieuse, grand coffre, performances courantes, 8.84 € aux 100 km, coût moyen, gros rouleur, 20 000 à 50 000 km par an, longues distances quotidiennes sur autoroute, grande autonomie par plein, famille nombreuse, cinq places et bagages, vacances, 136 g de CO2 par km, rejets moyens"
BMW,X2 SDRIVE18I,petrol,"essence, familiale spacieuse, grand coffre, performances courantes, 11.20 € aux 100 km, coût moyen, famille nombreuse, cinq places et bagages, vacances, 146 g de CO2 par km, rejets moyens"
BMW,X2 SDRIVE20D,diesel,"diesel gazole, familiale spacieuse, grand coffre, performances courantes, 7.99 € aux 100 km, économique, excellente en ville et dans les embouteillages, gros rouleur, 20 000 à 50 000 km par an, longues distances quotidiennes sur autoroute, grande autonomie par plein, famille nombreuse, cinq places et bagages, vacances, 122 g de CO2 par km, rejets moyens"
BMW,X2 SDRIVE20I,petrol,"essence, familiale spacieuse, grand coffre, performances courantes, 10.15 € aux 100 km, coût moyen, excellente en ville et dans les embouteillages, famille nombreuse, cinq places et bagages, vacances, 132 g de CO2 par km, rejets moyens"
BMW,X2 XDRIVE20D,diesel,"diesel gazole, très grand véhicule volumineux, performances courantes, 8.33 € aux 100 km, coût moyen, excellente en ville et dans les embouteillages, gros rouleur, 20 000 à 50 000 km par an, longues distances quotidiennes sur autoroute, grande autonomie par plein, famille nombreuse, cinq places et bagages, vacances, 129 g de CO2 par km, rejets moyens"
BMW,X2 XDRIVE25E,petrol/electric,"hybride essence sans prise, familiale spacieuse, grand coffre, motorisation modeste et tranquille, 3.06 € aux 100 km, très bon marché à l'usage, petit budget, sobre sur route et autoroute, famille nombreuse, cinq places et bagages, vacances, 39 g de CO2 par km, faibles rejets"
BMW,X3 20 XDRIVE,petrol,"essence, très grand véhicule volumineux, performances courantes, 12.42 € aux 100 km, chère à faire rouler, excellente en ville et dans les embouteillages, famille nombreuse, cinq places et bagages, vacances, 160 g de CO2 par km, rejets moyens"
BMW,X3 20D XDRIVE,diesel,"diesel gazole, très grand véhicule volumineux, performances courantes, 10.20 € aux 100 km, coût moyen, excellente en ville et dans les embouteillages, gros rouleur, 20 000 à 50 000 km par an, longues distances quotidiennes sur autoroute, grande autonomie par plein, famille nombreuse, cinq places et bagages, vacances, 158 g de CO2 par km, rejets moyens"
BMW,X3 30E XDRIVE,petrol/electric,"hybride essence sans prise, très grand véhicule volumineux, performances courantes, 1.75 € aux 100 km, très bon marché à l'usage, petit budget, sobre sur route et autoroute, famille nombreuse, cinq places et bagages, vacances, 23 g de CO2 par km, faibles rejets"
BMW,X3 40D XDRIVE,diesel,"diesel gazole, véhicule très lourd et imposant, bonnes reprises, 10.71 € aux 100 km, coût moyen, excellente en ville et dans les embouteillages, gros rouleur, 20 000 à 50 000 km par an, longues distances quotidiennes sur autoroute, grande autonomie par plein, famille nombreuse, cinq places et bagages, vacances, 166 g de CO2 par km, très polluante, malus écologique"
BMW,X3 M50 XDRIVE,petrol,"essence, véhicule très lourd et imposant, sportive et très puissante, 13.83 € aux 100 km, chère à faire rouler, excellente en ville et dans les embouteillages, famille nombreuse, cinq places et bagages, vacances, 179 g de CO2 par km, très polluante, malus écologique"
BMW,X3 SDRIVE18D,diesel,"diesel gazole, très grand véhicule volumineux, performances courantes, 9.86 € aux 100 km, coût moyen, excellente en ville et dans les embouteillages, gros rouleur, 20 000 à 50 000 km par an, longues distances quotidiennes sur autoroute, grande autonomie par plein, famille nombreuse, cinq places et bagages, vacances, 153 g de CO2 par km, rejets moyens"
BMW,X3 XDRIVE20D,diesel,"diesel gazole, très grand véhicule volumineux, performances courantes, 10.20 € aux 100 km, coût moyen, excellente en ville et dans les embouteillages, gros rouleur, 20 000 à 50 000 km par an, longues distances quotidiennes sur autoroute, grande autonomie par plein, famille nombreuse, cinq places et bagages, vacances, 157 g de CO2 par km, rejets moyens"
BMW,X3 XDRIVE20I,petrol,"essence, très grand véhicule volumineux, performances courantes, 13.65 € aux 100 km, chère à faire rouler, excellente en ville et dans les embouteillages, famille nombreuse, cinq places et bagages, vacances, 177 g de CO2 par km, très polluante, malus écologique"
BMW,X3 XDRIVE30E,petrol/electric,"hybride essence sans prise, très grand véhicule volumineux, performances courantes, 3.76 € aux 100 km, très bon marché à l'usage, petit budget, sobre sur route et autoroute, famille nombreuse, cinq places et bagages, vacances, 49 g de CO2 par km, faibles rejets"
BMW,X4 M COMPETITION,petrol,"essence, voiture de sport légère, deux places, usage plaisir, sportive et très puissante, 18.72 € aux 100 km, chère à faire rouler, encombrement minimal, deuxième voiture, 244 g de CO2 par km, très polluante, malus écologique"
BMW,X4 M40D,diesel,"diesel gazole, véhicule très lourd et imposant, sportive et très puissante, 11.90 € aux 100 km, coût moyen, excellente en ville et dans les embouteillages, gros rouleur, 20 000 à 50 000 km par an, longues distances quotidiennes sur autoroute, grande autonomie par plein, famille nombreuse, cinq places et bagages, vacances, 185 g de CO2 par km, très polluante, malus écologique"
BMW,X4 XDRIVE20D,diesel,"diesel gazole, très grand véhicule volumineux, performances courantes, 10.37 € aux 100 km, coût moyen, excellente en ville et dans les embouteillages, gros rouleur, 20 000 à 50 000 km par an, longues distances quotidiennes sur autoroute, grande autonomie par plein, famille nombreuse, cinq places et bagages, vacances, 160 g de CO2 par km, rejets moyens"
BMW,X4 XDRIVE30D,diesel,"diesel gazole, très grand véhicule volumineux, bonnes reprises, 11.39 € aux 100 km, coût moyen, excellente en ville et dans les embouteillages, gros rouleur, 20 000 à 50 000 km par an, longues distances quotidiennes sur autoroute, grande autonomie par plein, famille nombreuse, cinq places et bagages, vacances, 175 g de CO2 par km, très polluante, malus écologique"
BMW,X4 XDRIVE30I,petrol,"essence, très grand véhicule volumineux, bonnes reprises, 13.47 € aux 100 km, chère à faire rouler, excellente en ville et dans les embouteillages, famille nombreuse, cinq places et bagages, vacances, 175 g de CO2 par km, très polluante, malus écologique"
BMW,X5 M COMPETITION,petrol,"essence, voiture de sport légère, deux places, usage plaisir, sportive et très puissante, 22.75 € aux 100 km, chère à faire rouler, encombrement minimal, deuxième voiture, 295 g de CO2 par km, très polluante, malus écologique"
BMW,X5 XDRIVE30D,diesel,"diesel gazole, véhicule très lourd et imposant, bonnes reprises, 12.75 € aux 100 km, chère à faire rouler, excellente en ville et dans les embouteillages, gros rouleur, 20 000 à 50 000 km par an, longues distances quotidiennes sur autoroute, grande autonomie par plein, famille nombreuse, cinq places et bagages, vacances, 196 g de CO2 par km, très polluante, malus écologique"
BMW,X5 XDRIVE50E,petrol/electric,"hybride essence sans prise, véhicule très lourd et imposant, bonnes reprises, 1.57 € aux 100 km, très bon marché à l'usage, petit budget, sobre sur route et autoroute, famille nombreuse, cinq places et bagages, vacances, 21 g de CO2 par km, faibles rejets"
BMW,X6 XDRIVE30D M SPORT,diesel,"diesel gazole, véhicule très lourd et imposant, bonnes reprises, 12.24 € aux 100 km, chère à faire rouler, excellente en ville et dans les embouteillages, gros rouleur, 20 000 à 50 000 km par an, longues distances quotidiennes sur autoroute, grande autonomie par plein, famille nombreuse, cinq places et bagages, vacances, 188 g de CO2 par km, très polluante, malus écologique"
BMW,X7 XDRIVE40D,diesel,"diesel gazole, véhicule très lourd et imposant, bonnes reprises, 14.45 € aux 100 km, chère à faire rouler, excellente en ville et dans les embouteillages, gros rouleur, 20 000 à 50 000 km par an, longues distances quotidiennes sur autoroute, grande autonomie par plein, famille nombreuse, cinq places et bagages, vacances, 224 g de CO2 par km, très polluante, malus écologique"
BMW,XM,petrol/electric,"hybride essence sans prise, véhicule très lourd et imposant, sportive et très puissante, 3.32 € aux 100 km, très bon marché à l'usage, petit budget, sobre sur route et autoroute, famille nombreuse, cinq places et bagages, vacances, 43 g de CO2 par km, faibles rejets"
BMW,XM 50E,petrol/electric,"hybride essence sans prise, véhicule très lourd et imposant, bonnes reprises, 2.80 € aux 100 km, très bon marché à l'usage, petit budget, sobre sur route et autoroute, famille nombreuse, cinq places et bagages, vacances, 37 g de CO2 par km, faibles rejets"
BMW,XM LABEL,petrol/electric,"hybride essence sans prise, voiture de sport légère, deux places, usage plaisir, sportive et très puissante, 4.02 € aux 100 km, économique, sobre sur route et autoroute, encombrement minimal, deuxième voiture, 53 g de CO2 par km, faibles rejets"
BMW,Z4 M40I,petrol,"essence, voiture de sport légère, deux places, usage plaisir, sportive et très puissante, 14.00 € aux 100 km, chère à faire rouler, encombrement minimal, deuxième voiture, 180 g de CO2 par km, très polluante, malus écologique"
BMW,Z4 SDRIVE20I,petrol,"essence, familiale spacieuse, grand coffre, bonnes reprises, 12.60 € aux 100 km, chère à faire rouler, famille nombreuse, cinq places et bagages, vacances, 163 g de CO2 par km, très polluante, malus écologique"
BMW,Z4 SDRIVE30I,petrol,"essence, familiale spacieuse, grand coffre, sportive et très puissante, 12.78 € aux 100 km, chère à faire rouler, famille nombreuse, cinq places et bagages, vacances, 165 g de CO2 par km, très polluante, malus écologique"
BYD,ATTO 3,electric,"électrique à batterie, se recharge sur borne, familiale spacieuse, grand coffre, bonnes reprises, 3.52 € aux 100 km, très bon marché à l'usage, petit budget, silencieuse en ville, trajets domicile-travail, grande autonomie de 420 km, longs trajets possibles, famille nombreuse, cinq places et bagages, vacances, zéro émission de CO2, aucune pollution à l'usage, la voiture la plus propre et la plus écologique, aucun rejet"
BYD,BYD ATTO 2,electric,"électrique à batterie, se recharge sur borne, compacte polyvalente, bonnes reprises, 3.52 € aux 100 km, très bon marché à l'usage, petit budget, silencieuse en ville, trajets domicile-travail, zéro émission de CO2, aucune pollution à l'usage, la voiture la plus propre et la plus écologique, aucun rejet"
BYD,BYD DOLPHIN,electric,"électrique à batterie, se recharge sur borne, compacte polyvalente, bonnes reprises, 3.50 € aux 100 km, très bon marché à l'usage, petit budget, silencieuse en ville, trajets domicile-travail, grande autonomie de 427 km, longs trajets possibles, zéro émission de CO2, aucune pollution à l'usage, la voiture la plus propre et la plus écologique, aucun rejet"
BYD,BYD DOLPHIN SURF,electric,"électrique à batterie, se recharge sur borne, petite citadine maniable, bonnes reprises, 3.52 € aux 100 km, très bon marché à l'usage, petit budget, silencieuse en ville, trajets domicile-travail, zéro émission de CO2, aucune pollution à l'usage, la voiture la plus propre et la plus écologique, aucun rejet"
BYD,BYD SEAL,electric,"électrique à batterie, se recharge sur borne, très grand véhicule volumineux, bonnes reprises, 3.65 € aux 100 km, très bon marché à l'usage, petit budget, silencieuse en ville, trajets domicile-travail, grande autonomie de 570 km, longs trajets possibles, famille nombreuse, cinq places et bagages, vacances, zéro émission de CO2, aucune pollution à l'usage, la voiture la plus propre et la plus écologique, aucun rejet"
BYD,BYD SEAL U,electric,"électrique à batterie, se recharge sur borne, très grand véhicule volumineux, performances courantes, 4.51 € aux 100 km, économique, silencieuse en ville, trajets domicile-travail, grande autonomie de 500 km, longs trajets possibles, famille nombreuse, cinq places et bagages, vacances, zéro émission de CO2, aucune pollution à l'usage, la voiture la plus propre et la plus écologique, aucun rejet"
BYD,BYD SEAL U DM-I,petrol/electric,"hybride essence sans prise, très grand véhicule volumineux, motorisation modeste et tranquille, 1.22 € aux 100 km, très bon marché à l'usage, petit budget, sobre sur route et autoroute, famille nombreuse, cinq places et bagages, vacances, 16 g de CO2 par km, faibles rejets"
BYD,BYD SEALION 7,electric,"électrique à batterie, se recharge sur borne, très grand véhicule volumineux, bonnes reprises, 4.38 € aux 100 km, économique, silencieuse en ville, trajets domicile-travail, grande autonomie de 482 km, longs trajets possibles, famille nombreuse, cinq places et bagages, vacances, zéro émission de CO2, aucune pollution à l'usage, la voiture la plus propre et la plus écologique, aucun rejet"
BYD,HAN,electric,"électrique à batterie, se recharge sur borne, voiture de sport légère, deux places, usage plaisir, sportive et très puissante, 4.07 € aux 100 km, économique, grande autonomie de 521 km, longs trajets possibles, encombrement minimal, deuxième voiture, zéro émission de CO2, aucune pollution à l'usage, la voiture la plus propre et la plus écologique, aucun rejet"
BYD,SEAL 6 DM-I,petrol/electric,"hybride essence sans prise, familiale spacieuse, grand coffre, motorisation modeste et tranquille, 2.62 € aux 100 km, très bon marché à l'usage, petit budget, sobre sur route et autoroute, famille nombreuse, cinq places et bagages, vacances, 34 g de CO2 par km, faibles rejets"
BYD,SEAL 6 DM-I TOURING,petrol/electric,"hybride essence sans prise, familiale spacieuse, grand coffre, motorisation modeste et tranquille, 2.98 € aux 100 km, très bon marché à l'usage, petit budget, sobre sur route et autoroute, famille nombreuse, cinq places et bagages, vacances, 38 g de CO2 par km, faibles rejets"
BYD,SEAL U,electric,"électrique à batterie, se recharge sur borne, très grand véhicule volumineux, performances courantes, 4.44 € aux 100 km, économique, silencieuse en ville, trajets domicile-travail, grande autonomie de 460 km, longs trajets possibles, famille nombreuse, cinq places et bagages, vacances, zéro émission de CO2, aucune pollution à l'usage, la voiture la plus propre et la plus écologique, aucun rejet"
BYD,SEAL U,petrol/electric,"hybride essence sans prise, très grand véhicule volumineux, motorisation modeste et tranquille, 1.57 € aux 100 km, très bon marché à l'usage, petit budget, sobre sur route et autoroute, famille nombreuse, cinq places et bagages, vacances, 20 g de CO2 par km, faibles rejets"
BYD,SEALION 7,electric,"électrique à batterie, se recharge sur borne, voiture de sport légère, deux places, usage plaisir, sportive et très puissante, 4.82 € aux 100 km, économique, grande autonomie de 502 km, longs trajets possibles, encombrement minimal, deuxième voiture, zéro émission de CO2, aucune pollution à l'usage, la voiture la plus propre et la plus écologique, aucun rejet"
BYD,TANG EV,electric,"électrique à batterie, se recharge sur borne, véhicule très lourd et imposant, sportive et très puissante, 5.28 € aux 100 km, économique, silencieuse en ville, trajets domicile-travail, grande autonomie de 530 km, longs trajets possibles, famille nombreuse, cinq places et bagages, vacances, zéro émission de CO2, aucune pollution à l'usage, la voiture la plus propre et la plus écologique, aucun rejet"
CADILLAC,LYRIQ,electric,"électrique à batterie, se recharge sur borne, véhicule très lourd et imposant, sportive et très puissante, 4.95 € aux 100 km, économique, silencieuse en ville, trajets domicile-travail, grande autonomie de 530 km, longs trajets possibles, famille nombreuse, cinq places et bagages, vacances, zéro émission de CO2, aucune pollution à l'usage, la voiture la plus propre et la plus écologique, aucun rejet"
CASELANI,FOURGONNETTE,electric,"électrique à batterie, se recharge sur borne, familiale spacieuse, grand coffre, motorisation modeste et tranquille, 4.03 € aux 100 km, économique, silencieuse en ville, trajets domicile-travail, famille nombreuse, cinq places et bagages, vacances, zéro émission de CO2, aucune pollution à l'usage, la voiture la plus propre et la plus écologique, aucun rejet"
CATERHAM,SEVEN CSR,petrol,"essence, voiture de sport légère, deux places, usage plaisir, sportive et très puissante, 13.65 € aux 100 km, chère à faire rouler, encombrement minimal, deuxième voiture, 176 g de CO2 par km, très polluante, malus écologique"
CATERHAM,SEVEN S3,petrol,"essence, voiture de sport légère, deux places, usage plaisir, sportive et très puissante, 11.72 € aux 100 km, coût moyen, encombrement minimal, deuxième voiture, 148 g de CO2 par km, rejets moyens"
CATERHAM,SEVEN SV,petrol,"essence, voiture de sport légère, deux places, usage plaisir, sportive et très puissante, 11.38 € aux 100 km, coût moyen, encombrement minimal, deuxième voiture, 148 g de CO2 par km, rejets moyens"
CITROEN,BERLINGO,diesel,"diesel gazole, familiale spacieuse, grand coffre, performances courantes, 9.35 € aux 100 km, coût moyen, gros rouleur, 20 000 à 50 000 km par an, longues distances quotidiennes sur autoroute, grande autonomie par plein, famille nombreuse, cinq places et bagages, vacances, 145 g de CO2 par km, rejets moyens"
CITROEN,BERLINGO,petrol,"essence, compacte polyvalente, motorisation modeste et tranquille, 11.03 € aux 100 km, coût moyen, facile en ville, 143 g de CO2 par km, rejets moyens"
CITROEN,C3,diesel,"diesel gazole, petite citadine maniable, performances courantes, 7.65 € aux 100 km, économique, facile en ville, gros rouleur, 20 000 à 50 000 km par an, longues distances quotidiennes sur autoroute, grande autonomie par plein, 117 g de CO2 par km, rejets moyens"
CITROEN,C3,petrol,"essence, compacte polyvalente, performances courantes, 8.75 € aux 100 km, coût moyen, excellente en ville et dans les embouteillages, sobre sur route et autoroute, 114 g de CO2 par km, rejets moyens, modèle très répandu en France"
CITROEN,C3,petrol,"essence, petite citadine maniable, performances courantes, 9.80 € aux 100 km, coût moyen, facile en ville, 127 g de CO2 par km, rejets moyens, modèle très répandu en France"
CITROEN,C3 AIRCROSS,diesel,"diesel gazole, compacte polyvalente, performances courantes, 8.16 € aux 100 km, coût moyen, facile en ville, gros rouleur, 20 000 à 50 000 km par an, longues distances quotidiennes sur autoroute, grande autonomie par plein, 127 g de CO2 par km, rejets moyens"
CITROEN,C3 AIRCROSS,petrol,"essence, compacte polyvalente, performances courantes, 9.28 € aux 100 km, coût moyen, excellente en ville et dans les embouteillages, sobre sur route et autoroute, 120 g de CO2 par km, rejets moyens"
CITROEN,C3 AIRCROSS,petrol,"essence, compacte polyvalente, performances courantes, 10.50 € aux 100 km, coût moyen, facile en ville, 136 g de CO2 par km, rejets moyens"
CITROEN,C4,diesel,"diesel gazole, compacte polyvalente, performances courantes, 8.67 € aux 100 km, coût moyen, facile en ville, gros rouleur, 20 000 à 50 000 km par an, longues distances quotidiennes sur autoroute, grande autonomie par plein, 133 g de CO2 par km, rejets moyens"
CITROEN,C4,petrol,"essence, compacte polyvalente, performances courantes, 8.22 € aux 100 km, coût moyen, excellente en ville et dans les embouteillages, sobre sur route et autoroute, 106 g de CO2 par km, rejets moyens, modèle très répandu en France"
CITROEN,C4,petrol,"essence, compacte polyvalente, performances courantes, 10.33 € aux 100 km, coût moyen, facile en ville, 134 g de CO2 par km, rejets moyens"
CITROEN,C4 X,diesel,"diesel gazole, compacte polyvalente, performances courantes, 8.33 € aux 100 km, coût moyen, facile en ville, gros rouleur, 20 000 à 50 000 km par an, longues distances quotidiennes sur autoroute, grande autonomie par plein, 130 g de CO2 par km, rejets moyens"
CITROEN,C4 X,petrol,"essence, compacte polyvalente, performances courantes, 8.22 € aux 100 km, coût moyen, excellente en ville et dans les embouteillages, sobre sur route et autoroute, 106 g de CO2 par km, rejets moyens"
CITROEN,C4 X,petrol,"essence, compacte polyvalente, performances courantes, 10.15 € aux 100 km, coût moyen, facile en ville, 132 g de CO2 par km, rejets moyens"
CITROEN,C4X,petrol,"essence, compacte polyvalente, performances courantes, 10.33 € aux 100 km, coût moyen, facile en ville, 133 g de CO2 par km, rejets moyens"
CITROEN,C5 AIRCROSS,diesel,"diesel gazole, familiale spacieuse, grand coffre, performances courantes, 9.35 € aux 100 km, coût moyen, gros rouleur, 20 000 à 50 000 km par an, longues distances quotidiennes sur autoroute, grande autonomie par plein, famille nombreuse, cinq places et bagages, vacances, 144 g de CO2 par km, rejets moyens"
CITROEN,C5 AIRCROSS,electric,"électrique à batterie, se recharge sur borne, très grand véhicule volumineux, performances courantes, 3.85 € aux 100 km, très bon marché à l'usage, petit budget, silencieuse en ville, trajets domicile-travail, grande autonomie de 509 km, longs trajets possibles, famille nombreuse, cinq places et bagages, vacances, zéro émission de CO2, aucune pollution à l'usage, la voiture la plus propre et la plus écologique, aucun rejet"
CITROEN,C5 AIRCROSS,petrol,"essence, familiale spacieuse, grand coffre, performances courantes, 9.97 € aux 100 km, coût moyen, excellente en ville et dans les embouteillages, famille nombreuse, cinq places et bagages, vacances, 128 g de CO2 par km, rejets moyens, modèle très répandu en France"
CITROEN,C5 AIRCROSS,petrol,"essence, familiale spacieuse, grand coffre, performances courantes, 11.03 € aux 100 km, coût moyen, famille nombreuse, cinq places et bagages, vacances, 142 g de CO2 par km, rejets moyens"
CITROEN,C5 AIRCROSS,petrol/electric,"hybride essence sans prise, familiale spacieuse, grand coffre, performances courantes, 2.45 € aux 100 km, très bon marché à l'usage, petit budget, sobre sur route et autoroute, famille nombreuse, cinq places et bagages, vacances, 33 g de CO2 par km, faibles rejets"
CITROEN,C5 X,petrol,"essence, familiale spacieuse, grand coffre, performances courantes, 8.92 € aux 100 km, coût moyen, excellente en ville et dans les embouteillages, sobre sur route et autoroute, famille nombreuse, cinq places et bagages, vacances, 116 g de CO2 par km, rejets moyens"
CITROEN,C5 X,petrol,"essence, familiale spacieuse, grand coffre, performances courantes, 10.67 € aux 100 km, coût moyen, famille nombreuse, cinq places et bagages, vacances, 139 g de CO2 par km, rejets moyens"
CITROEN,C5 X,petrol/electric,"hybride essence sans prise, familiale spacieuse, grand coffre, performances courantes, 2.45 € aux 100 km, très bon marché à l'usage, petit budget, sobre sur route et autoroute, famille nombreuse, cinq places et bagages, vacances, 32 g de CO2 par km, faibles rejets"
CITROEN,E-BERLINGO,electric,"électrique à batterie, se recharge sur borne, familiale spacieuse, grand coffre, motorisation modeste et tranquille, 4.03 € aux 100 km, économique, silencieuse en ville, trajets domicile-travail, famille nombreuse, cinq places et bagages, vacances, zéro émission de CO2, aucune pollution à l'usage, la voiture la plus propre et la plus écologique, aucun rejet"
CITROEN,E-C3,electric,"électrique à batterie, se recharge sur borne, petite citadine maniable, performances courantes, 3.67 € aux 100 km, très bon marché à l'usage, petit budget, silencieuse en ville, trajets domicile-travail, zéro émission de CO2, aucune pollution à l'usage, la voiture la plus propre et la plus écologique, aucun rejet, modèle très répandu en France"
CITROEN,E-C3 AIRCROSS,electric,"électrique à batterie, se recharge sur borne, petite citadine maniable, motorisation modeste et tranquille, 4.03 € aux 100 km, économique, silencieuse en ville, trajets domicile-travail, zéro émission de CO2, aucune pollution à l'usage, la voiture la plus propre et la plus écologique, aucun rejet"
CITROEN,E-C4,electric,"électrique à batterie, se recharge sur borne, compacte polyvalente, performances courantes, 3.30 € aux 100 km, très bon marché à l'usage, petit budget, silencieuse en ville, trajets domicile-travail, zéro émission de CO2, aucune pollution à l'usage, la voiture la plus propre et la plus écologique, aucun rejet"
CITROEN,E-C4 X,electric,"électrique à batterie, se recharge sur borne, compacte polyvalente, performances courantes, 3.23 € aux 100 km, très bon marché à l'usage, petit budget, silencieuse en ville, trajets domicile-travail, grande autonomie de 421 km, longs trajets possibles, zéro émission de CO2, aucune pollution à l'usage, la voiture la plus propre et la plus écologique, aucun rejet"
CITROEN,JUMPY,diesel,"diesel gazole, très grand véhicule volumineux, performances courantes, 12.41 € aux 100 km, chère à faire rouler, gros rouleur, 20 000 à 50 000 km par an, longues distances quotidiennes sur autoroute, grande autonomie par plein, famille nombreuse, cinq places et bagages, vacances, 191 g de CO2 par km, très polluante, malus écologique"
CITROEN,JUMPY,electric,"électrique à batterie, se recharge sur borne, très grand véhicule volumineux, motorisation modeste et tranquille, 5.32 € aux 100 km, économique, silencieuse en ville, trajets domicile-travail, famille nombreuse, cinq places et bagages, vacances, zéro émission de CO2, aucune pollution à l'usage, la voiture la plus propre et la plus écologique, aucun rejet"
CITROEN,JUMPY SPACE TOURER,diesel,"diesel gazole, très grand véhicule volumineux, performances courantes, 13.43 € aux 100 km, chère à faire rouler, gros rouleur, 20 000 à 50 000 km par an, longues distances quotidiennes sur autoroute, grande autonomie par plein, famille nombreuse, cinq places et bagages, vacances, 203 g de CO2 par km, très polluante, malus écologique"
CITROEN,SPACETOURER,diesel,"diesel gazole, très grand véhicule volumineux, performances courantes, 12.58 € aux 100 km, chère à faire rouler, gros rouleur, 20 000 à 50 000 km par an, longues distances quotidiennes sur autoroute, grande autonomie par plein, famille nombreuse, cinq places et bagages, vacances, 193 g de CO2 par km, très polluante, malus écologique"
CITROEN,SPACETOURER,electric,"électrique à batterie, se recharge sur borne, très grand véhicule volumineux, motorisation modeste et tranquille, 5.37 € aux 100 km, économique, silencieuse en ville, trajets domicile-travail, famille nombreuse, cinq places et bagages, vacances, zéro émission de CO2, aucune pollution à l'usage, la voiture la plus propre et la plus écologique, aucun rejet"
CUPRA,BORN 150 KW 58 62 KWH,electric,"électrique à batterie, se recharge sur borne, familiale spacieuse, grand coffre, bonnes reprises, 3.39 € aux 100 km, très bon marché à l'usage, petit budget, silencieuse en ville, trajets domicile-travail, grande autonomie de 424 km, longs trajets possibles, famille nombreuse, cinq places et bagages, vacances, zéro émission de CO2, aucune pollution à l'usage, la voiture la plus propre et la plus écologique, aucun rejet"
CUPRA,BORN 150 KW 60 63 KWH,electric,"électrique à batterie, se recharge sur borne, familiale spacieuse, grand coffre, bonnes reprises, 3.43 € aux 100 km, très bon marché à l'usage, petit budget, silencieuse en ville, trajets domicile-travail, grande autonomie de 428 km, longs trajets possibles, famille nombreuse, cinq places et bagages, vacances, zéro émission de CO2, aucune pollution à l'usage, la voiture la plus propre et la plus écologique, aucun rejet"
CUPRA,BORN 170 KW 58 62 KWH,electric,"électrique à batterie, se recharge sur borne, familiale spacieuse, grand coffre, bonnes reprises, 3.41 € aux 100 km, très bon marché à l'usage, petit budget, silencieuse en ville, trajets domicile-travail, grande autonomie de 421 km, longs trajets possibles, famille nombreuse, cinq places et bagages, vacances, zéro émission de CO2, aucune pollution à l'usage, la voiture la plus propre et la plus écologique, aucun rejet"
CUPRA,BORN 170 KW 60 63 KWH,electric,"électrique à batterie, se recharge sur borne, familiale spacieuse, grand coffre, bonnes reprises, 3.43 € aux 100 km, très bon marché à l'usage, petit budget, silencieuse en ville, trajets domicile-travail, grande autonomie de 426 km, longs trajets possibles, famille nombreuse, cinq places et bagages, vacances, zéro émission de CO2, aucune pollution à l'usage, la voiture la plus propre et la plus écologique, aucun rejet"
CUPRA,BORN 170 KW 77 82 KWH,electric,"électrique à batterie, se recharge sur borne, familiale spacieuse, grand coffre, bonnes reprises, 3.50 € aux 100 km, très bon marché à l'usage, petit budget, silencieuse en ville, trajets domicile-travail, grande autonomie de 548 km, longs trajets possibles, famille nombreuse, cinq places et bagages, vacances, zéro émission de CO2, aucune pollution à l'usage, la voiture la plus propre et la plus écologique, aucun rejet"
CUPRA,BORN 170 KW 79 84 KWH,electric,"électrique à batterie, se recharge sur borne, familiale spacieuse, grand coffre, bonnes reprises, 3.52 € aux 100 km, très bon marché à l'usage, petit budget, silencieuse en ville, trajets domicile-travail, grande autonomie de 553 km, longs trajets possibles, famille nombreuse, cinq places et bagages, vacances, zéro émission de CO2, aucune pollution à l'usage, la voiture la plus propre et la plus écologique, aucun rejet"
CUPRA,BORN 240 KW 79 84 KWH,electric,"électrique à batterie, se recharge sur borne, familiale spacieuse, grand coffre, sportive et très puissante, 3.30 € aux 100 km, très bon marché à l'usage, petit budget, silencieuse en ville, trajets domicile-travail, grande autonomie de 590 km, longs trajets possibles, famille nombreuse, cinq places et bagages, vacances, zéro émission de CO2, aucune pollution à l'usage, la voiture la plus propre et la plus écologique, aucun rejet"
CUPRA,CUPRA ATECA,petrol,"essence, compacte polyvalente, performances courantes, 11.81 € aux 100 km, coût moyen, facile en ville, 154 g de CO2 par km, rejets moyens"
CUPRA,CUPRA LEON,diesel,"diesel gazole, compacte polyvalente, performances courantes, 8.16 € aux 100 km, coût moyen, facile en ville, gros rouleur, 20 000 à 50 000 km par an, longues distances quotidiennes sur autoroute, grande autonomie par plein, 127 g de CO2 par km, rejets moyens"
CUPRA,CUPRA LEON,petrol,"essence, compacte polyvalente, bonnes reprises, 9.62 € aux 100 km, coût moyen, excellente en ville et dans les embouteillages, sobre sur route et autoroute, 125 g de CO2 par km, rejets moyens"
CUPRA,CUPRA LEON,petrol,"essence, voiture de sport légère, deux places, usage plaisir, sportive et très puissante, 13.30 € aux 100 km, chère à faire rouler, encombrement minimal, deuxième voiture, 173 g de CO2 par km, très polluante, malus écologique"
CUPRA,CUPRA LEON E-HYBRID150,petrol/electric,"hybride essence sans prise, familiale spacieuse, grand coffre, performances courantes, 0.70 € aux 100 km, très bon marché à l'usage, petit budget, sobre sur route et autoroute, famille nombreuse, cinq places et bagages, vacances, 9 g de CO2 par km, faibles rejets"
CUPRA,CUPRA LEON E-HYBRID180,petrol/electric,"hybride essence sans prise, familiale spacieuse, grand coffre, performances courantes, 2.27 € aux 100 km, très bon marché à l'usage, petit budget, sobre sur route et autoroute, famille nombreuse, cinq places et bagages, vacances, 29 g de CO2 par km, faibles rejets"
CUPRA,CUPRA LEON E-HYBRID200,petrol/electric,"hybride essence sans prise, familiale spacieuse, grand coffre, performances courantes, 0.70 € aux 100 km, très bon marché à l'usage, petit budget, sobre sur route et autoroute, famille nombreuse, cinq places et bagages, vacances, 10 g de CO2 par km, faibles rejets"
CUPRA,CUPRA LEON SP,diesel,"diesel gazole, familiale spacieuse, grand coffre, performances courantes, 8.33 € aux 100 km, coût moyen, gros rouleur, 20 000 à 50 000 km par an, longues distances quotidiennes sur autoroute, grande autonomie par plein, famille nombreuse, cinq places et bagages, vacances, 130 g de CO2 par km, rejets moyens"
CUPRA,CUPRA LEON SP,petrol,"essence, compacte polyvalente, performances courantes, 9.62 € aux 100 km, coût moyen, excellente en ville et dans les embouteillages, sobre sur route et autoroute, 124 g de CO2 par km, rejets moyens"
CUPRA,CUPRA LEON SP,petrol,"essence, familiale spacieuse, grand coffre, sportive et très puissante, 14.35 € aux 100 km, chère à faire rouler, famille nombreuse, cinq places et bagages, vacances, 186 g de CO2 par km, très polluante, malus écologique"
CUPRA,CUPRA LEON SP E-HYBRID150,petrol/electric,"hybride essence sans prise, familiale spacieuse, grand coffre, performances courantes, 0.70 € aux 100 km, très bon marché à l'usage, petit budget, sobre sur route et autoroute, famille nombreuse, cinq places et bagages, vacances, 9 g de CO2 par km, faibles rejets"
CUPRA,CUPRA LEON SP E-HYBRID180,petrol/electric,"hybride essence sans prise, familiale spacieuse, grand coffre, performances courantes, 2.27 € aux 100 km, très bon marché à l'usage, petit budget, sobre sur route et autoroute, famille nombreuse, cinq places et bagages, vacances, 30 g de CO2 par km, faibles rejets"
CUPRA,CUPRA LEON SP E-HYBRID200,petrol/electric,"hybride essence sans prise, familiale spacieuse, grand coffre, performances courantes, 0.88 € aux 100 km, très bon marché à l'usage, petit budget, sobre sur route et autoroute, famille nombreuse, cinq places et bagages, vacances, 10 g de CO2 par km, faibles rejets"
CUPRA,FORMENTOR,diesel,"diesel gazole, familiale spacieuse, grand coffre, performances courantes, 9.01 € aux 100 km, coût moyen, gros rouleur, 20 000 à 50 000 km par an, longues distances quotidiennes sur autoroute, grande autonomie par plein, famille nombreuse, cinq places et bagages, vacances, 137 g de CO2 par km, rejets moyens"
CUPRA,FORMENTOR,petrol,"essence, familiale spacieuse, grand coffre, performances courantes, 10.33 € aux 100 km, coût moyen, excellente en ville et dans les embouteillages, famille nombreuse, cinq places et bagages, vacances, 134 g de CO2 par km, rejets moyens"
CUPRA,FORMENTOR,petrol,"essence, compacte polyvalente, performances courantes, 11.90 € aux 100 km, coût moyen, facile en ville, 155 g de CO2 par km, rejets moyens"
CUPRA,FORMENTOR E-HYBRID,petrol/electric,"hybride essence sans prise, familiale spacieuse, grand coffre, performances courantes, 0.70 € aux 100 km, très bon marché à l'usage, petit budget, sobre sur route et autoroute, famille nombreuse, cinq places et bagages, vacances, 10 g de CO2 par km, faibles rejets"
CUPRA,FORMENTOR VZ E-HYBRID,petrol/electric,"hybride essence sans prise, familiale spacieuse, grand coffre, performances courantes, 2.62 € aux 100 km, très bon marché à l'usage, petit budget, sobre sur route et autoroute, famille nombreuse, cinq places et bagages, vacances, 33 g de CO2 par km, faibles rejets"
CUPRA,LEON,diesel,"diesel gazole, compacte polyvalente, performances courantes, 9.18 € aux 100 km, coût moyen, facile en ville, gros rouleur, 20 000 à 50 000 km par an, longues distances quotidiennes sur autoroute, grande autonomie par plein, 128 g de CO2 par km, rejets moyens"
CUPRA,LEON,petrol,"essence, compacte polyvalente, bonnes reprises, 10.85 € aux 100 km, coût moyen, excellente en ville et dans les embouteillages, 125 g de CO2 par km, rejets moyens"
CUPRA,LEON SP,diesel,"diesel gazole, familiale spacieuse, grand coffre, performances courantes, 9.18 € aux 100 km, coût moyen, gros rouleur, 20 000 à 50 000 km par an, longues distances quotidiennes sur autoroute, grande autonomie par plein, famille nombreuse, cinq places et bagages, vacances, 129 g de CO2 par km, rejets moyens"
CUPRA,LEON SP,petrol,"essence, compacte polyvalente, performances courantes, 10.85 € aux 100 km, coût moyen, excellente en ville et dans les embouteillages, 126 g de CO2 par km, rejets moyens"
CUPRA,LEON SP E-HYBRID150,petrol/electric,"hybride essence sans prise, familiale spacieuse, grand coffre, performances courantes, 0.88 € aux 100 km, très bon marché à l'usage, petit budget, sobre sur route et autoroute, famille nombreuse, cinq places et bagages, vacances, 8 g de CO2 par km, faibles rejets"
CUPRA,TAVASCAN,electric,"électrique à batterie, se recharge sur borne, très grand véhicule volumineux, bonnes reprises, 3.37 € aux 100 km, très bon marché à l'usage, petit budget, silencieuse en ville, trajets domicile-travail, grande autonomie de 566 km, longs trajets possibles, famille nombreuse, cinq places et bagages, vacances, zéro émission de CO2, aucune pollution à l'usage, la voiture la plus propre et la plus écologique, aucun rejet"
CUPRA,TERRAMAR,petrol,"essence, familiale spacieuse, grand coffre, performances courantes, 10.67 € aux 100 km, coût moyen, excellente en ville et dans les embouteillages, famille nombreuse, cinq places et bagages, vacances, 140 g de CO2 par km, rejets moyens"
CUPRA,TERRAMAR E-HYBRID,petrol/electric,"hybride essence sans prise, très grand véhicule volumineux, performances courantes, 0.88 € aux 100 km, très bon marché à l'usage, petit budget, sobre sur route et autoroute, famille nombreuse, cinq places et bagages, vacances, 10 g de CO2 par km, faibles rejets"
DACIA,BIGSTER,lpg,"GPL, roule au gaz, familiale spacieuse, grand coffre, performances courantes, 6.74 € aux 100 km, économique, famille nombreuse, cinq places et bagages, vacances, 115 g de CO2 par km, rejets moyens"
DACIA,BIGSTER,petrol,"essence, familiale spacieuse, grand coffre, motorisation modeste et tranquille, 8.22 € aux 100 km, coût moyen, excellente en ville et dans les embouteillages, sobre sur route et autoroute, famille nombreuse, cinq places et bagages, vacances, 106 g de CO2 par km, rejets moyens, modèle très répandu en France"
DACIA,DUSTER,diesel,"diesel gazole, compacte polyvalente, performances courantes, 8.16 € aux 100 km, coût moyen, facile en ville, gros rouleur, 20 000 à 50 000 km par an, longues distances quotidiennes sur autoroute, grande autonomie par plein, 125 g de CO2 par km, rejets moyens"
DACIA,DUSTER,lpg,"GPL, roule au gaz, compacte polyvalente, motorisation modeste et tranquille, 7.41 € aux 100 km, économique, facile en ville, 127 g de CO2 par km, rejets moyens"
DACIA,DUSTER,petrol,"essence, compacte polyvalente, motorisation modeste et tranquille, 8.75 € aux 100 km, coût moyen, excellente en ville et dans les embouteillages, sobre sur route et autoroute, 113 g de CO2 par km, rejets moyens, modèle très répandu en France"
DACIA,DUSTER,petrol,"essence, petite citadine maniable, motorisation modeste et tranquille, 10.85 € aux 100 km, coût moyen, facile en ville, 140 g de CO2 par km, rejets moyens"
DACIA,JOGGER,lpg,"GPL, roule au gaz, compacte polyvalente, performances courantes, 7.31 € aux 100 km, économique, facile en ville, 119 g de CO2 par km, rejets moyens"
DACIA,JOGGER,petrol,"essence, compacte polyvalente, motorisation modeste et tranquille, 8.40 € aux 100 km, coût moyen, excellente en ville et dans les embouteillages, sobre sur route et autoroute, 107 g de CO2 par km, rejets moyens"
DACIA,JOGGER,petrol,"essence, compacte polyvalente, performances courantes, 10.15 € aux 100 km, coût moyen, facile en ville, 131 g de CO2 par km, rejets moyens"
DACIA,LOGAN,petrol,"essence, petite citadine maniable, performances courantes, 9.62 € aux 100 km, coût moyen, facile en ville, sobre sur route et autoroute, 115 g de CO2 par km, rejets moyens"
DACIA,SANDERO,lpg,"GPL, roule au gaz, petite citadine maniable, performances courantes, 6.65 € aux 100 km, économique, facile en ville, 112 g de CO2 par km, rejets moyens, modèle très répandu en France"
DACIA,SANDERO,petrol,"essence, petite citadine maniable, performances courantes, 9.45 € aux 100 km, coût moyen, facile en ville, sobre sur route et autoroute, 122 g de CO2 par km, rejets moyens, modèle très répandu en France"
DACIA,SPRING,electric,"électrique à batterie, se recharge sur borne, toute petite citadine légère, facile à garer, motorisation modeste et tranquille, 2.90 € aux 100 km, très bon marché à l'usage, petit budget, silencieuse en ville, trajets domicile-travail, autonomie limitée de 228 km, trajets courts seulement, encombrement minimal, deuxième voiture, zéro émission de CO2, aucune pollution à l'usage, la voiture la plus propre et la plus écologique, aucun rejet"
DALLARA,DALLARA STRADALE,petrol,"essence, voiture de sport légère, deux places, usage plaisir, sportive et très puissante, 16.80 € aux 100 km, chère à faire rouler, encombrement minimal, deuxième voiture, 216 g de CO2 par km, très polluante, malus écologique"
DFSK,SERES 3,electric,"électrique à batterie, se recharge sur borne, compacte polyvalente, performances courantes, 4.20 € aux 100 km, économique, silencieuse en ville, trajets domicile-travail, zéro émission de CO2, aucune pollution à l'usage, la voiture la plus propre et la plus écologique, aucun rejet"
DONGFENG,BOX,electric,"électrique à batterie, se recharge sur borne, toute petite citadine légère, facile à garer, motorisation modeste et tranquille, 3.39 € aux 100 km, très bon marché à l'usage, petit budget, silencieuse en ville, trajets domicile-travail, autonomie limitée de 230 km, trajets courts seulement, encombrement minimal, deuxième voiture, zéro émission de CO2, aucune pollution à l'usage, la voiture la plus propre et la plus écologique, aucun rejet"
DS,DS 3,diesel,"diesel gazole, compacte polyvalente, performances courantes, 8.84 € aux 100 km, coût moyen, facile en ville, gros rouleur, 20 000 à 50 000 km par an, longues distances quotidiennes sur autoroute, grande autonomie par plein, 136 g de CO2 par km, rejets moyens"
DS,DS 3,electric,"électrique à batterie, se recharge sur borne, compacte polyvalente, performances courantes, 3.41 € aux 100 km, très bon marché à l'usage, petit budget, silencieuse en ville, trajets domicile-travail, zéro émission de CO2, aucune pollution à l'usage, la voiture la plus propre et la plus écologique, aucun rejet"
DS,DS 3,petrol,"essence, compacte polyvalente, performances courantes, 8.58 € aux 100 km, coût moyen, excellente en ville et dans les embouteillages, sobre sur route et autoroute, 112 g de CO2 par km, rejets moyens"
DS,DS 3,petrol,"essence, compacte polyvalente, performances courantes, 10.67 € aux 100 km, coût moyen, facile en ville, 137 g de CO2 par km, rejets moyens"
DS,DS 3 CROSSBACK,electric,"électrique à batterie, se recharge sur borne, compacte polyvalente, performances courantes, 3.54 € aux 100 km, très bon marché à l'usage, petit budget, silencieuse en ville, trajets domicile-travail, zéro émission de CO2, aucune pollution à l'usage, la voiture la plus propre et la plus écologique, aucun rejet"
DS,DS 4,diesel,"diesel gazole, familiale spacieuse, grand coffre, performances courantes, 10.03 € aux 100 km, coût moyen, gros rouleur, 20 000 à 50 000 km par an, longues distances quotidiennes sur autoroute, grande autonomie par plein, famille nombreuse, cinq places et bagages, vacances, 138 g de CO2 par km, rejets moyens"
DS,DS 4,petrol,"essence, familiale spacieuse, grand coffre, performances courantes, 10.33 € aux 100 km, coût moyen, excellente en ville et dans les embouteillages, famille nombreuse, cinq places et bagages, vacances, 117 g de CO2 par km, rejets moyens"
DS,DS 4,petrol/electric,"hybride essence sans prise, familiale spacieuse, grand coffre, performances courantes, 2.80 € aux 100 km, très bon marché à l'usage, petit budget, sobre sur route et autoroute, famille nombreuse, cinq places et bagages, vacances, 33 g de CO2 par km, faibles rejets"
DS,DS 9,petrol,"essence, familiale spacieuse, grand coffre, bonnes reprises, 11.90 € aux 100 km, coût moyen, famille nombreuse, cinq places et bagages, vacances, 154 g de CO2 par km, rejets moyens"
DS,DS 9,petrol/electric,"hybride essence sans prise, très grand véhicule volumineux, performances courantes, 2.27 € aux 100 km, très bon marché à l'usage, petit budget, sobre sur route et autoroute, famille nombreuse, cinq places et bagages, vacances, 28 g de CO2 par km, faibles rejets"
DS,DS3,electric,"électrique à batterie, se recharge sur borne, compacte polyvalente, performances courantes, 3.41 € aux 100 km, très bon marché à l'usage, petit budget, silencieuse en ville, trajets domicile-travail, zéro émission de CO2, aucune pollution à l'usage, la voiture la plus propre et la plus écologique, aucun rejet"
DS,DS3,petrol,"essence, compacte polyvalente, performances courantes, 10.50 € aux 100 km, coût moyen, facile en ville, 135 g de CO2 par km, rejets moyens"
DS,DS4,diesel,"diesel gazole, familiale spacieuse, grand coffre, performances courantes, 8.84 € aux 100 km, coût moyen, gros rouleur, 20 000 à 50 000 km par an, longues distances quotidiennes sur autoroute, grande autonomie par plein, famille nombreuse, cinq places et bagages, vacances, 138 g de CO2 par km, rejets moyens"
DS,DS4,electric,"électrique à batterie, se recharge sur borne, familiale spacieuse, grand coffre, bonnes reprises, 3.39 € aux 100 km, très bon marché à l'usage, petit budget, silencieuse en ville, trajets domicile-travail, grande autonomie de 444 km, longs trajets possibles, famille nombreuse, cinq places et bagages, vacances, zéro émission de CO2, aucune pollution à l'usage, la voiture la plus propre et la plus écologique, aucun rejet"
DS,DS4,petrol,"essence, familiale spacieuse, grand coffre, performances courantes, 9.10 € aux 100 km, coût moyen, excellente en ville et dans les embouteillages, sobre sur route et autoroute, famille nombreuse, cinq places et bagages, vacances, 117 g de CO2 par km, rejets moyens"
DS,DS4,petrol,"essence, compacte polyvalente, performances courantes, 10.67 € aux 100 km, coût moyen, facile en ville, 138 g de CO2 par km, rejets moyens"
DS,DS4,petrol/electric,"hybride essence sans prise, familiale spacieuse, grand coffre, performances courantes, 2.62 € aux 100 km, très bon marché à l'usage, petit budget, sobre sur route et autoroute, famille nombreuse, cinq places et bagages, vacances, 33 g de CO2 par km, faibles rejets"
DS,DS7,diesel,"diesel gazole, familiale spacieuse, grand coffre, performances courantes, 9.52 € aux 100 km, coût moyen, gros rouleur, 20 000 à 50 000 km par an, longues distances quotidiennes sur autoroute, grande autonomie par plein, famille nombreuse, cinq places et bagages, vacances, 146 g de CO2 par km, rejets moyens"
DS,DS7,petrol/electric,"hybride essence sans prise, familiale spacieuse, grand coffre, performances courantes, 2.45 € aux 100 km, très bon marché à l'usage, petit budget, sobre sur route et autoroute, famille nombreuse, cinq places et bagages, vacances, 32 g de CO2 par km, faibles rejets"
DS,DS9,petrol/electric,"hybride essence sans prise, très grand véhicule volumineux, performances courantes, 2.98 € aux 100 km, très bon marché à l'usage, petit budget, sobre sur route et autoroute, famille nombreuse, cinq places et bagages, vacances, 38 g de CO2 par km, faibles rejets"
DS AUTOMOBILES,DS 3,electric,"électrique à batterie, se recharge sur borne, compacte polyvalente, performances courantes, 3.43 € aux 100 km, très bon marché à l'usage, petit budget, silencieuse en ville, trajets domicile-travail, zéro émission de CO2, aucune pollution à l'usage, la voiture la plus propre et la plus écologique, aucun rejet"
DS AUTOMOBILES,DS 3,petrol,"essence, compacte polyvalente, performances courantes, 8.75 € aux 100 km, coût moyen, excellente en ville et dans les embouteillages, sobre sur route et autoroute, 112 g de CO2 par km, rejets moyens"
DS AUTOMOBILES,N 4,diesel,"diesel gazole, familiale spacieuse, grand coffre, performances courantes, 8.84 € aux 100 km, coût moyen, gros rouleur, 20 000 à 50 000 km par an, longues distances quotidiennes sur autoroute, grande autonomie par plein, famille nombreuse, cinq places et bagages, vacances, 137 g de CO2 par km, rejets moyens"
DS AUTOMOBILES,N 4,electric,"électrique à batterie, se recharge sur borne, familiale spacieuse, grand coffre, bonnes reprises, 3.37 € aux 100 km, très bon marché à l'usage, petit budget, silencieuse en ville, trajets domicile-travail, grande autonomie de 441 km, longs trajets possibles, famille nombreuse, cinq places et bagages, vacances, zéro émission de CO2, aucune pollution à l'usage, la voiture la plus propre et la plus écologique, aucun rejet"
DS AUTOMOBILES,N 4,petrol,"essence, familiale spacieuse, grand coffre, performances courantes, 9.10 € aux 100 km, coût moyen, excellente en ville et dans les embouteillages, sobre sur route et autoroute, famille nombreuse, cinq places et bagages, vacances, 117 g de CO2 par km, rejets moyens"
DS AUTOMOBILES,N 4,petrol/electric,"hybride essence sans prise, familiale spacieuse, grand coffre, performances courantes, 5.25 € aux 100 km, économique, sobre sur route et autoroute, famille nombreuse, cinq places et bagages, vacances, 60 g de CO2 par km, faibles rejets"
DS AUTOMOBILES,N 7,electric,"électrique à batterie, se recharge sur borne, très grand véhicule volumineux, bonnes reprises, 3.81 € aux 100 km, très bon marché à l'usage, petit budget, silencieuse en ville, trajets domicile-travail, grande autonomie de 693 km, longs trajets possibles, famille nombreuse, cinq places et bagages, vacances, zéro émission de CO2, aucune pollution à l'usage, la voiture la plus propre et la plus écologique, aucun rejet"
DS AUTOMOBILES,N 8,electric,"électrique à batterie, se recharge sur borne, très grand véhicule volumineux, bonnes reprises, 3.76 € aux 100 km, très bon marché à l'usage, petit budget, silencieuse en ville, trajets domicile-travail, grande autonomie de 646 km, longs trajets possibles, famille nombreuse, cinq places et bagages, vacances, zéro émission de CO2, aucune pollution à l'usage, la voiture la plus propre et la plus écologique, aucun rejet"
FAW,E-HS9,electric,"électrique à batterie, se recharge sur borne, voiture de sport légère, deux places, usage plaisir, sportive et très puissante, 4.84 € aux 100 km, économique, grande autonomie de 465 km, longs trajets possibles, encombrement minimal, deuxième voiture, zéro émission de CO2, aucune pollution à l'usage, la voiture la plus propre et la plus écologique, aucun rejet"
FERRARI,296 GTB,petrol/electric,"hybride essence sans prise, voiture de sport légère, deux places, usage plaisir, sportive et très puissante, 11.55 € aux 100 km, coût moyen, encombrement minimal, deuxième voiture, 149 g de CO2 par km, rejets moyens"
FERRARI,296 GTS,petrol/electric,"hybride essence sans prise, voiture de sport légère, deux places, usage plaisir, sportive et très puissante, 11.72 € aux 100 km, coût moyen, encombrement minimal, deuxième voiture, 153 g de CO2 par km, rejets moyens"
FERRARI,488,petrol,"essence, voiture de sport légère, deux places, usage plaisir, sportive et très puissante, 22.40 € aux 100 km, chère à faire rouler, encombrement minimal, deuxième voiture, 289 g de CO2 par km, très polluante, malus écologique"
FERRARI,812,petrol,"essence, voiture de sport légère, deux places, usage plaisir, sportive et très puissante, 29.57 € aux 100 km, chère à faire rouler, encombrement minimal, deuxième voiture, 385 g de CO2 par km, très polluante, malus écologique"
FERRARI,812 COMPETIZIONE,petrol,"essence, voiture de sport légère, deux places, usage plaisir, sportive et très puissante, 29.57 € aux 100 km, chère à faire rouler, encombrement minimal, deuxième voiture, 385 g de CO2 par km, très polluante, malus écologique"
FERRARI,812 COMPETIZIONE A,petrol,"essence, voiture de sport légère, deux places, usage plaisir, sportive et très puissante, 28.53 € aux 100 km, chère à faire rouler, encombrement minimal, deuxième voiture, 370 g de CO2 par km, très polluante, malus écologique"
FERRARI,FERRARI 12CILINDRI,petrol,"essence, voiture de sport légère, deux places, usage plaisir, sportive et très puissante, 27.12 € aux 100 km, chère à faire rouler, encombrement minimal, deuxième voiture, 353 g de CO2 par km, très polluante, malus écologique"
FERRARI,FERRARI 12CILINDRI SPIDER,petrol,"essence, voiture de sport légère, deux places, usage plaisir, sportive et très puissante, 27.82 € aux 100 km, chère à faire rouler, encombrement minimal, deuxième voiture, 360 g de CO2 par km, très polluante, malus écologique"
FERRARI,FERRARI DAYTONA SP3,petrol,"essence, voiture de sport légère, deux places, usage plaisir, sportive et très puissante, 28.35 € aux 100 km, chère à faire rouler, encombrement minimal, deuxième voiture, 368 g de CO2 par km, très polluante, malus écologique"
FERRARI,FERRARI PORTOFINO M,petrol,"essence, voiture de sport légère, deux places, usage plaisir, sportive et très puissante, 19.78 € aux 100 km, chère à faire rouler, encombrement minimal, deuxième voiture, 256 g de CO2 par km, très polluante, malus écologique"
FERRARI,FERRARI PUROSANGUE,petrol,"essence, voiture de sport légère, deux places, usage plaisir, sportive et très puissante, 30.28 € aux 100 km, chère à faire rouler, encombrement minimal, deuxième voiture, 393 g de CO2 par km, très polluante, malus écologique"
FERRARI,FERRARI ROMA,petrol,"essence, voiture de sport légère, deux places, usage plaisir, sportive et très puissante, 19.60 € aux 100 km, chère à faire rouler, encombrement minimal, deuxième voiture, 255 g de CO2 par km, très polluante, malus écologique"
FERRARI,FERRARI ROMA SPIDER,petrol,"essence, voiture de sport légère, deux places, usage plaisir, sportive et très puissante, 19.95 € aux 100 km, chère à faire rouler, encombrement minimal, deuxième voiture, 258 g de CO2 par km, très polluante, malus écologique"
FERRARI,SF90 SPIDER,petrol/electric,"hybride essence sans prise, voiture de sport légère, deux places, usage plaisir, sportive et très puissante, 12.08 € aux 100 km, chère à faire rouler, encombrement minimal, deuxième voiture, 156 g de CO2 par km, rejets moyens"
FERRARI,SF90 STRADALE,petrol/electric,"hybride essence sans prise, voiture de sport légère, deux places, usage plaisir, sportive et très puissante, 10.50 € aux 100 km, coût moyen, encombrement minimal, deuxième voiture, 160 g de CO2 par km, rejets moyens"
FERRARI,SF90 XX SPIDER,petrol/electric,"hybride essence sans prise, voiture de sport légère, deux places, usage plaisir, sportive et très puissante, 12.78 € aux 100 km, chère à faire rouler, encombrement minimal, deuxième voiture, 167 g de CO2 par km, très polluante, malus écologique"
FERRARI,SF90 XX STRADALE,petrol/electric,"hybride essence sans prise, voiture de sport légère, deux places, usage plaisir, sportive et très puissante, 12.78 € aux 100 km, chère à faire rouler, encombrement minimal, deuxième voiture, 167 g de CO2 par km, très polluante, malus écologique"
FIAT,500,electric,"électrique à batterie, se recharge sur borne, toute petite citadine légère, facile à garer, performances courantes, 2.99 € aux 100 km, très bon marché à l'usage, petit budget, silencieuse en ville, trajets domicile-travail, encombrement minimal, deuxième voiture, zéro émission de CO2, aucune pollution à l'usage, la voiture la plus propre et la plus écologique, aucun rejet"
FIAT,500,petrol,"essence, toute petite citadine légère, facile à garer, motorisation modeste et tranquille, 9.10 € aux 100 km, coût moyen, excellente en ville et dans les embouteillages, sobre sur route et autoroute, encombrement minimal, deuxième voiture, 105 g de CO2 par km, rejets moyens"
FIAT,500 HYBRID,petrol,"essence, petite citadine maniable, motorisation modeste et tranquille, 9.10 € aux 100 km, coût moyen, excellente en ville et dans les embouteillages, sobre sur route et autoroute, 119 g de CO2 par km, rejets moyens"
FIAT,500X,petrol,"essence, familiale spacieuse, grand coffre, performances courantes, 9.97 € aux 100 km, coût moyen, excellente en ville et dans les embouteillages, famille nombreuse, cinq places et bagages, vacances, 129 g de CO2 par km, rejets moyens"
FIAT,500X,petrol,"essence, compacte polyvalente, performances courantes, 11.20 € aux 100 km, coût moyen, facile en ville, 145 g de CO2 par km, rejets moyens"
FIAT,600,electric,"électrique à batterie, se recharge sur borne, compacte polyvalente, performances courantes, 3.37 € aux 100 km, très bon marché à l'usage, petit budget, silencieuse en ville, trajets domicile-travail, zéro émission de CO2, aucune pollution à l'usage, la voiture la plus propre et la plus écologique, aucun rejet"
FIAT,600,petrol,"essence, compacte polyvalente, motorisation modeste et tranquille, 8.40 € aux 100 km, coût moyen, excellente en ville et dans les embouteillages, sobre sur route et autoroute, 109 g de CO2 par km, rejets moyens"
FIAT,ABARTH 500,petrol,"essence, petite citadine maniable, sportive et très puissante, 12.60 € aux 100 km, chère à faire rouler, facile en ville, 162 g de CO2 par km, très polluante, malus écologique"
FIAT,FIAT 500,petrol,"essence, toute petite citadine légère, facile à garer, motorisation modeste et tranquille, 8.40 € aux 100 km, coût moyen, excellente en ville et dans les embouteillages, sobre sur route et autoroute, encombrement minimal, deuxième voiture, 109 g de CO2 par km, rejets moyens"
FIAT,FIAT TIPO,diesel,"diesel gazole, compacte polyvalente, performances courantes, 7.82 € aux 100 km, économique, facile en ville, gros rouleur, 20 000 à 50 000 km par an, longues distances quotidiennes sur autoroute, grande autonomie par plein, 121 g de CO2 par km, rejets moyens"
FIAT,PANDA,electric,"électrique à batterie, se recharge sur borne, petite citadine maniable, motorisation modeste et tranquille, 3.70 € aux 100 km, très bon marché à l'usage, petit budget, silencieuse en ville, trajets domicile-travail, zéro émission de CO2, aucune pollution à l'usage, la voiture la plus propre et la plus écologique, aucun rejet"
FIAT,PANDA,petrol,"essence, compacte polyvalente, performances courantes, 8.92 € aux 100 km, coût moyen, excellente en ville et dans les embouteillages, sobre sur route et autoroute, 116 g de CO2 par km, rejets moyens"
FIAT,SCUDO,diesel,"diesel gazole, très grand véhicule volumineux, performances courantes, 12.58 € aux 100 km, chère à faire rouler, gros rouleur, 20 000 à 50 000 km par an, longues distances quotidiennes sur autoroute, grande autonomie par plein, famille nombreuse, cinq places et bagages, vacances, 194 g de CO2 par km, très polluante, malus écologique"
FIAT,SCUDO,electric,"électrique à batterie, se recharge sur borne, très grand véhicule volumineux, motorisation modeste et tranquille, 5.40 € aux 100 km, économique, silencieuse en ville, trajets domicile-travail, famille nombreuse, cinq places et bagages, vacances, zéro émission de CO2, aucune pollution à l'usage, la voiture la plus propre et la plus écologique, aucun rejet"
FIAT,TIPO,diesel,"diesel gazole, compacte polyvalente, performances courantes, 8.33 € aux 100 km, coût moyen, facile en ville, gros rouleur, 20 000 à 50 000 km par an, longues distances quotidiennes sur autoroute, grande autonomie par plein, 121 g de CO2 par km, rejets moyens"
FIAT,ULYSSE,diesel,"diesel gazole, très grand véhicule volumineux, performances courantes, 12.58 € aux 100 km, chère à faire rouler, gros rouleur, 20 000 à 50 000 km par an, longues distances quotidiennes sur autoroute, grande autonomie par plein, famille nombreuse, cinq places et bagages, vacances, 194 g de CO2 par km, très polluante, malus écologique"
FIAT,ULYSSE,electric,"électrique à batterie, se recharge sur borne, familiale spacieuse, grand coffre, motorisation modeste et tranquille, 5.41 € aux 100 km, économique, silencieuse en ville, trajets domicile-travail, autonomie limitée de 225 km, trajets courts seulement, famille nombreuse, cinq places et bagages, vacances, zéro émission de CO2, aucune pollution à l'usage, la voiture la plus propre et la plus écologique, aucun rejet"
FORD,CAPRI,electric,"électrique à batterie, se recharge sur borne, très grand véhicule volumineux, bonnes reprises, 3.10 € aux 100 km, très bon marché à l'usage, petit budget, silencieuse en ville, trajets domicile-travail, grande autonomie de 598 km, longs trajets possibles, famille nombreuse, cinq places et bagages, vacances, zéro émission de CO2, aucune pollution à l'usage, la voiture la plus propre et la plus écologique, aucun rejet"
FORD,ECOSPORT,petrol,"essence, compacte polyvalente, performances courantes, 11.03 € aux 100 km, coût moyen, facile en ville, 143 g de CO2 par km, rejets moyens"
FORD,EXPLORER,electric,"électrique à batterie, se recharge sur borne, très grand véhicule volumineux, bonnes reprises, 3.19 € aux 100 km, très bon marché à l'usage, petit budget, silencieuse en ville, trajets domicile-travail, grande autonomie de 599 km, longs trajets possibles, famille nombreuse, cinq places et bagages, vacances, zéro émission de CO2, aucune pollution à l'usage, la voiture la plus propre et la plus écologique, aucun rejet"
FORD,EXPLORER,petrol/electric,"hybride essence sans prise, véhicule très lourd et imposant, bonnes reprises, 5.42 € aux 100 km, économique, sobre sur route et autoroute, famille nombreuse, cinq places et bagages, vacances, 71 g de CO2 par km, faibles rejets"
FORD,FIESTA,e85,"superéthanol E85, petite citadine maniable, performances courantes, 4.50 € aux 100 km, économique, facile en ville, sobre sur route et autoroute, 119 g de CO2 par km, rejets moyens"
FORD,FIESTA,petrol,"essence, petite citadine maniable, performances courantes, 8.92 € aux 100 km, coût moyen, excellente en ville et dans les embouteillages, sobre sur route et autoroute, 114 g de CO2 par km, rejets moyens"
FORD,FOCUS,diesel,"diesel gazole, compacte polyvalente, performances courantes, 8.50 € aux 100 km, coût moyen, facile en ville, gros rouleur, 20 000 à 50 000 km par an, longues distances quotidiennes sur autoroute, grande autonomie par plein, 130 g de CO2 par km, rejets moyens"
FORD,FOCUS,e85,"superéthanol E85, compacte polyvalente, performances courantes, 4.50 € aux 100 km, économique, excellente en ville et dans les embouteillages, sobre sur route et autoroute, 119 g de CO2 par km, rejets moyens"
FORD,FOCUS,petrol,"essence, compacte polyvalente, bonnes reprises, 9.45 € aux 100 km, coût moyen, excellente en ville et dans les embouteillages, sobre sur route et autoroute, 121 g de CO2 par km, rejets moyens"
FORD,FOCUS,petrol,"essence, familiale spacieuse, grand coffre, sportive et très puissante, 14.35 € aux 100 km, chère à faire rouler, famille nombreuse, cinq places et bagages, vacances, 183 g de CO2 par km, très polluante, malus écologique"
FORD,GT,petrol,"essence, voiture de sport légère, deux places, usage plaisir, sportive et très puissante, 23.97 € aux 100 km, chère à faire rouler, encombrement minimal, deuxième voiture, 315 g de CO2 par km, très polluante, malus écologique"
FORD,KUGA,diesel,"diesel gazole, familiale spacieuse, grand coffre, motorisation modeste et tranquille, 9.01 € aux 100 km, coût moyen, gros rouleur, 20 000 à 50 000 km par an, longues distances quotidiennes sur autoroute, grande autonomie par plein, famille nombreuse, cinq places et bagages, vacances, 138 g de CO2 par km, rejets moyens"
FORD,KUGA,e85,"superéthanol E85, familiale spacieuse, grand coffre, performances courantes, 4.59 € aux 100 km, économique, excellente en ville et dans les embouteillages, sobre sur route et autoroute, famille nombreuse, cinq places et bagages, vacances, 123 g de CO2 par km, rejets moyens, modèle très répandu en France"
FORD,KUGA,petrol,"essence, très grand véhicule volumineux, performances courantes, 10.15 € aux 100 km, coût moyen, excellente en ville et dans les embouteillages, famille nombreuse, cinq places et bagages, vacances, 133 g de CO2 par km, rejets moyens"
FORD,KUGA,petrol,"essence, familiale spacieuse, grand coffre, performances courantes, 12.60 € aux 100 km, chère à faire rouler, famille nombreuse, cinq places et bagages, vacances, 145 g de CO2 par km, rejets moyens"
FORD,KUGA,petrol/electric,"hybride essence sans prise, familiale spacieuse, grand coffre, performances courantes, 1.57 € aux 100 km, très bon marché à l'usage, petit budget, sobre sur route et autoroute, famille nombreuse, cinq places et bagages, vacances, 21 g de CO2 par km, faibles rejets"
FORD,MUSTANG,petrol,"essence, voiture de sport légère, deux places, usage plaisir, sportive et très puissante, 21.70 € aux 100 km, chère à faire rouler, encombrement minimal, deuxième voiture, 282 g de CO2 par km, très polluante, malus écologique"
FORD,MUSTANG MACH-E,electric,"électrique à batterie, se recharge sur borne, très grand véhicule volumineux, bonnes reprises, 3.89 € aux 100 km, très bon marché à l'usage, petit budget, silencieuse en ville, trajets domicile-travail, grande autonomie de 600 km, longs trajets possibles, famille nombreuse, cinq places et bagages, vacances, zéro émission de CO2, aucune pollution à l'usage, la voiture la plus propre et la plus écologique, aucun rejet"
FORD,PUMA,e85,"superéthanol E85, compacte polyvalente, performances courantes, 4.59 € aux 100 km, économique, excellente en ville et dans les embouteillages, sobre sur route et autoroute, 121 g de CO2 par km, rejets moyens"
FORD,PUMA,electric,"électrique à batterie, se recharge sur borne, petite citadine maniable, bonnes reprises, 2.88 € aux 100 km, très bon marché à l'usage, petit budget, silencieuse en ville, trajets domicile-travail, zéro émission de CO2, aucune pollution à l'usage, la voiture la plus propre et la plus écologique, aucun rejet"
FORD,PUMA,petrol,"essence, compacte polyvalente, performances courantes, 9.62 € aux 100 km, coût moyen, excellente en ville et dans les embouteillages, sobre sur route et autoroute, 124 g de CO2 par km, rejets moyens, modèle très répandu en France"
FORD,PUMA,petrol,"essence, compacte polyvalente, bonnes reprises, 11.72 € aux 100 km, coût moyen, facile en ville, 152 g de CO2 par km, rejets moyens"
FORD,TOURNEO CONNECT,diesel,"diesel gazole, familiale spacieuse, grand coffre, motorisation modeste et tranquille, 9.35 € aux 100 km, coût moyen, gros rouleur, 20 000 à 50 000 km par an, longues distances quotidiennes sur autoroute, grande autonomie par plein, famille nombreuse, cinq places et bagages, vacances, 145 g de CO2 par km, rejets moyens"
FORD,TOURNEO CONNECT,petrol,"essence, familiale spacieuse, grand coffre, motorisation modeste et tranquille, 11.72 € aux 100 km, coût moyen, famille nombreuse, cinq places et bagages, vacances, 152 g de CO2 par km, rejets moyens"
FORD,TOURNEO CONNECT,petrol/electric,"hybride essence sans prise, familiale spacieuse, grand coffre, motorisation modeste et tranquille, 0.88 € aux 100 km, très bon marché à l'usage, petit budget, sobre sur route et autoroute, famille nombreuse, cinq places et bagages, vacances, 11 g de CO2 par km, faibles rejets"
FORD,TOURNEO COURIER,electric,"électrique à batterie, se recharge sur borne, compacte polyvalente, performances courantes, 3.87 € aux 100 km, très bon marché à l'usage, petit budget, silencieuse en ville, trajets domicile-travail, zéro émission de CO2, aucune pollution à l'usage, la voiture la plus propre et la plus écologique, aucun rejet"
FORD,TOURNEO COURIER,petrol,"essence, compacte polyvalente, performances courantes, 11.72 € aux 100 km, coût moyen, facile en ville, 153 g de CO2 par km, rejets moyens"
FORD,TOURNEO CUSTOM,diesel,"diesel gazole, véhicule très lourd et imposant, motorisation modeste et tranquille, 13.94 € aux 100 km, chère à faire rouler, gros rouleur, 20 000 à 50 000 km par an, longues distances quotidiennes sur autoroute, grande autonomie par plein, famille nombreuse, cinq places et bagages, vacances, 214 g de CO2 par km, très polluante, malus écologique"
FORD,TOURNEO CUSTOM,electric,"électrique à batterie, se recharge sur borne, véhicule très lourd et imposant, performances courantes, 5.50 € aux 100 km, économique, silencieuse en ville, trajets domicile-travail, famille nombreuse, cinq places et bagages, vacances, zéro émission de CO2, aucune pollution à l'usage, la voiture la plus propre et la plus écologique, aucun rejet"
FORD,TOURNEO CUSTOM,petrol/electric,"hybride essence sans prise, véhicule très lourd et imposant, motorisation modeste et tranquille, 3.68 € aux 100 km, très bon marché à l'usage, petit budget, sobre sur route et autoroute, famille nombreuse, cinq places et bagages, vacances, 48 g de CO2 par km, faibles rejets"
FORD,TRANSIT,diesel,"diesel gazole, véhicule très lourd et imposant, motorisation modeste et tranquille, 15.13 € aux 100 km, chère à faire rouler, gros rouleur, 20 000 à 50 000 km par an, longues distances quotidiennes sur autoroute, grande autonomie par plein, famille nombreuse, cinq places et bagages, vacances, 233 g de CO2 par km, très polluante, malus écologique"
FORD,TRANSIT CUSTOM,diesel,"diesel gazole, véhicule très lourd et imposant, motorisation modeste et tranquille, 12.58 € aux 100 km, chère à faire rouler, gros rouleur, 20 000 à 50 000 km par an, longues distances quotidiennes sur autoroute, grande autonomie par plein, famille nombreuse, cinq places et bagages, vacances, 195 g de CO2 par km, très polluante, malus écologique"
FORD,TRANSIT CUSTOM,electric,"électrique à batterie, se recharge sur borne, véhicule très lourd et imposant, motorisation modeste et tranquille, 4.97 € aux 100 km, économique, silencieuse en ville, trajets domicile-travail, famille nombreuse, cinq places et bagages, vacances, zéro émission de CO2, aucune pollution à l'usage, la voiture la plus propre et la plus écologique, aucun rejet"
FORD,TRANSIT CUSTOM,petrol/electric,"hybride essence sans prise, véhicule très lourd et imposant, motorisation modeste et tranquille, 7.17 € aux 100 km, économique, sobre sur route et autoroute, famille nombreuse, cinq places et bagages, vacances, 94 g de CO2 par km, faibles rejets"
GEELY,GEOMETRY C,electric,"électrique à batterie, se recharge sur borne, compacte polyvalente, bonnes reprises, 3.63 € aux 100 km, très bon marché à l'usage, petit budget, silencieuse en ville, trajets domicile-travail, grande autonomie de 485 km, longs trajets possibles, zéro émission de CO2, aucune pollution à l'usage, la voiture la plus propre et la plus écologique, aucun rejet"
GENESIS,GV60,electric,"électrique à batterie, se recharge sur borne, très grand véhicule volumineux, bonnes reprises, 3.86 € aux 100 km, très bon marché à l'usage, petit budget, silencieuse en ville, trajets domicile-travail, grande autonomie de 536 km, longs trajets possibles, famille nombreuse, cinq places et bagages, vacances, zéro émission de CO2, aucune pollution à l'usage, la voiture la plus propre et la plus écologique, aucun rejet"
GENESIS,GV70,electric,"électrique à batterie, se recharge sur borne, voiture de sport légère, deux places, usage plaisir, sportive et très puissante, 4.40 € aux 100 km, économique, grande autonomie de 462 km, longs trajets possibles, encombrement minimal, deuxième voiture, zéro émission de CO2, aucune pollution à l'usage, la voiture la plus propre et la plus écologique, aucun rejet"
HONDA,CIVIC,petrol,"essence, familiale spacieuse, grand coffre, performances courantes, 8.75 € aux 100 km, coût moyen, excellente en ville et dans les embouteillages, sobre sur route et autoroute, famille nombreuse, cinq places et bagages, vacances, 113 g de CO2 par km, rejets moyens"
HONDA,CIVIC TYPE R,petrol,"essence, voiture de sport légère, deux places, usage plaisir, sportive et très puissante, 14.35 € aux 100 km, chère à faire rouler, encombrement minimal, deuxième voiture, 186 g de CO2 par km, très polluante, malus écologique"
HONDA,CR-V,petrol,"essence, très grand véhicule volumineux, performances courantes, 10.33 € aux 100 km, coût moyen, excellente en ville et dans les embouteillages, famille nombreuse, cinq places et bagages, vacances, 134 g de CO2 par km, rejets moyens"
HONDA,CR-V,petrol/electric,"hybride essence sans prise, très grand véhicule volumineux, motorisation modeste et tranquille, 1.40 € aux 100 km, très bon marché à l'usage, petit budget, sobre sur route et autoroute, famille nombreuse, cinq places et bagages, vacances, 18 g de CO2 par km, faibles rejets"
HONDA,E:NY1,electric,"électrique à batterie, se recharge sur borne, compacte polyvalente, bonnes reprises, 4.00 € aux 100 km, économique, silencieuse en ville, trajets domicile-travail, zéro émission de CO2, aucune pollution à l'usage, la voiture la plus propre et la plus écologique, aucun rejet"
HONDA,HONDA E,electric,"électrique à batterie, se recharge sur borne, compacte polyvalente, performances courantes, 3.92 € aux 100 km, très bon marché à l'usage, petit budget, silencieuse en ville, trajets domicile-travail, autonomie limitée de 210 km, trajets courts seulement, zéro émission de CO2, aucune pollution à l'usage, la voiture la plus propre et la plus écologique, aucun rejet"
HONDA,HR-V,petrol,"essence, compacte polyvalente, motorisation modeste et tranquille, 9.45 € aux 100 km, coût moyen, excellente en ville et dans les embouteillages, sobre sur route et autoroute, 122 g de CO2 par km, rejets moyens"
HONDA,JAZZ,petrol,"essence, compacte polyvalente, performances courantes, 8.22 € aux 100 km, coût moyen, excellente en ville et dans les embouteillages, sobre sur route et autoroute, 106 g de CO2 par km, rejets moyens"
HONDA,ZR-V,petrol,"essence, familiale spacieuse, grand coffre, performances courantes, 10.15 € aux 100 km, coût moyen, excellente en ville et dans les embouteillages, famille nombreuse, cinq places et bagages, vacances, 131 g de CO2 par km, rejets moyens"
HYUNDAI,BAYON,petrol,"essence, petite citadine maniable, performances courantes, 9.28 € aux 100 km, coût moyen, excellente en ville et dans les embouteillages, sobre sur route et autoroute, 120 g de CO2 par km, rejets moyens"
HYUNDAI,BAYON,petrol,"essence, petite citadine maniable, performances courantes, 9.62 € aux 100 km, coût moyen, facile en ville, sobre sur route et autoroute, 124 g de CO2 par km, rejets moyens"
HYUNDAI,I 10,petrol,"essence, toute petite citadine légère, facile à garer, motorisation modeste et tranquille, 9.10 € aux 100 km, coût moyen, facile en ville, sobre sur route et autoroute, encombrement minimal, deuxième voiture, 119 g de CO2 par km, rejets moyens"
HYUNDAI,I 20,petrol,"essence, petite citadine maniable, performances courantes, 9.10 € aux 100 km, coût moyen, excellente en ville et dans les embouteillages, sobre sur route et autoroute, 117 g de CO2 par km, rejets moyens"
HYUNDAI,I 20,petrol,"essence, petite citadine maniable, performances courantes, 9.28 € aux 100 km, coût moyen, facile en ville, sobre sur route et autoroute, 121 g de CO2 par km, rejets moyens"
HYUNDAI,I 20 N,petrol,"essence, petite citadine maniable, sportive et très puissante, 12.25 € aux 100 km, chère à faire rouler, facile en ville, 158 g de CO2 par km, rejets moyens"
HYUNDAI,I 30,petrol,"essence, compacte polyvalente, performances courantes, 9.80 € aux 100 km, coût moyen, excellente en ville et dans les embouteillages, 126 g de CO2 par km, rejets moyens"
HYUNDAI,I 30,petrol,"essence, compacte polyvalente, motorisation modeste et tranquille, 10.50 € aux 100 km, coût moyen, facile en ville, 136 g de CO2 par km, rejets moyens"
HYUNDAI,INSTER,electric,"électrique à batterie, se recharge sur borne, toute petite citadine légère, facile à garer, motorisation modeste et tranquille, 3.26 € aux 100 km, très bon marché à l'usage, petit budget, silencieuse en ville, trajets domicile-travail, encombrement minimal, deuxième voiture, zéro émission de CO2, aucune pollution à l'usage, la voiture la plus propre et la plus écologique, aucun rejet"
HYUNDAI,IONIQ5,electric,"électrique à batterie, se recharge sur borne, très grand véhicule volumineux, bonnes reprises, 3.52 € aux 100 km, très bon marché à l'usage, petit budget, silencieuse en ville, trajets domicile-travail, grande autonomie de 570 km, longs trajets possibles, famille nombreuse, cinq places et bagages, vacances, zéro émission de CO2, aucune pollution à l'usage, la voiture la plus propre et la plus écologique, aucun rejet"
HYUNDAI,IONIQ5 N,electric,"électrique à batterie, se recharge sur borne, voiture de sport légère, deux places, usage plaisir, sportive et très puissante, 4.66 € aux 100 km, économique, grande autonomie de 448 km, longs trajets possibles, encombrement minimal, deuxième voiture, zéro émission de CO2, aucune pollution à l'usage, la voiture la plus propre et la plus écologique, aucun rejet"
HYUNDAI,IONIQ6,electric,"électrique à batterie, se recharge sur borne, familiale spacieuse, grand coffre, bonnes reprises, 3.15 € aux 100 km, très bon marché à l'usage, petit budget, silencieuse en ville, trajets domicile-travail, grande autonomie de 614 km, longs trajets possibles, famille nombreuse, cinq places et bagages, vacances, zéro émission de CO2, aucune pollution à l'usage, la voiture la plus propre et la plus écologique, aucun rejet"
HYUNDAI,IONIQ9,electric,"électrique à batterie, se recharge sur borne, véhicule très lourd et imposant, sportive et très puissante, 4.53 € aux 100 km, économique, silencieuse en ville, trajets domicile-travail, grande autonomie de 600 km, longs trajets possibles, famille nombreuse, cinq places et bagages, vacances, zéro émission de CO2, aucune pollution à l'usage, la voiture la plus propre et la plus écologique, aucun rejet"
HYUNDAI,KONA,electric,"électrique à batterie, se recharge sur borne, compacte polyvalente, bonnes reprises, 3.26 € aux 100 km, très bon marché à l'usage, petit budget, silencieuse en ville, trajets domicile-travail, grande autonomie de 511 km, longs trajets possibles, zéro émission de CO2, aucune pollution à l'usage, la voiture la plus propre et la plus écologique, aucun rejet"
HYUNDAI,KONA,petrol,"essence, familiale spacieuse, grand coffre, motorisation modeste et tranquille, 8.22 € aux 100 km, coût moyen, excellente en ville et dans les embouteillages, sobre sur route et autoroute, famille nombreuse, cinq places et bagages, vacances, 106 g de CO2 par km, rejets moyens"
HYUNDAI,KONA,petrol,"essence, compacte polyvalente, motorisation modeste et tranquille, 10.15 € aux 100 km, coût moyen, facile en ville, 131 g de CO2 par km, rejets moyens"
HYUNDAI,SANTA FE,petrol,"essence, très grand véhicule volumineux, performances courantes, 12.25 € aux 100 km, chère à faire rouler, excellente en ville et dans les embouteillages, famille nombreuse, cinq places et bagages, vacances, 159 g de CO2 par km, rejets moyens"
HYUNDAI,SANTA FE,petrol/electric,"hybride essence sans prise, très grand véhicule volumineux, motorisation modeste et tranquille, 2.98 € aux 100 km, très bon marché à l'usage, petit budget, sobre sur route et autoroute, famille nombreuse, cinq places et bagages, vacances, 38 g de CO2 par km, faibles rejets"
HYUNDAI,STARIA,petrol,"essence, véhicule très lourd et imposant, motorisation modeste et tranquille, 13.30 € aux 100 km, chère à faire rouler, excellente en ville et dans les embouteillages, famille nombreuse, cinq places et bagages, vacances, 172 g de CO2 par km, très polluante, malus écologique"
HYUNDAI,TUCSON,diesel,"diesel gazole, familiale spacieuse, grand coffre, performances courantes, 8.67 € aux 100 km, coût moyen, excellente en ville et dans les embouteillages, gros rouleur, 20 000 à 50 000 km par an, longues distances quotidiennes sur autoroute, grande autonomie par plein, famille nombreuse, cinq places et bagages, vacances, 134 g de CO2 par km, rejets moyens"
HYUNDAI,TUCSON,petrol,"essence, familiale spacieuse, grand coffre, performances courantes, 10.33 € aux 100 km, coût moyen, excellente en ville et dans les embouteillages, famille nombreuse, cinq places et bagages, vacances, 133 g de CO2 par km, rejets moyens, modèle très répandu en France"
HYUNDAI,TUCSON,petrol,"essence, familiale spacieuse, grand coffre, bonnes reprises, 11.90 € aux 100 km, coût moyen, famille nombreuse, cinq places et bagages, vacances, 154 g de CO2 par km, rejets moyens"
HYUNDAI,TUCSON,petrol/electric,"hybride essence sans prise, familiale spacieuse, grand coffre, performances courantes, 1.93 € aux 100 km, très bon marché à l'usage, petit budget, sobre sur route et autoroute, famille nombreuse, cinq places et bagages, vacances, 25 g de CO2 par km, faibles rejets"
JAECOO,JAECOO7,petrol/electric,"hybride essence sans prise, familiale spacieuse, grand coffre, performances courantes, 4.20 € aux 100 km, économique, sobre sur route et autoroute, famille nombreuse, cinq places et bagages, vacances, 54 g de CO2 par km, faibles rejets"
JAECOO,JAECOO7 PHEV,petrol/electric,"hybride essence sans prise, familiale spacieuse, grand coffre, performances courantes, 2.71 € aux 100 km, très bon marché à l'usage, petit budget, sobre sur route et autoroute, famille nombreuse, cinq places et bagages, vacances, 38 g de CO2 par km, faibles rejets"
JAGUAR,JAGUAR I-PACE,electric,"électrique à batterie, se recharge sur borne, très grand véhicule volumineux, sportive et très puissante, 5.06 € aux 100 km, économique, silencieuse en ville, trajets domicile-travail, grande autonomie de 450 km, longs trajets possibles, famille nombreuse, cinq places et bagages, vacances, zéro émission de CO2, aucune pollution à l'usage, la voiture la plus propre et la plus écologique, aucun rejet"
JEEP,AVENGER,electric,"électrique à batterie, se recharge sur borne, compacte polyvalente, performances courantes, 3.45 € aux 100 km, très bon marché à l'usage, petit budget, silencieuse en ville, trajets domicile-travail, zéro émission de CO2, aucune pollution à l'usage, la voiture la plus propre et la plus écologique, aucun rejet"
JEEP,AVENGER,petrol,"essence, compacte polyvalente, motorisation modeste et tranquille, 8.75 € aux 100 km, coût moyen, excellente en ville et dans les embouteillages, sobre sur route et autoroute, 112 g de CO2 par km, rejets moyens"
JEEP,AVENGER,petrol,"essence, petite citadine maniable, performances courantes, 10.15 € aux 100 km, coût moyen, facile en ville, 130 g de CO2 par km, rejets moyens"
JEEP,COMPASS,electric,"électrique à batterie, se recharge sur borne, très grand véhicule volumineux, performances courantes, 4.09 € aux 100 km, économique, silencieuse en ville, trajets domicile-travail, grande autonomie de 467 km, longs trajets possibles, famille nombreuse, cinq places et bagages, vacances, zéro émission de CO2, aucune pollution à l'usage, la voiture la plus propre et la plus écologique, aucun rejet"
JEEP,COMPASS,petrol,"essence, familiale spacieuse, grand coffre, performances courantes, 9.80 € aux 100 km, coût moyen, excellente en ville et dans les embouteillages, famille nombreuse, cinq places et bagages, vacances, 126 g de CO2 par km, rejets moyens"
JEEP,COMPASS,petrol,"essence, familiale spacieuse, grand coffre, performances courantes, 12.60 € aux 100 km, chère à faire rouler, famille nombreuse, cinq places et bagages, vacances, 139 g de CO2 par km, rejets moyens"
JEEP,COMPASS,petrol/electric,"hybride essence sans prise, très grand véhicule volumineux, performances courantes, 3.50 € aux 100 km, très bon marché à l'usage, petit budget, sobre sur route et autoroute, famille nombreuse, cinq places et bagages, vacances, 49 g de CO2 par km, faibles rejets"
JEEP,GRAND CHEROKEE,petrol/electric,"hybride essence sans prise, véhicule très lourd et imposant, bonnes reprises, 4.90 € aux 100 km, économique, sobre sur route et autoroute, famille nombreuse, cinq places et bagages, vacances, 64 g de CO2 par km, faibles rejets"
JEEP,RENEGADE,petrol,"essence, familiale spacieuse, grand coffre, performances courantes, 9.80 € aux 100 km, coût moyen, excellente en ville et dans les embouteillages, famille nombreuse, cinq places et bagages, vacances, 127 g de CO2 par km, rejets moyens"
JEEP,RENEGADE,petrol,"essence, compacte polyvalente, performances courantes, 11.03 € aux 100 km, coût moyen, facile en ville, 141 g de CO2 par km, rejets moyens"
JEEP,RENEGADE,petrol/electric,"hybride essence sans prise, familiale spacieuse, grand coffre, performances courantes, 3.68 € aux 100 km, très bon marché à l'usage, petit budget, sobre sur route et autoroute, famille nombreuse, cinq places et bagages, vacances, 48 g de CO2 par km, faibles rejets"
JEEP,WRANGLER UNLIMITED,petrol/electric,"hybride essence sans prise, véhicule très lourd et imposant, bonnes reprises, 6.12 € aux 100 km, économique, sobre sur route et autoroute, famille nombreuse, cinq places et bagages, vacances, 79 g de CO2 par km, faibles rejets"
KIA,CEED,diesel,"diesel gazole, compacte polyvalente, performances courantes, 7.48 € aux 100 km, économique, excellente en ville et dans les embouteillages, gros rouleur, 20 000 à 50 000 km par an, longues distances quotidiennes sur autoroute, grande autonomie par plein, 116 g de CO2 par km, rejets moyens"
KIA,CEED,petrol,"essence, compacte polyvalente, motorisation modeste et tranquille, 9.97 € aux 100 km, coût moyen, excellente en ville et dans les embouteillages, 130 g de CO2 par km, rejets moyens"
KIA,CEED,petrol,"essence, compacte polyvalente, performances courantes, 10.33 € aux 100 km, coût moyen, facile en ville, 134 g de CO2 par km, rejets moyens"
KIA,CEED,petrol/electric,"hybride essence sans prise, compacte polyvalente, motorisation modeste et tranquille, 2.27 € aux 100 km, très bon marché à l'usage, petit budget, facile en ville, sobre sur route et autoroute, 29 g de CO2 par km, faibles rejets"
KIA,EV3,electric,"électrique à batterie, se recharge sur borne, familiale spacieuse, grand coffre, bonnes reprises, 3.30 € aux 100 km, très bon marché à l'usage, petit budget, silencieuse en ville, trajets domicile-travail, grande autonomie de 589 km, longs trajets possibles, famille nombreuse, cinq places et bagages, vacances, zéro émission de CO2, aucune pollution à l'usage, la voiture la plus propre et la plus écologique, aucun rejet"
KIA,EV4,electric,"électrique à batterie, se recharge sur borne, familiale spacieuse, grand coffre, bonnes reprises, 3.41 € aux 100 km, très bon marché à l'usage, petit budget, silencieuse en ville, trajets domicile-travail, grande autonomie de 584 km, longs trajets possibles, famille nombreuse, cinq places et bagages, vacances, zéro émission de CO2, aucune pollution à l'usage, la voiture la plus propre et la plus écologique, aucun rejet"
KIA,EV5,electric,"électrique à batterie, se recharge sur borne, très grand véhicule volumineux, performances courantes, 3.76 € aux 100 km, très bon marché à l'usage, petit budget, silencieuse en ville, trajets domicile-travail, grande autonomie de 520 km, longs trajets possibles, famille nombreuse, cinq places et bagages, vacances, zéro émission de CO2, aucune pollution à l'usage, la voiture la plus propre et la plus écologique, aucun rejet"
KIA,EV6,electric,"électrique à batterie, se recharge sur borne, familiale spacieuse, grand coffre, bonnes reprises, 3.63 € aux 100 km, très bon marché à l'usage, petit budget, silencieuse en ville, trajets domicile-travail, grande autonomie de 528 km, longs trajets possibles, famille nombreuse, cinq places et bagages, vacances, zéro émission de CO2, aucune pollution à l'usage, la voiture la plus propre et la plus écologique, aucun rejet"
KIA,EV6 GT,electric,"électrique à batterie, se recharge sur borne, voiture de sport légère, deux places, usage plaisir, sportive et très puissante, 4.60 € aux 100 km, économique, grande autonomie de 450 km, longs trajets possibles, encombrement minimal, deuxième voiture, zéro émission de CO2, aucune pollution à l'usage, la voiture la plus propre et la plus écologique, aucun rejet"
KIA,EV9,electric,"électrique à batterie, se recharge sur borne, véhicule très lourd et imposant, bonnes reprises, 5.02 € aux 100 km, économique, silencieuse en ville, trajets domicile-travail, grande autonomie de 505 km, longs trajets possibles, famille nombreuse, cinq places et bagages, vacances, zéro émission de CO2, aucune pollution à l'usage, la voiture la plus propre et la plus écologique, aucun rejet"
KIA,NIRO,electric,"électrique à batterie, se recharge sur borne, compacte polyvalente, bonnes reprises, 3.56 € aux 100 km, très bon marché à l'usage, petit budget, silencieuse en ville, trajets domicile-travail, grande autonomie de 460 km, longs trajets possibles, zéro émission de CO2, aucune pollution à l'usage, la voiture la plus propre et la plus écologique, aucun rejet"
KIA,NIRO,petrol,"essence, compacte polyvalente, motorisation modeste et tranquille, 7.70 € aux 100 km, économique, excellente en ville et dans les embouteillages, sobre sur route et autoroute, 100 g de CO2 par km, rejets moyens"
KIA,NIRO,petrol/electric,"hybride essence sans prise, compacte polyvalente, motorisation modeste et tranquille, 1.40 € aux 100 km, très bon marché à l'usage, petit budget, facile en ville, sobre sur route et autoroute, 18 g de CO2 par km, faibles rejets"
KIA,PICANTO,petrol,"essence, toute petite citadine légère, facile à garer, performances courantes, 9.45 € aux 100 km, coût moyen, facile en ville, sobre sur route et autoroute, encombrement minimal, deuxième voiture, 123 g de CO2 par km, rejets moyens"
KIA,PROCEED,petrol,"essence, compacte polyvalente, performances courantes, 10.33 € aux 100 km, coût moyen, facile en ville, 134 g de CO2 par km, rejets moyens"
KIA,PV5,electric,"électrique à batterie, se recharge sur borne, très grand véhicule volumineux, performances courantes, 4.25 € aux 100 km, économique, silencieuse en ville, trajets domicile-travail, famille nombreuse, cinq places et bagages, vacances, zéro émission de CO2, aucune pollution à l'usage, la voiture la plus propre et la plus écologique, aucun rejet"
KIA,RIO,petrol,"essence, petite citadine maniable, motorisation modeste et tranquille, 9.62 € aux 100 km, coût moyen, facile en ville, sobre sur route et autoroute, 124 g de CO2 par km, rejets moyens"
KIA,SORENTO,petrol,"essence, très grand véhicule volumineux, performances courantes, 11.72 € aux 100 km, coût moyen, excellente en ville et dans les embouteillages, famille nombreuse, cinq places et bagages, vacances, 152 g de CO2 par km, rejets moyens"
KIA,SORENTO,petrol/electric,"hybride essence sans prise, très grand véhicule volumineux, performances courantes, 2.80 € aux 100 km, très bon marché à l'usage, petit budget, sobre sur route et autoroute, famille nombreuse, cinq places et bagages, vacances, 37 g de CO2 par km, faibles rejets"
KIA,SOUL,electric,"électrique à batterie, se recharge sur borne, compacte polyvalente, bonnes reprises, 3.45 € aux 100 km, très bon marché à l'usage, petit budget, silencieuse en ville, trajets domicile-travail, grande autonomie de 452 km, longs trajets possibles, zéro émission de CO2, aucune pollution à l'usage, la voiture la plus propre et la plus écologique, aucun rejet"
KIA,SPORTAGE,diesel,"diesel gazole, familiale spacieuse, grand coffre, performances courantes, 8.84 € aux 100 km, coût moyen, excellente en ville et dans les embouteillages, gros rouleur, 20 000 à 50 000 km par an, longues distances quotidiennes sur autoroute, grande autonomie par plein, famille nombreuse, cinq places et bagages, vacances, 137 g de CO2 par km, rejets moyens"
KIA,SPORTAGE,diesel,"diesel gazole, familiale spacieuse, grand coffre, performances courantes, 9.69 € aux 100 km, coût moyen, gros rouleur, 20 000 à 50 000 km par an, longues distances quotidiennes sur autoroute, grande autonomie par plein, famille nombreuse, cinq places et bagages, vacances, 150 g de CO2 par km, rejets moyens"
KIA,SPORTAGE,petrol,"essence, familiale spacieuse, grand coffre, performances courantes, 9.97 € aux 100 km, coût moyen, excellente en ville et dans les embouteillages, famille nombreuse, cinq places et bagages, vacances, 129 g de CO2 par km, rejets moyens"
KIA,SPORTAGE,petrol,"essence, familiale spacieuse, grand coffre, performances courantes, 12.42 € aux 100 km, chère à faire rouler, famille nombreuse, cinq places et bagages, vacances, 160 g de CO2 par km, très polluante, malus écologique"
KIA,SPORTAGE,petrol/electric,"hybride essence sans prise, très grand véhicule volumineux, performances courantes, 2.10 € aux 100 km, très bon marché à l'usage, petit budget, sobre sur route et autoroute, famille nombreuse, cinq places et bagages, vacances, 27 g de CO2 par km, faibles rejets"
KIA,STONIC,petrol,"essence, petite citadine maniable, performances courantes, 9.62 € aux 100 km, coût moyen, excellente en ville et dans les embouteillages, sobre sur route et autoroute, 123 g de CO2 par km, rejets moyens"
KIA,STONIC,petrol,"essence, petite citadine maniable, performances courantes, 9.80 € aux 100 km, coût moyen, facile en ville, 127 g de CO2 par km, rejets moyens"
KIA,XCEED,diesel,"diesel gazole, compacte polyvalente, performances courantes, 8.50 € aux 100 km, coût moyen, excellente en ville et dans les embouteillages, gros rouleur, 20 000 à 50 000 km par an, longues distances quotidiennes sur autoroute, grande autonomie par plein, 130 g de CO2 par km, rejets moyens"
KIA,XCEED,petrol,"essence, compacte polyvalente, performances courantes, 10.67 € aux 100 km, coût moyen, excellente en ville et dans les embouteillages, 139 g de CO2 par km, rejets moyens"
KIA,XCEED,petrol,"essence, compacte polyvalente, performances courantes, 11.03 € aux 100 km, coût moyen, facile en ville, 142 g de CO2 par km, rejets moyens"
KIA,XCEED,petrol/electric,"hybride essence sans prise, compacte polyvalente, motorisation modeste et tranquille, 2.45 € aux 100 km, très bon marché à l'usage, petit budget, facile en ville, sobre sur route et autoroute, 32 g de CO2 par km, faibles rejets"
KTM,X-BOW GT-XR,petrol,"essence, voiture de sport légère, deux places, usage plaisir, sportive et très puissante, 15.92 € aux 100 km, chère à faire rouler, encombrement minimal, deuxième voiture, 214 g de CO2 par km, très polluante, malus écologique"
LAMBORGHINI,HURACAN,petrol,"essence, voiture de sport légère, deux places, usage plaisir, sportive et très puissante, 24.85 € aux 100 km, chère à faire rouler, encombrement minimal, deuxième voiture, 331 g de CO2 par km, très polluante, malus écologique"
LAMBORGHINI,REVUELTO,petrol/electric,"hybride essence sans prise, voiture de sport légère, deux places, usage plaisir, sportive et très puissante, 20.82 € aux 100 km, chère à faire rouler, encombrement minimal, deuxième voiture, 276 g de CO2 par km, très polluante, malus écologique"
LAMBORGHINI,URUS,petrol,"essence, voiture de sport légère, deux places, usage plaisir, sportive et très puissante, 24.68 € aux 100 km, chère à faire rouler, encombrement minimal, deuxième voiture, 320 g de CO2 par km, très polluante, malus écologique"
LAMBORGHINI,URUS,petrol/electric,"hybride essence sans prise, voiture de sport légère, deux places, usage plaisir, sportive et très puissante, 3.68 € aux 100 km, très bon marché à l'usage, petit budget, sobre sur route et autoroute, encombrement minimal, deuxième voiture, 51 g de CO2 par km, faibles rejets"
LANCIA,YPSILON,electric,"électrique à batterie, se recharge sur borne, petite citadine maniable, performances courantes, 3.21 € aux 100 km, très bon marché à l'usage, petit budget, silencieuse en ville, trajets domicile-travail, zéro émission de CO2, aucune pollution à l'usage, la voiture la plus propre et la plus écologique, aucun rejet"
LANCIA,YPSILON,petrol,"essence, compacte polyvalente, performances courantes, 8.05 € aux 100 km, coût moyen, excellente en ville et dans les embouteillages, sobre sur route et autoroute, 103 g de CO2 par km, rejets moyens"
LAND ROVER,DEFENDER,diesel,"diesel gazole, véhicule très lourd et imposant, bonnes reprises, 14.62 € aux 100 km, chère à faire rouler, excellente en ville et dans les embouteillages, gros rouleur, 20 000 à 50 000 km par an, longues distances quotidiennes sur autoroute, grande autonomie par plein, famille nombreuse, cinq places et bagages, vacances, 226 g de CO2 par km, très polluante, malus écologique"
LAND ROVER,DEFENDER,petrol,"essence, voiture de sport légère, deux places, usage plaisir, sportive et très puissante, 23.28 € aux 100 km, chère à faire rouler, encombrement minimal, deuxième voiture, 300 g de CO2 par km, très polluante, malus écologique"
LAND ROVER,DEFENDER,petrol,"essence, voiture de sport légère, deux places, usage plaisir, sportive et très puissante, 24.85 € aux 100 km, chère à faire rouler, encombrement minimal, deuxième voiture, 320 g de CO2 par km, très polluante, malus écologique"
LAND ROVER,DEFENDER,petrol/electric,"hybride essence sans prise, véhicule très lourd et imposant, performances courantes, 5.25 € aux 100 km, économique, sobre sur route et autoroute, famille nombreuse, cinq places et bagages, vacances, 66 g de CO2 par km, faibles rejets"
LAND ROVER,DISCOVERY,diesel,"diesel gazole, véhicule très lourd et imposant, bonnes reprises, 14.28 € aux 100 km, chère à faire rouler, excellente en ville et dans les embouteillages, gros rouleur, 20 000 à 50 000 km par an, longues distances quotidiennes sur autoroute, grande autonomie par plein, famille nombreuse, cinq places et bagages, vacances, 220 g de CO2 par km, très polluante, malus écologique"
LAND ROVER,DISCOVERY SPORT,diesel,"diesel gazole, très grand véhicule volumineux, performances courantes, 11.56 € aux 100 km, coût moyen, excellente en ville et dans les embouteillages, gros rouleur, 20 000 à 50 000 km par an, longues distances quotidiennes sur autoroute, grande autonomie par plein, famille nombreuse, cinq places et bagages, vacances, 177 g de CO2 par km, très polluante, malus écologique"
LAND ROVER,DISCOVERY SPORT,e85,"superéthanol E85, très grand véhicule volumineux, performances courantes, 8.07 € aux 100 km, coût moyen, excellente en ville et dans les embouteillages, famille nombreuse, cinq places et bagages, vacances, 218 g de CO2 par km, très polluante, malus écologique"
LAND ROVER,DISCOVERY SPORT,petrol/electric,"hybride essence sans prise, véhicule très lourd et imposant, motorisation modeste et tranquille, 2.80 € aux 100 km, très bon marché à l'usage, petit budget, sobre sur route et autoroute, famille nombreuse, cinq places et bagages, vacances, 36 g de CO2 par km, faibles rejets"
LAND ROVER,RANGE ROVER,diesel,"diesel gazole, véhicule très lourd et imposant, bonnes reprises, 13.01 € aux 100 km, chère à faire rouler, excellente en ville et dans les embouteillages, gros rouleur, 20 000 à 50 000 km par an, longues distances quotidiennes sur autoroute, grande autonomie par plein, famille nombreuse, cinq places et bagages, vacances, 201 g de CO2 par km, très polluante, malus écologique"
LAND ROVER,RANGE ROVER,petrol,"essence, véhicule très lourd et imposant, sportive et très puissante, 20.65 € aux 100 km, chère à faire rouler, excellente en ville et dans les embouteillages, famille nombreuse, cinq places et bagages, vacances, 267 g de CO2 par km, très polluante, malus écologique"
LAND ROVER,RANGE ROVER,petrol/electric,"hybride essence sans prise, véhicule très lourd et imposant, bonnes reprises, 1.40 € aux 100 km, très bon marché à l'usage, petit budget, sobre sur route et autoroute, famille nombreuse, cinq places et bagages, vacances, 19 g de CO2 par km, faibles rejets"
LAND ROVER,RANGE ROVER EVOQUE,diesel,"diesel gazole, très grand véhicule volumineux, performances courantes, 11.05 € aux 100 km, coût moyen, excellente en ville et dans les embouteillages, gros rouleur, 20 000 à 50 000 km par an, longues distances quotidiennes sur autoroute, grande autonomie par plein, famille nombreuse, cinq places et bagages, vacances, 172 g de CO2 par km, très polluante, malus écologique"
LAND ROVER,RANGE ROVER EVOQUE,e85,"superéthanol E85, très grand véhicule volumineux, performances courantes, 7.73 € aux 100 km, économique, excellente en ville et dans les embouteillages, famille nombreuse, cinq places et bagages, vacances, 207 g de CO2 par km, très polluante, malus écologique"
LAND ROVER,RANGE ROVER EVOQUE,petrol/electric,"hybride essence sans prise, très grand véhicule volumineux, motorisation modeste et tranquille, 2.62 € aux 100 km, très bon marché à l'usage, petit budget, sobre sur route et autoroute, famille nombreuse, cinq places et bagages, vacances, 34 g de CO2 par km, faibles rejets"
LAND ROVER,RANGE ROVER SPORT,diesel,"diesel gazole, véhicule très lourd et imposant, bonnes reprises, 12.92 € aux 100 km, chère à faire rouler, excellente en ville et dans les embouteillages, gros rouleur, 20 000 à 50 000 km par an, longues distances quotidiennes sur autoroute, grande autonomie par plein, famille nombreuse, cinq places et bagages, vacances, 198 g de CO2 par km, très polluante, malus écologique"
LAND ROVER,RANGE ROVER SPORT,petrol,"essence, voiture de sport légère, deux places, usage plaisir, sportive et très puissante, 21.18 € aux 100 km, chère à faire rouler, encombrement minimal, deuxième voiture, 274 g de CO2 par km, très polluante, malus écologique"
LAND ROVER,RANGE ROVER SPORT,petrol,"essence, voiture de sport légère, deux places, usage plaisir, sportive et très puissante, 20.30 € aux 100 km, chère à faire rouler, encombrement minimal, deuxième voiture, 263 g de CO2 par km, très polluante, malus écologique"
LAND ROVER,RANGE ROVER SPORT,petrol/electric,"hybride essence sans prise, véhicule très lourd et imposant, bonnes reprises, 1.40 € aux 100 km, très bon marché à l'usage, petit budget, sobre sur route et autoroute, famille nombreuse, cinq places et bagages, vacances, 18 g de CO2 par km, faibles rejets"
LAND ROVER,RANGE ROVER VELAR,petrol/electric,"hybride essence sans prise, véhicule très lourd et imposant, bonnes reprises, 3.32 € aux 100 km, très bon marché à l'usage, petit budget, sobre sur route et autoroute, famille nombreuse, cinq places et bagages, vacances, 43 g de CO2 par km, faibles rejets"
LEAPMOTOR,B10,electric,"électrique à batterie, se recharge sur borne, familiale spacieuse, grand coffre, bonnes reprises, 3.81 € aux 100 km, très bon marché à l'usage, petit budget, silencieuse en ville, trajets domicile-travail, grande autonomie de 435 km, longs trajets possibles, famille nombreuse, cinq places et bagages, vacances, zéro émission de CO2, aucune pollution à l'usage, la voiture la plus propre et la plus écologique, aucun rejet"
LEAPMOTOR,C10,electric,"électrique à batterie, se recharge sur borne, très grand véhicule volumineux, bonnes reprises, 4.36 € aux 100 km, économique, silencieuse en ville, trajets domicile-travail, grande autonomie de 424 km, longs trajets possibles, famille nombreuse, cinq places et bagages, vacances, zéro émission de CO2, aucune pollution à l'usage, la voiture la plus propre et la plus écologique, aucun rejet"
LEAPMOTOR,C10,petrol/electric,"hybride essence sans prise, très grand véhicule volumineux, motorisation modeste et tranquille, 0.70 € aux 100 km, très bon marché à l'usage, petit budget, sobre sur route et autoroute, famille nombreuse, cinq places et bagages, vacances, 10 g de CO2 par km, faibles rejets"
LEAPMOTOR,T03,electric,"électrique à batterie, se recharge sur borne, toute petite citadine légère, facile à garer, performances courantes, 3.59 € aux 100 km, très bon marché à l'usage, petit budget, silencieuse en ville, trajets domicile-travail, autonomie limitée de 265 km, trajets courts seulement, encombrement minimal, deuxième voiture, zéro émission de CO2, aucune pollution à l'usage, la voiture la plus propre et la plus écologique, aucun rejet"
LEXUS,ES300H,petrol,"essence, très grand véhicule volumineux, performances courantes, 9.62 € aux 100 km, coût moyen, excellente en ville et dans les embouteillages, sobre sur route et autoroute, famille nombreuse, cinq places et bagages, vacances, 120 g de CO2 par km, rejets moyens"
LEXUS,LEXUS ES300H,petrol,"essence, très grand véhicule volumineux, performances courantes, 8.92 € aux 100 km, coût moyen, excellente en ville et dans les embouteillages, sobre sur route et autoroute, famille nombreuse, cinq places et bagages, vacances, 115 g de CO2 par km, rejets moyens"
LEXUS,LEXUS LBX,petrol,"essence, compacte polyvalente, motorisation modeste et tranquille, 8.05 € aux 100 km, coût moyen, excellente en ville et dans les embouteillages, sobre sur route et autoroute, 103 g de CO2 par km, rejets moyens"
LEXUS,LEXUS LM350H,petrol,"essence, véhicule très lourd et imposant, performances courantes, 12.60 € aux 100 km, chère à faire rouler, excellente en ville et dans les embouteillages, famille nombreuse, cinq places et bagages, vacances, 163 g de CO2 par km, très polluante, malus écologique"
LEXUS,LEXUS NX350H,petrol,"essence, très grand véhicule volumineux, bonnes reprises, 9.97 € aux 100 km, coût moyen, excellente en ville et dans les embouteillages, famille nombreuse, cinq places et bagages, vacances, 129 g de CO2 par km, rejets moyens"
LEXUS,LEXUS NX450H+,petrol/electric,"hybride essence sans prise, très grand véhicule volumineux, performances courantes, 1.93 € aux 100 km, très bon marché à l'usage, petit budget, sobre sur route et autoroute, famille nombreuse, cinq places et bagages, vacances, 26 g de CO2 par km, faibles rejets"
LEXUS,LEXUS RX450H+,petrol/electric,"hybride essence sans prise, très grand véhicule volumineux, performances courantes, 1.93 € aux 100 km, très bon marché à l'usage, petit budget, sobre sur route et autoroute, famille nombreuse, cinq places et bagages, vacances, 25 g de CO2 par km, faibles rejets"
LEXUS,LEXUS RX500H,petrol,"essence, véhicule très lourd et imposant, bonnes reprises, 14.17 € aux 100 km, chère à faire rouler, excellente en ville et dans les embouteillages, famille nombreuse, cinq places et bagages, vacances, 184 g de CO2 par km, très polluante, malus écologique"
LEXUS,LEXUS RZ300E,electric,"électrique à batterie, se recharge sur borne, très grand véhicule volumineux, performances courantes, 3.32 € aux 100 km, très bon marché à l'usage, petit budget, silencieuse en ville, trajets domicile-travail, grande autonomie de 474 km, longs trajets possibles, famille nombreuse, cinq places et bagages, vacances, zéro émission de CO2, aucune pollution à l'usage, la voiture la plus propre et la plus écologique, aucun rejet"
LEXUS,LEXUS RZ450E,electric,"électrique à batterie, se recharge sur borne, très grand véhicule volumineux, bonnes reprises, 3.76 € aux 100 km, très bon marché à l'usage, petit budget, silencieuse en ville, trajets domicile-travail, grande autonomie de 435 km, longs trajets possibles, famille nombreuse, cinq places et bagages, vacances, zéro émission de CO2, aucune pollution à l'usage, la voiture la plus propre et la plus écologique, aucun rejet"
LEXUS,LEXUS UX250H,petrol,"essence, familiale spacieuse, grand coffre, performances courantes, 9.45 € aux 100 km, coût moyen, excellente en ville et dans les embouteillages, sobre sur route et autoroute, famille nombreuse, cinq places et bagages, vacances, 122 g de CO2 par km, rejets moyens"
LEXUS,LEXUS UX300E,electric,"électrique à batterie, se recharge sur borne, familiale spacieuse, grand coffre, bonnes reprises, 3.70 € aux 100 km, très bon marché à l'usage, petit budget, silencieuse en ville, trajets domicile-travail, grande autonomie de 444 km, longs trajets possibles, famille nombreuse, cinq places et bagages, vacances, zéro émission de CO2, aucune pollution à l'usage, la voiture la plus propre et la plus écologique, aucun rejet"
LEXUS,LEXUS UX300H,petrol,"essence, familiale spacieuse, grand coffre, performances courantes, 8.92 € aux 100 km, coût moyen, excellente en ville et dans les embouteillages, sobre sur route et autoroute, famille nombreuse, cinq places et bagages, vacances, 114 g de CO2 par km, rejets moyens"
LEXUS,NX350H,petrol,"essence, très grand véhicule volumineux, performances courantes, 10.76 € aux 100 km, coût moyen, excellente en ville et dans les embouteillages, famille nombreuse, cinq places et bagages, vacances, 134 g de CO2 par km, rejets moyens"
LEXUS,RX350H,petrol,"essence, très grand véhicule volumineux, performances courantes, 11.55 € aux 100 km, coût moyen, excellente en ville et dans les embouteillages, famille nombreuse, cinq places et bagages, vacances, 144 g de CO2 par km, rejets moyens"
LEXUS,RX500H,petrol,"essence, véhicule très lourd et imposant, bonnes reprises, 14.53 € aux 100 km, chère à faire rouler, excellente en ville et dans les embouteillages, famille nombreuse, cinq places et bagages, vacances, 184 g de CO2 par km, très polluante, malus écologique"
LEXUS,UX300H,petrol,"essence, familiale spacieuse, grand coffre, performances courantes, 9.01 € aux 100 km, coût moyen, excellente en ville et dans les embouteillages, sobre sur route et autoroute, famille nombreuse, cinq places et bagages, vacances, 115 g de CO2 par km, rejets moyens"
LINK&CO,LYNK  CO 08,petrol/electric,"hybride essence sans prise, très grand véhicule volumineux, motorisation modeste et tranquille, 1.57 € aux 100 km, très bon marché à l'usage, petit budget, sobre sur route et autoroute, famille nombreuse, cinq places et bagages, vacances, 23 g de CO2 par km, faibles rejets"
LOTUS,ELETRE,electric,"électrique à batterie, se recharge sur borne, voiture de sport légère, deux places, usage plaisir, sportive et très puissante, 5.28 € aux 100 km, économique, grande autonomie de 532 km, longs trajets possibles, encombrement minimal, deuxième voiture, zéro émission de CO2, aucune pollution à l'usage, la voiture la plus propre et la plus écologique, aucun rejet"
LOTUS,EMEYA,electric,"électrique à batterie, se recharge sur borne, voiture de sport légère, deux places, usage plaisir, sportive et très puissante, 4.71 € aux 100 km, économique, grande autonomie de 500 km, longs trajets possibles, encombrement minimal, deuxième voiture, zéro émission de CO2, aucune pollution à l'usage, la voiture la plus propre et la plus écologique, aucun rejet"
LOTUS,EMIRA,petrol,"essence, voiture de sport légère, deux places, usage plaisir, sportive et très puissante, 16.10 € aux 100 km, chère à faire rouler, encombrement minimal, deuxième voiture, 208 g de CO2 par km, très polluante, malus écologique"
LYNK&CO,LYNK  CO 01,petrol/electric,"hybride essence sans prise, très grand véhicule volumineux, performances courantes, 1.75 € aux 100 km, très bon marché à l'usage, petit budget, sobre sur route et autoroute, famille nombreuse, cinq places et bagages, vacances, 24 g de CO2 par km, faibles rejets"
LYNK&CO,LYNK  CO 02,electric,"électrique à batterie, se recharge sur borne, familiale spacieuse, grand coffre, bonnes reprises, 3.76 € aux 100 km, très bon marché à l'usage, petit budget, silencieuse en ville, trajets domicile-travail, grande autonomie de 445 km, longs trajets possibles, famille nombreuse, cinq places et bagages, vacances, zéro émission de CO2, aucune pollution à l'usage, la voiture la plus propre et la plus écologique, aucun rejet"
MASERATI,GHIBLI TROFEO,petrol,"essence, voiture de sport légère, deux places, usage plaisir, sportive et très puissante, 22.22 € aux 100 km, chère à faire rouler, encombrement minimal, deuxième voiture, 286 g de CO2 par km, très polluante, malus écologique"
MASERATI,GRANCABRIO FOLGORE,electric,"électrique à batterie, se recharge sur borne, voiture de sport légère, deux places, usage plaisir, sportive et très puissante, 5.19 € aux 100 km, économique, grande autonomie de 422 km, longs trajets possibles, encombrement minimal, deuxième voiture, zéro émission de CO2, aucune pollution à l'usage, la voiture la plus propre et la plus écologique, aucun rejet"
MASERATI,GRANTURISMO,petrol,"essence, voiture de sport légère, deux places, usage plaisir, sportive et très puissante, 17.68 € aux 100 km, chère à faire rouler, encombrement minimal, deuxième voiture, 228 g de CO2 par km, très polluante, malus écologique"
MASERATI,GRANTURISMO FOLGORE,electric,"électrique à batterie, se recharge sur borne, voiture de sport légère, deux places, usage plaisir, sportive et très puissante, 4.82 € aux 100 km, économique, grande autonomie de 458 km, longs trajets possibles, encombrement minimal, deuxième voiture, zéro émission de CO2, aucune pollution à l'usage, la voiture la plus propre et la plus écologique, aucun rejet"
MASERATI,GRANTURISMO MODENA,petrol,"essence, voiture de sport légère, deux places, usage plaisir, sportive et très puissante, 17.85 € aux 100 km, chère à faire rouler, encombrement minimal, deuxième voiture, 230 g de CO2 par km, très polluante, malus écologique"
MASERATI,GRANTURISMO TROFEO,petrol,"essence, voiture de sport légère, deux places, usage plaisir, sportive et très puissante, 17.85 € aux 100 km, chère à faire rouler, encombrement minimal, deuxième voiture, 230 g de CO2 par km, très polluante, malus écologique"
MASERATI,GRECALE FOLGORE,electric,"électrique à batterie, se recharge sur borne, voiture de sport légère, deux places, usage plaisir, sportive et très puissante, 5.54 € aux 100 km, économique, grande autonomie de 478 km, longs trajets possibles, encombrement minimal, deuxième voiture, zéro émission de CO2, aucune pollution à l'usage, la voiture la plus propre et la plus écologique, aucun rejet"
MASERATI,GRECALE GT,petrol,"essence, très grand véhicule volumineux, sportive et très puissante, 15.66 € aux 100 km, chère à faire rouler, excellente en ville et dans les embouteillages, famille nombreuse, cinq places et bagages, vacances, 203 g de CO2 par km, très polluante, malus écologique"
MASERATI,GRECALE TROFEO,petrol,"essence, voiture de sport légère, deux places, usage plaisir, sportive et très puissante, 19.60 € aux 100 km, chère à faire rouler, encombrement minimal, deuxième voiture, 254 g de CO2 par km, très polluante, malus écologique"
MASERATI,LEVANTE HYBRID,petrol,"essence, véhicule très lourd et imposant, sportive et très puissante, 18.38 € aux 100 km, chère à faire rouler, excellente en ville et dans les embouteillages, famille nombreuse, cinq places et bagages, vacances, 237 g de CO2 par km, très polluante, malus écologique"
MASERATI,LEVANTE TROFEO,petrol,"essence, voiture de sport légère, deux places, usage plaisir, sportive et très puissante, 25.38 € aux 100 km, chère à faire rouler, encombrement minimal, deuxième voiture, 328 g de CO2 par km, très polluante, malus écologique"
MASERATI,MC20,petrol,"essence, voiture de sport légère, deux places, usage plaisir, sportive et très puissante, 20.12 € aux 100 km, chère à faire rouler, encombrement minimal, deuxième voiture, 261 g de CO2 par km, très polluante, malus écologique"
MASERATI,MC20 CIELO,petrol,"essence, voiture de sport légère, deux places, usage plaisir, sportive et très puissante, 20.47 € aux 100 km, chère à faire rouler, encombrement minimal, deuxième voiture, 265 g de CO2 par km, très polluante, malus écologique"
MASERATI,QUATTROPORTE MODENA Q4,petrol,"essence, voiture de sport légère, deux places, usage plaisir, sportive et très puissante, 20.30 € aux 100 km, chère à faire rouler, encombrement minimal, deuxième voiture, 262 g de CO2 par km, très polluante, malus écologique"
MAZDA,MAZDA 3,petrol,"essence, compacte polyvalente, bonnes reprises, 10.50 € aux 100 km, coût moyen, excellente en ville et dans les embouteillages, 135 g de CO2 par km, rejets moyens"
MAZDA,MAZDA 6E,electric,"électrique à batterie, se recharge sur borne, familiale spacieuse, grand coffre, bonnes reprises, 3.65 € aux 100 km, très bon marché à l'usage, petit budget, silencieuse en ville, trajets domicile-travail, grande autonomie de 479 km, longs trajets possibles, famille nombreuse, cinq places et bagages, vacances, zéro émission de CO2, aucune pollution à l'usage, la voiture la plus propre et la plus écologique, aucun rejet"
MAZDA,MAZDA CX-30,petrol,"essence, familiale spacieuse, grand coffre, performances courantes, 10.85 € aux 100 km, coût moyen, excellente en ville et dans les embouteillages, famille nombreuse, cinq places et bagages, vacances, 139 g de CO2 par km, rejets moyens"
MAZDA,MAZDA CX-5,diesel,"diesel gazole, familiale spacieuse, grand coffre, performances courantes, 10.37 € aux 100 km, coût moyen, gros rouleur, 20 000 à 50 000 km par an, longues distances quotidiennes sur autoroute, grande autonomie par plein, famille nombreuse, cinq places et bagages, vacances, 160 g de CO2 par km, rejets moyens"
MAZDA,MAZDA CX-5,petrol,"essence, familiale spacieuse, grand coffre, performances courantes, 12.08 € aux 100 km, chère à faire rouler, excellente en ville et dans les embouteillages, famille nombreuse, cinq places et bagages, vacances, 156 g de CO2 par km, rejets moyens"
MAZDA,MAZDA CX-60,diesel,"diesel gazole, très grand véhicule volumineux, bonnes reprises, 9.35 € aux 100 km, coût moyen, excellente en ville et dans les embouteillages, gros rouleur, 20 000 à 50 000 km par an, longues distances quotidiennes sur autoroute, grande autonomie par plein, famille nombreuse, cinq places et bagages, vacances, 142 g de CO2 par km, rejets moyens"
MAZDA,MAZDA CX-60,petrol/electric,"hybride essence sans prise, très grand véhicule volumineux, performances courantes, 2.45 € aux 100 km, très bon marché à l'usage, petit budget, sobre sur route et autoroute, famille nombreuse, cinq places et bagages, vacances, 33 g de CO2 par km, faibles rejets"
MAZDA,MAZDA CX-80,diesel,"diesel gazole, véhicule très lourd et imposant, bonnes reprises, 9.86 € aux 100 km, coût moyen, excellente en ville et dans les embouteillages, gros rouleur, 20 000 à 50 000 km par an, longues distances quotidiennes sur autoroute, grande autonomie par plein, famille nombreuse, cinq places et bagages, vacances, 151 g de CO2 par km, rejets moyens"
MAZDA,MAZDA CX-80,petrol/electric,"hybride essence sans prise, véhicule très lourd et imposant, performances courantes, 2.80 € aux 100 km, très bon marché à l'usage, petit budget, sobre sur route et autoroute, famille nombreuse, cinq places et bagages, vacances, 36 g de CO2 par km, faibles rejets"
MAZDA,MAZDA MX-30,electric,"électrique à batterie, se recharge sur borne, compacte polyvalente, performances courantes, 3.94 € aux 100 km, très bon marché à l'usage, petit budget, silencieuse en ville, trajets domicile-travail, autonomie limitée de 200 km, trajets courts seulement, zéro émission de CO2, aucune pollution à l'usage, la voiture la plus propre et la plus écologique, aucun rejet"
MAZDA,MAZDA MX-30,petrol/electric,"hybride essence sans prise, familiale spacieuse, grand coffre, motorisation modeste et tranquille, 1.75 € aux 100 km, très bon marché à l'usage, petit budget, sobre sur route et autoroute, famille nombreuse, cinq places et bagages, vacances, 21 g de CO2 par km, faibles rejets"
MAZDA,MAZDA MX-5,petrol,"essence, toute petite citadine légère, facile à garer, bonnes reprises, 10.85 € aux 100 km, coût moyen, facile en ville, encombrement minimal, deuxième voiture, 140 g de CO2 par km, rejets moyens"
MAZDA,MAZDA2,petrol,"essence, petite citadine maniable, performances courantes, 8.22 € aux 100 km, coût moyen, excellente en ville et dans les embouteillages, sobre sur route et autoroute, 107 g de CO2 par km, rejets moyens"
MAZDA,MAZDA2 HYBRID,petrol,"essence, petite citadine maniable, performances courantes, 6.65 € aux 100 km, économique, excellente en ville et dans les embouteillages, sobre sur route et autoroute, 87 g de CO2 par km, faibles rejets"
MAZDA,MAZDA3,petrol,"essence, compacte polyvalente, performances courantes, 10.50 € aux 100 km, coût moyen, excellente en ville et dans les embouteillages, 135 g de CO2 par km, rejets moyens"
MAZDA,MX-5,petrol,"essence, toute petite citadine légère, facile à garer, bonnes reprises, 10.85 € aux 100 km, coût moyen, facile en ville, encombrement minimal, deuxième voiture, 140 g de CO2 par km, rejets moyens"
MCLAREN,ARTURA COUPE,petrol/electric,"hybride essence sans prise, voiture de sport légère, deux places, usage plaisir, sportive et très puissante, 8.40 € aux 100 km, coût moyen, sobre sur route et autoroute, encombrement minimal, deuxième voiture, 108 g de CO2 par km, rejets moyens"
MCLAREN,ARTURA SPIDER,petrol/electric,"hybride essence sans prise, voiture de sport légère, deux places, usage plaisir, sportive et très puissante, 8.40 € aux 100 km, coût moyen, sobre sur route et autoroute, encombrement minimal, deuxième voiture, 108 g de CO2 par km, rejets moyens"
MCLAREN,MCLAREN 750S COUPE,petrol,"essence, voiture de sport légère, deux places, usage plaisir, sportive et très puissante, 21.35 € aux 100 km, chère à faire rouler, encombrement minimal, deuxième voiture, 276 g de CO2 par km, très polluante, malus écologique"
MCLAREN,MCLAREN 750S SPIDER,petrol,"essence, voiture de sport légère, deux places, usage plaisir, sportive et très puissante, 21.35 € aux 100 km, chère à faire rouler, encombrement minimal, deuxième voiture, 276 g de CO2 par km, très polluante, malus écologique"
MERCEDES-AMG,AMG GT 43,petrol,"essence, voiture de sport légère, deux places, usage plaisir, sportive et très puissante, 18.03 € aux 100 km, chère à faire rouler, encombrement minimal, deuxième voiture, 235 g de CO2 par km, très polluante, malus écologique"
MERCEDES-AMG,AMG GT 63 4MATIC+,petrol,"essence, voiture de sport légère, deux places, usage plaisir, sportive et très puissante, 24.68 € aux 100 km, chère à faire rouler, encombrement minimal, deuxième voiture, 319 g de CO2 par km, très polluante, malus écologique"
MERCEDES-AMG,AMG GT 63 PRO 4MATIC+,petrol,"essence, voiture de sport légère, deux places, usage plaisir, sportive et très puissante, 24.50 € aux 100 km, chère à faire rouler, encombrement minimal, deuxième voiture, 319 g de CO2 par km, très polluante, malus écologique"
MERCEDES-AMG,AMG GT 63 S E PERFORMANCE,petrol/electric,"hybride essence sans prise, voiture de sport légère, deux places, usage plaisir, sportive et très puissante, 14.35 € aux 100 km, chère à faire rouler, encombrement minimal, deuxième voiture, 188 g de CO2 par km, très polluante, malus écologique"
MERCEDES-AMG,AMG PURESPEED,petrol,"essence, voiture de sport légère, deux places, usage plaisir, sportive et très puissante, 23.97 € aux 100 km, chère à faire rouler, encombrement minimal, deuxième voiture, 312 g de CO2 par km, très polluante, malus écologique"
MERCEDES-AMG,AMG SL 43,petrol,"essence, voiture de sport légère, deux places, usage plaisir, sportive et très puissante, 16.62 € aux 100 km, chère à faire rouler, encombrement minimal, deuxième voiture, 216 g de CO2 par km, très polluante, malus écologique"
MERCEDES-AMG,AMG SL 63 4MATIC+,petrol,"essence, voiture de sport légère, deux places, usage plaisir, sportive et très puissante, 23.10 € aux 100 km, chère à faire rouler, encombrement minimal, deuxième voiture, 298 g de CO2 par km, très polluante, malus écologique"
MERCEDES-AMG,AMG SL 63 S E PERFORMANCE,petrol/electric,"hybride essence sans prise, voiture de sport légère, deux places, usage plaisir, sportive et très puissante, 13.47 € aux 100 km, chère à faire rouler, encombrement minimal, deuxième voiture, 175 g de CO2 par km, très polluante, malus écologique"
MERCEDES-AMG,CLASSE G,petrol,"essence, voiture de sport légère, deux places, usage plaisir, sportive et très puissante, 35.18 € aux 100 km, chère à faire rouler, encombrement minimal, deuxième voiture, 456 g de CO2 par km, très polluante, malus écologique"
MERCEDES-AMG,MAYBACH SL 680,petrol,"essence, voiture de sport légère, deux places, usage plaisir, sportive et très puissante, 23.80 € aux 100 km, chère à faire rouler, encombrement minimal, deuxième voiture, 309 g de CO2 par km, très polluante, malus écologique"
MERCEDES-BENZ,A 180,petrol,"essence, compacte polyvalente, performances courantes, 10.33 € aux 100 km, coût moyen, excellente en ville et dans les embouteillages, 134 g de CO2 par km, rejets moyens"
MERCEDES-BENZ,A 180 D,diesel,"diesel gazole, familiale spacieuse, grand coffre, motorisation modeste et tranquille, 8.84 € aux 100 km, coût moyen, gros rouleur, 20 000 à 50 000 km par an, longues distances quotidiennes sur autoroute, grande autonomie par plein, famille nombreuse, cinq places et bagages, vacances, 135 g de CO2 par km, rejets moyens"
MERCEDES-BENZ,A 200,petrol,"essence, compacte polyvalente, bonnes reprises, 10.50 € aux 100 km, coût moyen, excellente en ville et dans les embouteillages, 136 g de CO2 par km, rejets moyens"
MERCEDES-BENZ,A 200 D,diesel,"diesel gazole, familiale spacieuse, grand coffre, performances courantes, 8.67 € aux 100 km, coût moyen, gros rouleur, 20 000 à 50 000 km par an, longues distances quotidiennes sur autoroute, grande autonomie par plein, famille nombreuse, cinq places et bagages, vacances, 133 g de CO2 par km, rejets moyens"
MERCEDES-BENZ,A 250 E,petrol/electric,"hybride essence sans prise, familiale spacieuse, grand coffre, performances courantes, 1.40 € aux 100 km, très bon marché à l'usage, petit budget, sobre sur route et autoroute, famille nombreuse, cinq places et bagages, vacances, 18 g de CO2 par km, faibles rejets"
MERCEDES-BENZ,AMG A 35 4MATIC,petrol,"essence, familiale spacieuse, grand coffre, sportive et très puissante, 14.88 € aux 100 km, chère à faire rouler, excellente en ville et dans les embouteillages, famille nombreuse, cinq places et bagages, vacances, 194 g de CO2 par km, très polluante, malus écologique"
MERCEDES-BENZ,AMG C 43 4MATIC,petrol,"essence, voiture de sport légère, deux places, usage plaisir, sportive et très puissante, 16.36 € aux 100 km, chère à faire rouler, encombrement minimal, deuxième voiture, 213 g de CO2 par km, très polluante, malus écologique"
MERCEDES-BENZ,AMG C 43 4MATIC+,petrol,"essence, voiture de sport légère, deux places, usage plaisir, sportive et très puissante, 15.75 € aux 100 km, chère à faire rouler, encombrement minimal, deuxième voiture, 203 g de CO2 par km, très polluante, malus écologique"
MERCEDES-BENZ,AMG C 63 S E PERFORMANCE,petrol/electric,"hybride essence sans prise, voiture de sport légère, deux places, usage plaisir, sportive et très puissante, 12.08 € aux 100 km, chère à faire rouler, encombrement minimal, deuxième voiture, 156 g de CO2 par km, rejets moyens"
MERCEDES-BENZ,AMG CLA 35 4MATIC,petrol,"essence, familiale spacieuse, grand coffre, sportive et très puissante, 15.05 € aux 100 km, chère à faire rouler, excellente en ville et dans les embouteillages, famille nombreuse, cinq places et bagages, vacances, 196 g de CO2 par km, très polluante, malus écologique"
MERCEDES-BENZ,AMG CLA 45 S 4MATIC+,petrol,"essence, voiture de sport légère, deux places, usage plaisir, sportive et très puissante, 15.75 € aux 100 km, chère à faire rouler, encombrement minimal, deuxième voiture, 203 g de CO2 par km, très polluante, malus écologique"
MERCEDES-BENZ,AMG CLE 53 4MATIC,petrol,"essence, voiture de sport légère, deux places, usage plaisir, sportive et très puissante, 16.71 € aux 100 km, chère à faire rouler, encombrement minimal, deuxième voiture, 216 g de CO2 par km, très polluante, malus écologique"
MERCEDES-BENZ,AMG E 53 HYBRID,petrol/electric,"hybride essence sans prise, véhicule très lourd et imposant, sportive et très puissante, 1.75 € aux 100 km, très bon marché à l'usage, petit budget, sobre sur route et autoroute, famille nombreuse, cinq places et bagages, vacances, 23 g de CO2 par km, faibles rejets"
MERCEDES-BENZ,AMG E 63 S,petrol,"essence, voiture de sport légère, deux places, usage plaisir, sportive et très puissante, 21.18 € aux 100 km, chère à faire rouler, encombrement minimal, deuxième voiture, 276 g de CO2 par km, très polluante, malus écologique"
MERCEDES-BENZ,AMG EQE 43 4MATIC,electric,"électrique à batterie, se recharge sur borne, voiture de sport légère, deux places, usage plaisir, sportive et très puissante, 5.16 € aux 100 km, économique, grande autonomie de 463 km, longs trajets possibles, encombrement minimal, deuxième voiture, zéro émission de CO2, aucune pollution à l'usage, la voiture la plus propre et la plus écologique, aucun rejet"
MERCEDES-BENZ,AMG EQE 53 4MATIC+,electric,"électrique à batterie, se recharge sur borne, voiture de sport légère, deux places, usage plaisir, sportive et très puissante, 5.17 € aux 100 km, économique, grande autonomie de 446 km, longs trajets possibles, encombrement minimal, deuxième voiture, zéro émission de CO2, aucune pollution à l'usage, la voiture la plus propre et la plus écologique, aucun rejet"
MERCEDES-BENZ,AMG EQS 53 4MATIC+,electric,"électrique à batterie, se recharge sur borne, voiture de sport légère, deux places, usage plaisir, sportive et très puissante, 5.17 € aux 100 km, économique, grande autonomie de 544 km, longs trajets possibles, encombrement minimal, deuxième voiture, zéro émission de CO2, aucune pollution à l'usage, la voiture la plus propre et la plus écologique, aucun rejet"
MERCEDES-BENZ,AMG G 63,petrol,"essence, voiture de sport légère, deux places, usage plaisir, sportive et très puissante, 25.90 € aux 100 km, chère à faire rouler, encombrement minimal, deuxième voiture, 338 g de CO2 par km, très polluante, malus écologique"
MERCEDES-BENZ,AMG G 63,petrol,"essence, voiture de sport légère, deux places, usage plaisir, sportive et très puissante, 28.35 € aux 100 km, chère à faire rouler, encombrement minimal, deuxième voiture, 369 g de CO2 par km, très polluante, malus écologique"
MERCEDES-BENZ,AMG GLA 45 S 4MATIC+,petrol,"essence, voiture de sport légère, deux places, usage plaisir, sportive et très puissante, 17.32 € aux 100 km, chère à faire rouler, encombrement minimal, deuxième voiture, 224 g de CO2 par km, très polluante, malus écologique"
MERCEDES-BENZ,AMG GLB 35 4MATIC,petrol,"essence, très grand véhicule volumineux, sportive et très puissante, 15.92 € aux 100 km, chère à faire rouler, excellente en ville et dans les embouteillages, famille nombreuse, cinq places et bagages, vacances, 207 g de CO2 par km, très polluante, malus écologique"
MERCEDES-BENZ,AMG GLC 43 4MATIC,petrol,"essence, voiture de sport légère, deux places, usage plaisir, sportive et très puissante, 18.20 € aux 100 km, chère à faire rouler, encombrement minimal, deuxième voiture, 236 g de CO2 par km, très polluante, malus écologique"
MERCEDES-BENZ,AMG GLC 63S E PERFORMANCE,petrol/electric,"hybride essence sans prise, voiture de sport légère, deux places, usage plaisir, sportive et très puissante, 13.12 € aux 100 km, chère à faire rouler, encombrement minimal, deuxième voiture, 170 g de CO2 par km, très polluante, malus écologique"
MERCEDES-BENZ,AMG GLE 53 4MATIC+,petrol,"essence, véhicule très lourd et imposant, sportive et très puissante, 18.72 € aux 100 km, chère à faire rouler, excellente en ville et dans les embouteillages, famille nombreuse, cinq places et bagages, vacances, 243 g de CO2 par km, très polluante, malus écologique"
MERCEDES-BENZ,AMG GLE 53 4MATIC+ COUPE,petrol,"essence, véhicule très lourd et imposant, sportive et très puissante, 18.03 € aux 100 km, chère à faire rouler, excellente en ville et dans les embouteillages, famille nombreuse, cinq places et bagages, vacances, 235 g de CO2 par km, très polluante, malus écologique"
MERCEDES-BENZ,AMG GLE 53 HYBRID,petrol/electric,"hybride essence sans prise, véhicule très lourd et imposant, sportive et très puissante, 2.45 € aux 100 km, très bon marché à l'usage, petit budget, sobre sur route et autoroute, famille nombreuse, cinq places et bagages, vacances, 32 g de CO2 par km, faibles rejets"
MERCEDES-BENZ,AMG GLE 53 HYBRID COUPE,petrol/electric,"hybride essence sans prise, véhicule très lourd et imposant, sportive et très puissante, 2.10 € aux 100 km, très bon marché à l'usage, petit budget, sobre sur route et autoroute, famille nombreuse, cinq places et bagages, vacances, 28 g de CO2 par km, faibles rejets"
MERCEDES-BENZ,AMG GLE 63 S 4MATIC+,petrol,"essence, voiture de sport légère, deux places, usage plaisir, sportive et très puissante, 22.40 € aux 100 km, chère à faire rouler, encombrement minimal, deuxième voiture, 290 g de CO2 par km, très polluante, malus écologique"
MERCEDES-BENZ,AMG GLE 63 S 4MATIC+COUPE,petrol,"essence, voiture de sport légère, deux places, usage plaisir, sportive et très puissante, 21.88 € aux 100 km, chère à faire rouler, encombrement minimal, deuxième voiture, 284 g de CO2 par km, très polluante, malus écologique"
MERCEDES-BENZ,AMG S 63 E PERFORMANCE,petrol/electric,"hybride essence sans prise, voiture de sport légère, deux places, usage plaisir, sportive et très puissante, 7.70 € aux 100 km, économique, sobre sur route et autoroute, encombrement minimal, deuxième voiture, 100 g de CO2 par km, rejets moyens"
MERCEDES-BENZ,B 180,petrol,"essence, familiale spacieuse, grand coffre, performances courantes, 10.50 € aux 100 km, coût moyen, excellente en ville et dans les embouteillages, famille nombreuse, cinq places et bagages, vacances, 136 g de CO2 par km, rejets moyens"
MERCEDES-BENZ,B 180 D,diesel,"diesel gazole, familiale spacieuse, grand coffre, motorisation modeste et tranquille, 8.84 € aux 100 km, coût moyen, gros rouleur, 20 000 à 50 000 km par an, longues distances quotidiennes sur autoroute, grande autonomie par plein, famille nombreuse, cinq places et bagages, vacances, 137 g de CO2 par km, rejets moyens"
MERCEDES-BENZ,B 200,petrol,"essence, familiale spacieuse, grand coffre, bonnes reprises, 10.67 € aux 100 km, coût moyen, excellente en ville et dans les embouteillages, famille nombreuse, cinq places et bagages, vacances, 139 g de CO2 par km, rejets moyens"
MERCEDES-BENZ,B 200 D,diesel,"diesel gazole, familiale spacieuse, grand coffre, performances courantes, 8.84 € aux 100 km, coût moyen, gros rouleur, 20 000 à 50 000 km par an, longues distances quotidiennes sur autoroute, grande autonomie par plein, famille nombreuse, cinq places et bagages, vacances, 137 g de CO2 par km, rejets moyens"
MERCEDES-BENZ,B 250 E,petrol/electric,"hybride essence sans prise, familiale spacieuse, grand coffre, performances courantes, 1.57 € aux 100 km, très bon marché à l'usage, petit budget, sobre sur route et autoroute, famille nombreuse, cinq places et bagages, vacances, 21 g de CO2 par km, faibles rejets"
MERCEDES-BENZ,C 200,petrol,"essence, familiale spacieuse, grand coffre, bonnes reprises, 11.03 € aux 100 km, coût moyen, excellente en ville et dans les embouteillages, famille nombreuse, cinq places et bagages, vacances, 144 g de CO2 par km, rejets moyens"
MERCEDES-BENZ,C 200 4MATIC ALL-TERRAIN,petrol,"essence, très grand véhicule volumineux, bonnes reprises, 12.25 € aux 100 km, chère à faire rouler, excellente en ville et dans les embouteillages, famille nombreuse, cinq places et bagages, vacances, 160 g de CO2 par km, rejets moyens"
MERCEDES-BENZ,C 200 D,diesel,"diesel gazole, très grand véhicule volumineux, performances courantes, 7.82 € aux 100 km, économique, excellente en ville et dans les embouteillages, gros rouleur, 20 000 à 50 000 km par an, longues distances quotidiennes sur autoroute, grande autonomie par plein, famille nombreuse, cinq places et bagages, vacances, 121 g de CO2 par km, rejets moyens"
MERCEDES-BENZ,C 220 D,diesel,"diesel gazole, très grand véhicule volumineux, bonnes reprises, 7.82 € aux 100 km, économique, excellente en ville et dans les embouteillages, gros rouleur, 20 000 à 50 000 km par an, longues distances quotidiennes sur autoroute, grande autonomie par plein, famille nombreuse, cinq places et bagages, vacances, 121 g de CO2 par km, rejets moyens"
MERCEDES-BENZ,C 220 D 4MATIC,diesel,"diesel gazole, très grand véhicule volumineux, bonnes reprises, 8.67 € aux 100 km, coût moyen, excellente en ville et dans les embouteillages, gros rouleur, 20 000 à 50 000 km par an, longues distances quotidiennes sur autoroute, grande autonomie par plein, famille nombreuse, cinq places et bagages, vacances, 134 g de CO2 par km, rejets moyens"
MERCEDES-BENZ,C 220D 4MATIC ALL-TERRAIN,diesel,"diesel gazole, très grand véhicule volumineux, performances courantes, 8.50 € aux 100 km, coût moyen, excellente en ville et dans les embouteillages, gros rouleur, 20 000 à 50 000 km par an, longues distances quotidiennes sur autoroute, grande autonomie par plein, famille nombreuse, cinq places et bagages, vacances, 131 g de CO2 par km, rejets moyens"
MERCEDES-BENZ,C 300 DE,diesel/electric,"hybride diesel sans prise, très grand véhicule volumineux, performances courantes, 0.68 € aux 100 km, très bon marché à l'usage, petit budget, sobre sur route et autoroute, famille nombreuse, cinq places et bagages, vacances, 12 g de CO2 par km, faibles rejets"
MERCEDES-BENZ,C 300 DE 4MATIC,diesel/electric,"hybride diesel sans prise, très grand véhicule volumineux, performances courantes, 0.85 € aux 100 km, très bon marché à l'usage, petit budget, sobre sur route et autoroute, famille nombreuse, cinq places et bagages, vacances, 14 g de CO2 par km, faibles rejets"
MERCEDES-BENZ,C 300 E,petrol/electric,"hybride essence sans prise, très grand véhicule volumineux, performances courantes, 1.05 € aux 100 km, très bon marché à l'usage, petit budget, sobre sur route et autoroute, famille nombreuse, cinq places et bagages, vacances, 13 g de CO2 par km, faibles rejets"
MERCEDES-BENZ,C 400 E 4MATIC,petrol/electric,"hybride essence sans prise, très grand véhicule volumineux, bonnes reprises, 1.22 € aux 100 km, très bon marché à l'usage, petit budget, sobre sur route et autoroute, famille nombreuse, cinq places et bagages, vacances, 15 g de CO2 par km, faibles rejets"
MERCEDES-BENZ,CITAN,diesel,"diesel gazole, familiale spacieuse, grand coffre, motorisation modeste et tranquille, 9.69 € aux 100 km, coût moyen, gros rouleur, 20 000 à 50 000 km par an, longues distances quotidiennes sur autoroute, grande autonomie par plein, famille nombreuse, cinq places et bagages, vacances, 148 g de CO2 par km, rejets moyens"
MERCEDES-BENZ,CLA 180,petrol,"essence, familiale spacieuse, grand coffre, performances courantes, 10.50 € aux 100 km, coût moyen, excellente en ville et dans les embouteillages, famille nombreuse, cinq places et bagages, vacances, 135 g de CO2 par km, rejets moyens"
MERCEDES-BENZ,CLA 180 D,diesel,"diesel gazole, familiale spacieuse, grand coffre, motorisation modeste et tranquille, 8.84 € aux 100 km, coût moyen, gros rouleur, 20 000 à 50 000 km par an, longues distances quotidiennes sur autoroute, grande autonomie par plein, famille nombreuse, cinq places et bagages, vacances, 136 g de CO2 par km, rejets moyens"
MERCEDES-BENZ,CLA 200,petrol,"essence, familiale spacieuse, grand coffre, bonnes reprises, 10.85 € aux 100 km, coût moyen, excellente en ville et dans les embouteillages, famille nombreuse, cinq places et bagages, vacances, 140 g de CO2 par km, rejets moyens"
MERCEDES-BENZ,CLA 200 D,diesel,"diesel gazole, familiale spacieuse, grand coffre, performances courantes, 8.84 € aux 100 km, coût moyen, gros rouleur, 20 000 à 50 000 km par an, longues distances quotidiennes sur autoroute, grande autonomie par plein, famille nombreuse, cinq places et bagages, vacances, 136 g de CO2 par km, rejets moyens"
MERCEDES-BENZ,CLA 220 D,diesel,"diesel gazole, familiale spacieuse, grand coffre, bonnes reprises, 9.01 € aux 100 km, coût moyen, gros rouleur, 20 000 à 50 000 km par an, longues distances quotidiennes sur autoroute, grande autonomie par plein, famille nombreuse, cinq places et bagages, vacances, 139 g de CO2 par km, rejets moyens"
MERCEDES-BENZ,CLA 250 E,petrol/electric,"hybride essence sans prise, familiale spacieuse, grand coffre, performances courantes, 1.57 € aux 100 km, très bon marché à l'usage, petit budget, sobre sur route et autoroute, famille nombreuse, cinq places et bagages, vacances, 21 g de CO2 par km, faibles rejets"
MERCEDES-BENZ,CLA 250+,electric,"électrique à batterie, se recharge sur borne, très grand véhicule volumineux, bonnes reprises, 2.82 € aux 100 km, très bon marché à l'usage, petit budget, silencieuse en ville, trajets domicile-travail, grande autonomie de 760 km, longs trajets possibles, famille nombreuse, cinq places et bagages, vacances, zéro émission de CO2, aucune pollution à l'usage, la voiture la plus propre et la plus écologique, aucun rejet"
MERCEDES-BENZ,CLA 350 4MATIC,electric,"électrique à batterie, se recharge sur borne, très grand véhicule volumineux, sportive et très puissante, 3.07 € aux 100 km, très bon marché à l'usage, petit budget, silencieuse en ville, trajets domicile-travail, grande autonomie de 708 km, longs trajets possibles, famille nombreuse, cinq places et bagages, vacances, zéro émission de CO2, aucune pollution à l'usage, la voiture la plus propre et la plus écologique, aucun rejet"
MERCEDES-BENZ,CLASSE A,diesel,"diesel gazole, familiale spacieuse, grand coffre, performances courantes, 9.86 € aux 100 km, coût moyen, gros rouleur, 20 000 à 50 000 km par an, longues distances quotidiennes sur autoroute, grande autonomie par plein, famille nombreuse, cinq places et bagages, vacances, 136 g de CO2 par km, rejets moyens"
MERCEDES-BENZ,CLASSE A,petrol,"essence, compacte polyvalente, performances courantes, 11.03 € aux 100 km, coût moyen, excellente en ville et dans les embouteillages, 137 g de CO2 par km, rejets moyens"
MERCEDES-BENZ,CLASSE A,petrol/electric,"hybride essence sans prise, familiale spacieuse, grand coffre, performances courantes, 1.66 € aux 100 km, très bon marché à l'usage, petit budget, sobre sur route et autoroute, famille nombreuse, cinq places et bagages, vacances, 18 g de CO2 par km, faibles rejets"
MERCEDES-BENZ,CLASSE B,diesel,"diesel gazole, familiale spacieuse, grand coffre, motorisation modeste et tranquille, 10.03 € aux 100 km, coût moyen, gros rouleur, 20 000 à 50 000 km par an, longues distances quotidiennes sur autoroute, grande autonomie par plein, famille nombreuse, cinq places et bagages, vacances, 139 g de CO2 par km, rejets moyens"
MERCEDES-BENZ,CLASSE B,petrol,"essence, familiale spacieuse, grand coffre, performances courantes, 11.46 € aux 100 km, coût moyen, excellente en ville et dans les embouteillages, famille nombreuse, cinq places et bagages, vacances, 142 g de CO2 par km, rejets moyens"
MERCEDES-BENZ,CLASSE B,petrol/electric,"hybride essence sans prise, familiale spacieuse, grand coffre, performances courantes, 1.40 € aux 100 km, très bon marché à l'usage, petit budget, sobre sur route et autoroute, famille nombreuse, cinq places et bagages, vacances, 18 g de CO2 par km, faibles rejets"
MERCEDES-BENZ,CLASSE C,diesel,"diesel gazole, très grand véhicule volumineux, performances courantes, 8.50 € aux 100 km, coût moyen, excellente en ville et dans les embouteillages, gros rouleur, 20 000 à 50 000 km par an, longues distances quotidiennes sur autoroute, grande autonomie par plein, famille nombreuse, cinq places et bagages, vacances, 126 g de CO2 par km, rejets moyens"
MERCEDES-BENZ,CLASSE C,petrol,"essence, familiale spacieuse, grand coffre, bonnes reprises, 11.72 € aux 100 km, coût moyen, excellente en ville et dans les embouteillages, famille nombreuse, cinq places et bagages, vacances, 148 g de CO2 par km, rejets moyens"
MERCEDES-BENZ,CLASSE C,petrol/electric,"hybride essence sans prise, très grand véhicule volumineux, performances courantes, 1.22 € aux 100 km, très bon marché à l'usage, petit budget, sobre sur route et autoroute, famille nombreuse, cinq places et bagages, vacances, 13 g de CO2 par km, faibles rejets"
MERCEDES-BENZ,CLASSE CLA,diesel,"diesel gazole, familiale spacieuse, grand coffre, performances courantes, 9.86 € aux 100 km, coût moyen, gros rouleur, 20 000 à 50 000 km par an, longues distances quotidiennes sur autoroute, grande autonomie par plein, famille nombreuse, cinq places et bagages, vacances, 137 g de CO2 par km, rejets moyens"
MERCEDES-BENZ,CLASSE CLA,petrol,"essence, familiale spacieuse, grand coffre, performances courantes, 11.03 € aux 100 km, coût moyen, excellente en ville et dans les embouteillages, famille nombreuse, cinq places et bagages, vacances, 139 g de CO2 par km, rejets moyens"
MERCEDES-BENZ,CLASSE CLA,petrol/electric,"hybride essence sans prise, familiale spacieuse, grand coffre, performances courantes, 1.93 € aux 100 km, très bon marché à l'usage, petit budget, sobre sur route et autoroute, famille nombreuse, cinq places et bagages, vacances, 21 g de CO2 par km, faibles rejets"
MERCEDES-BENZ,CLASSE CLE,diesel,"diesel gazole, très grand véhicule volumineux, bonnes reprises, 8.84 € aux 100 km, coût moyen, excellente en ville et dans les embouteillages, gros rouleur, 20 000 à 50 000 km par an, longues distances quotidiennes sur autoroute, grande autonomie par plein, famille nombreuse, cinq places et bagages, vacances, 126 g de CO2 par km, rejets moyens"
MERCEDES-BENZ,CLASSE CLE,petrol,"essence, très grand véhicule volumineux, bonnes reprises, 12.42 € aux 100 km, chère à faire rouler, excellente en ville et dans les embouteillages, famille nombreuse, cinq places et bagages, vacances, 155 g de CO2 par km, rejets moyens"
MERCEDES-BENZ,CLASSE E,diesel,"diesel gazole, très grand véhicule volumineux, performances courantes, 8.92 € aux 100 km, coût moyen, excellente en ville et dans les embouteillages, gros rouleur, 20 000 à 50 000 km par an, longues distances quotidiennes sur autoroute, grande autonomie par plein, famille nombreuse, cinq places et bagages, vacances, 129 g de CO2 par km, rejets moyens"
MERCEDES-BENZ,CLASSE E,diesel/electric,"hybride diesel sans prise, véhicule très lourd et imposant, performances courantes, 0.85 € aux 100 km, très bon marché à l'usage, petit budget, sobre sur route et autoroute, famille nombreuse, cinq places et bagages, vacances, 12 g de CO2 par km, faibles rejets"
MERCEDES-BENZ,CLASSE E,petrol/electric,"hybride essence sans prise, très grand véhicule volumineux, performances courantes, 1.22 € aux 100 km, très bon marché à l'usage, petit budget, sobre sur route et autoroute, famille nombreuse, cinq places et bagages, vacances, 13 g de CO2 par km, faibles rejets"
MERCEDES-BENZ,CLASSE EQA,electric,"électrique à batterie, se recharge sur borne, très grand véhicule volumineux, performances courantes, 3.26 € aux 100 km, très bon marché à l'usage, petit budget, silencieuse en ville, trajets domicile-travail, grande autonomie de 547 km, longs trajets possibles, famille nombreuse, cinq places et bagages, vacances, zéro émission de CO2, aucune pollution à l'usage, la voiture la plus propre et la plus écologique, aucun rejet"
MERCEDES-BENZ,CLASSE EQB,electric,"électrique à batterie, se recharge sur borne, très grand véhicule volumineux, performances courantes, 3.54 € aux 100 km, très bon marché à l'usage, petit budget, silencieuse en ville, trajets domicile-travail, grande autonomie de 506 km, longs trajets possibles, famille nombreuse, cinq places et bagages, vacances, zéro émission de CO2, aucune pollution à l'usage, la voiture la plus propre et la plus écologique, aucun rejet"
MERCEDES-BENZ,CLASSE EQE,electric,"électrique à batterie, se recharge sur borne, véhicule très lourd et imposant, sportive et très puissante, 4.55 € aux 100 km, économique, silencieuse en ville, trajets domicile-travail, grande autonomie de 531 km, longs trajets possibles, famille nombreuse, cinq places et bagages, vacances, zéro émission de CO2, aucune pollution à l'usage, la voiture la plus propre et la plus écologique, aucun rejet"
MERCEDES-BENZ,CLASSE EQS,electric,"électrique à batterie, se recharge sur borne, véhicule très lourd et imposant, bonnes reprises, 3.96 € aux 100 km, très bon marché à l'usage, petit budget, silencieuse en ville, trajets domicile-travail, grande autonomie de 770 km, longs trajets possibles, famille nombreuse, cinq places et bagages, vacances, zéro émission de CO2, aucune pollution à l'usage, la voiture la plus propre et la plus écologique, aucun rejet"
MERCEDES-BENZ,CLASSE EQV,electric,"électrique à batterie, se recharge sur borne, véhicule très lourd et imposant, motorisation modeste et tranquille, 6.14 € aux 100 km, économique, silencieuse en ville, trajets domicile-travail, famille nombreuse, cinq places et bagages, vacances, zéro émission de CO2, aucune pollution à l'usage, la voiture la plus propre et la plus écologique, aucun rejet"
MERCEDES-BENZ,CLASSE G,electric,"électrique à batterie, se recharge sur borne, véhicule très lourd et imposant, sportive et très puissante, 6.95 € aux 100 km, économique, silencieuse en ville, trajets domicile-travail, famille nombreuse, cinq places et bagages, vacances, zéro émission de CO2, aucune pollution à l'usage, la voiture la plus propre et la plus écologique, aucun rejet"
MERCEDES-BENZ,CLASSE G,petrol,"essence, voiture de sport légère, deux places, usage plaisir, sportive et très puissante, 28.35 € aux 100 km, chère à faire rouler, encombrement minimal, deuxième voiture, 369 g de CO2 par km, très polluante, malus écologique"
MERCEDES-BENZ,CLASSE GLA,diesel,"diesel gazole, familiale spacieuse, grand coffre, performances courantes, 10.54 € aux 100 km, coût moyen, gros rouleur, 20 000 à 50 000 km par an, longues distances quotidiennes sur autoroute, grande autonomie par plein, famille nombreuse, cinq places et bagages, vacances, 144 g de CO2 par km, rejets moyens"
MERCEDES-BENZ,CLASSE GLA,petrol,"essence, familiale spacieuse, grand coffre, performances courantes, 12.25 € aux 100 km, chère à faire rouler, excellente en ville et dans les embouteillages, famille nombreuse, cinq places et bagages, vacances, 152 g de CO2 par km, rejets moyens"
MERCEDES-BENZ,CLASSE GLA,petrol/electric,"hybride essence sans prise, familiale spacieuse, grand coffre, performances courantes, 2.27 € aux 100 km, très bon marché à l'usage, petit budget, sobre sur route et autoroute, famille nombreuse, cinq places et bagages, vacances, 26 g de CO2 par km, faibles rejets"
MERCEDES-BENZ,CLASSE GLB,diesel,"diesel gazole, familiale spacieuse, grand coffre, performances courantes, 10.54 € aux 100 km, coût moyen, gros rouleur, 20 000 à 50 000 km par an, longues distances quotidiennes sur autoroute, grande autonomie par plein, famille nombreuse, cinq places et bagages, vacances, 149 g de CO2 par km, rejets moyens"
MERCEDES-BENZ,CLASSE GLC,diesel,"diesel gazole, très grand véhicule volumineux, performances courantes, 9.52 € aux 100 km, coût moyen, excellente en ville et dans les embouteillages, gros rouleur, 20 000 à 50 000 km par an, longues distances quotidiennes sur autoroute, grande autonomie par plein, famille nombreuse, cinq places et bagages, vacances, 141 g de CO2 par km, rejets moyens"
MERCEDES-BENZ,CLASSE GLC,diesel/electric,"hybride diesel sans prise, véhicule très lourd et imposant, performances courantes, 0.85 € aux 100 km, très bon marché à l'usage, petit budget, sobre sur route et autoroute, famille nombreuse, cinq places et bagages, vacances, 12 g de CO2 par km, faibles rejets"
MERCEDES-BENZ,CLASSE GLC,petrol,"essence, très grand véhicule volumineux, bonnes reprises, 13.30 € aux 100 km, chère à faire rouler, excellente en ville et dans les embouteillages, famille nombreuse, cinq places et bagages, vacances, 166 g de CO2 par km, très polluante, malus écologique"
MERCEDES-BENZ,CLASSE GLC,petrol/electric,"hybride essence sans prise, véhicule très lourd et imposant, bonnes reprises, 1.05 € aux 100 km, très bon marché à l'usage, petit budget, sobre sur route et autoroute, famille nombreuse, cinq places et bagages, vacances, 13 g de CO2 par km, faibles rejets"
MERCEDES-BENZ,CLASSE GLE,diesel/electric,"hybride diesel sans prise, véhicule très lourd et imposant, motorisation modeste et tranquille, 1.53 € aux 100 km, très bon marché à l'usage, petit budget, sobre sur route et autoroute, famille nombreuse, cinq places et bagages, vacances, 22 g de CO2 par km, faibles rejets"
MERCEDES-BENZ,CLASSE GLE,petrol/electric,"hybride essence sans prise, véhicule très lourd et imposant, sportive et très puissante, 2.27 € aux 100 km, très bon marché à l'usage, petit budget, sobre sur route et autoroute, famille nombreuse, cinq places et bagages, vacances, 29 g de CO2 par km, faibles rejets"
MERCEDES-BENZ,CLASSE GLS,diesel,"diesel gazole, véhicule très lourd et imposant, bonnes reprises, 15.64 € aux 100 km, chère à faire rouler, excellente en ville et dans les embouteillages, gros rouleur, 20 000 à 50 000 km par an, longues distances quotidiennes sur autoroute, grande autonomie par plein, famille nombreuse, cinq places et bagages, vacances, 234 g de CO2 par km, très polluante, malus écologique"
MERCEDES-BENZ,CLASSE GLS,petrol,"essence, véhicule très lourd et imposant, bonnes reprises, 19.07 € aux 100 km, chère à faire rouler, excellente en ville et dans les embouteillages, famille nombreuse, cinq places et bagages, vacances, 230 g de CO2 par km, très polluante, malus écologique"
MERCEDES-BENZ,CLASSE V,diesel,"diesel gazole, véhicule très lourd et imposant, performances courantes, 15.47 € aux 100 km, chère à faire rouler, gros rouleur, 20 000 à 50 000 km par an, longues distances quotidiennes sur autoroute, grande autonomie par plein, famille nombreuse, cinq places et bagages, vacances, 203 g de CO2 par km, très polluante, malus écologique"
MERCEDES-BENZ,CLE 200,petrol,"essence, très grand véhicule volumineux, bonnes reprises, 11.90 € aux 100 km, coût moyen, excellente en ville et dans les embouteillages, famille nombreuse, cinq places et bagages, vacances, 154 g de CO2 par km, rejets moyens"
MERCEDES-BENZ,CLE 220D,diesel,"diesel gazole, très grand véhicule volumineux, bonnes reprises, 8.16 € aux 100 km, coût moyen, excellente en ville et dans les embouteillages, gros rouleur, 20 000 à 50 000 km par an, longues distances quotidiennes sur autoroute, grande autonomie par plein, famille nombreuse, cinq places et bagages, vacances, 126 g de CO2 par km, rejets moyens"
MERCEDES-BENZ,CLE 300 4MATIC,petrol,"essence, très grand véhicule volumineux, bonnes reprises, 12.86 € aux 100 km, chère à faire rouler, excellente en ville et dans les embouteillages, famille nombreuse, cinq places et bagages, vacances, 166 g de CO2 par km, très polluante, malus écologique"
MERCEDES-BENZ,CLE 300 E,petrol/electric,"hybride essence sans prise, très grand véhicule volumineux, performances courantes, 1.05 € aux 100 km, très bon marché à l'usage, petit budget, sobre sur route et autoroute, famille nombreuse, cinq places et bagages, vacances, 13 g de CO2 par km, faibles rejets"
MERCEDES-BENZ,CLE 450 4MATIC,petrol,"essence, voiture de sport légère, deux places, usage plaisir, sportive et très puissante, 13.47 € aux 100 km, chère à faire rouler, encombrement minimal, deuxième voiture, 176 g de CO2 par km, très polluante, malus écologique"
MERCEDES-BENZ,E 200,petrol,"essence, très grand véhicule volumineux, bonnes reprises, 11.55 € aux 100 km, coût moyen, excellente en ville et dans les embouteillages, famille nombreuse, cinq places et bagages, vacances, 149 g de CO2 par km, rejets moyens"
MERCEDES-BENZ,E 200 D,diesel,"diesel gazole, très grand véhicule volumineux, performances courantes, 7.99 € aux 100 km, économique, excellente en ville et dans les embouteillages, gros rouleur, 20 000 à 50 000 km par an, longues distances quotidiennes sur autoroute, grande autonomie par plein, famille nombreuse, cinq places et bagages, vacances, 124 g de CO2 par km, rejets moyens"
MERCEDES-BENZ,E 220 D,diesel,"diesel gazole, très grand véhicule volumineux, performances courantes, 8.16 € aux 100 km, coût moyen, excellente en ville et dans les embouteillages, gros rouleur, 20 000 à 50 000 km par an, longues distances quotidiennes sur autoroute, grande autonomie par plein, famille nombreuse, cinq places et bagages, vacances, 127 g de CO2 par km, rejets moyens"
MERCEDES-BENZ,E 220 D,diesel,"diesel gazole, très grand véhicule volumineux, bonnes reprises, 9.69 € aux 100 km, coût moyen, gros rouleur, 20 000 à 50 000 km par an, longues distances quotidiennes sur autoroute, grande autonomie par plein, famille nombreuse, cinq places et bagages, vacances, 149 g de CO2 par km, rejets moyens"
MERCEDES-BENZ,E 220 D 4MATIC,diesel,"diesel gazole, très grand véhicule volumineux, performances courantes, 8.67 € aux 100 km, coût moyen, excellente en ville et dans les embouteillages, gros rouleur, 20 000 à 50 000 km par an, longues distances quotidiennes sur autoroute, grande autonomie par plein, famille nombreuse, cinq places et bagages, vacances, 134 g de CO2 par km, rejets moyens"
MERCEDES-BENZ,E 220 D 4MATIC ALLTERRAIN,diesel,"diesel gazole, très grand véhicule volumineux, performances courantes, 9.18 € aux 100 km, coût moyen, excellente en ville et dans les embouteillages, gros rouleur, 20 000 à 50 000 km par an, longues distances quotidiennes sur autoroute, grande autonomie par plein, famille nombreuse, cinq places et bagages, vacances, 143 g de CO2 par km, rejets moyens"
MERCEDES-BENZ,E 300 DE,diesel/electric,"hybride diesel sans prise, véhicule très lourd et imposant, performances courantes, 0.68 € aux 100 km, très bon marché à l'usage, petit budget, sobre sur route et autoroute, famille nombreuse, cinq places et bagages, vacances, 12 g de CO2 par km, faibles rejets"
MERCEDES-BENZ,E 300 DE 4MATIC,diesel/electric,"hybride diesel sans prise, véhicule très lourd et imposant, performances courantes, 0.85 € aux 100 km, très bon marché à l'usage, petit budget, sobre sur route et autoroute, famille nombreuse, cinq places et bagages, vacances, 14 g de CO2 par km, faibles rejets"
MERCEDES-BENZ,E 300 E,petrol/electric,"hybride essence sans prise, très grand véhicule volumineux, performances courantes, 1.05 € aux 100 km, très bon marché à l'usage, petit budget, sobre sur route et autoroute, famille nombreuse, cinq places et bagages, vacances, 13 g de CO2 par km, faibles rejets"
MERCEDES-BENZ,E 300 E 4MATIC,petrol/electric,"hybride essence sans prise, véhicule très lourd et imposant, performances courantes, 1.22 € aux 100 km, très bon marché à l'usage, petit budget, sobre sur route et autoroute, famille nombreuse, cinq places et bagages, vacances, 16 g de CO2 par km, faibles rejets"
MERCEDES-BENZ,E 300DE 4MATIC ALLTERRAIN,diesel/electric,"hybride diesel sans prise, véhicule très lourd et imposant, performances courantes, 1.02 € aux 100 km, très bon marché à l'usage, petit budget, sobre sur route et autoroute, famille nombreuse, cinq places et bagages, vacances, 16 g de CO2 par km, faibles rejets"
MERCEDES-BENZ,E 400 E 4MATIC,petrol/electric,"hybride essence sans prise, véhicule très lourd et imposant, bonnes reprises, 1.22 € aux 100 km, très bon marché à l'usage, petit budget, sobre sur route et autoroute, famille nombreuse, cinq places et bagages, vacances, 17 g de CO2 par km, faibles rejets"
MERCEDES-BENZ,E 450 D 4MATIC,diesel,"diesel gazole, véhicule très lourd et imposant, sportive et très puissante, 10.37 € aux 100 km, coût moyen, excellente en ville et dans les embouteillages, gros rouleur, 20 000 à 50 000 km par an, longues distances quotidiennes sur autoroute, grande autonomie par plein, famille nombreuse, cinq places et bagages, vacances, 159 g de CO2 par km, rejets moyens"
MERCEDES-BENZ,E 450 D 4MATIC ALLTERRAIN,diesel,"diesel gazole, véhicule très lourd et imposant, sportive et très puissante, 10.88 € aux 100 km, coût moyen, excellente en ville et dans les embouteillages, gros rouleur, 20 000 à 50 000 km par an, longues distances quotidiennes sur autoroute, grande autonomie par plein, famille nombreuse, cinq places et bagages, vacances, 169 g de CO2 par km, très polluante, malus écologique"
MERCEDES-BENZ,EQA 250+,electric,"électrique à batterie, se recharge sur borne, très grand véhicule volumineux, performances courantes, 3.23 € aux 100 km, très bon marché à l'usage, petit budget, silencieuse en ville, trajets domicile-travail, grande autonomie de 551 km, longs trajets possibles, famille nombreuse, cinq places et bagages, vacances, zéro émission de CO2, aucune pollution à l'usage, la voiture la plus propre et la plus écologique, aucun rejet"
MERCEDES-BENZ,EQA 300 4MATIC,electric,"électrique à batterie, se recharge sur borne, très grand véhicule volumineux, bonnes reprises, 3.81 € aux 100 km, très bon marché à l'usage, petit budget, silencieuse en ville, trajets domicile-travail, grande autonomie de 465 km, longs trajets possibles, famille nombreuse, cinq places et bagages, vacances, zéro émission de CO2, aucune pollution à l'usage, la voiture la plus propre et la plus écologique, aucun rejet"
MERCEDES-BENZ,EQA 350 4MATIC,electric,"électrique à batterie, se recharge sur borne, très grand véhicule volumineux, bonnes reprises, 4.03 € aux 100 km, économique, silencieuse en ville, trajets domicile-travail, grande autonomie de 438 km, longs trajets possibles, famille nombreuse, cinq places et bagages, vacances, zéro émission de CO2, aucune pollution à l'usage, la voiture la plus propre et la plus écologique, aucun rejet"
MERCEDES-BENZ,EQB 250,electric,"électrique à batterie, se recharge sur borne, très grand véhicule volumineux, performances courantes, 3.87 € aux 100 km, très bon marché à l'usage, petit budget, silencieuse en ville, trajets domicile-travail, grande autonomie de 440 km, longs trajets possibles, famille nombreuse, cinq places et bagages, vacances, zéro émission de CO2, aucune pollution à l'usage, la voiture la plus propre et la plus écologique, aucun rejet"
MERCEDES-BENZ,EQB 250+,electric,"électrique à batterie, se recharge sur borne, très grand véhicule volumineux, performances courantes, 3.50 € aux 100 km, très bon marché à l'usage, petit budget, silencieuse en ville, trajets domicile-travail, grande autonomie de 512 km, longs trajets possibles, famille nombreuse, cinq places et bagages, vacances, zéro émission de CO2, aucune pollution à l'usage, la voiture la plus propre et la plus écologique, aucun rejet"
MERCEDES-BENZ,EQB 300 4MATIC,electric,"électrique à batterie, se recharge sur borne, très grand véhicule volumineux, bonnes reprises, 3.96 € aux 100 km, très bon marché à l'usage, petit budget, silencieuse en ville, trajets domicile-travail, grande autonomie de 449 km, longs trajets possibles, famille nombreuse, cinq places et bagages, vacances, zéro émission de CO2, aucune pollution à l'usage, la voiture la plus propre et la plus écologique, aucun rejet"
MERCEDES-BENZ,EQB 350 4MATIC,electric,"électrique à batterie, se recharge sur borne, voiture de sport légère, deux places, usage plaisir, sportive et très puissante, 3.92 € aux 100 km, très bon marché à l'usage, petit budget, grande autonomie de 431 km, longs trajets possibles, encombrement minimal, deuxième voiture, zéro émission de CO2, aucune pollution à l'usage, la voiture la plus propre et la plus écologique, aucun rejet"
MERCEDES-BENZ,EQC 400 4MATIC,electric,"électrique à batterie, se recharge sur borne, voiture de sport légère, deux places, usage plaisir, sportive et très puissante, 5.09 € aux 100 km, économique, encombrement minimal, deuxième voiture, zéro émission de CO2, aucune pollution à l'usage, la voiture la plus propre et la plus écologique, aucun rejet"
MERCEDES-BENZ,EQE 300,electric,"électrique à batterie, se recharge sur borne, véhicule très lourd et imposant, performances courantes, 3.63 € aux 100 km, très bon marché à l'usage, petit budget, silencieuse en ville, trajets domicile-travail, grande autonomie de 629 km, longs trajets possibles, famille nombreuse, cinq places et bagages, vacances, zéro émission de CO2, aucune pollution à l'usage, la voiture la plus propre et la plus écologique, aucun rejet"
MERCEDES-BENZ,EQE 350,electric,"électrique à batterie, se recharge sur borne, véhicule très lourd et imposant, bonnes reprises, 3.78 € aux 100 km, très bon marché à l'usage, petit budget, silencieuse en ville, trajets domicile-travail, grande autonomie de 601 km, longs trajets possibles, famille nombreuse, cinq places et bagages, vacances, zéro émission de CO2, aucune pollution à l'usage, la voiture la plus propre et la plus écologique, aucun rejet"
MERCEDES-BENZ,EQE 350 4MATIC,electric,"électrique à batterie, se recharge sur borne, voiture de sport légère, deux places, usage plaisir, sportive et très puissante, 4.29 € aux 100 km, économique, grande autonomie de 529 km, longs trajets possibles, encombrement minimal, deuxième voiture, zéro émission de CO2, aucune pollution à l'usage, la voiture la plus propre et la plus écologique, aucun rejet"
MERCEDES-BENZ,EQE 350+,electric,"électrique à batterie, se recharge sur borne, véhicule très lourd et imposant, bonnes reprises, 4.07 € aux 100 km, économique, silencieuse en ville, trajets domicile-travail, grande autonomie de 605 km, longs trajets possibles, famille nombreuse, cinq places et bagages, vacances, zéro émission de CO2, aucune pollution à l'usage, la voiture la plus propre et la plus écologique, aucun rejet"
MERCEDES-BENZ,EQE 500 4MATIC,electric,"électrique à batterie, se recharge sur borne, véhicule très lourd et imposant, sportive et très puissante, 4.36 € aux 100 km, économique, silencieuse en ville, trajets domicile-travail, grande autonomie de 567 km, longs trajets possibles, famille nombreuse, cinq places et bagages, vacances, zéro émission de CO2, aucune pollution à l'usage, la voiture la plus propre et la plus écologique, aucun rejet"
MERCEDES-BENZ,EQS 450+,electric,"électrique à batterie, se recharge sur borne, véhicule très lourd et imposant, bonnes reprises, 3.89 € aux 100 km, très bon marché à l'usage, petit budget, silencieuse en ville, trajets domicile-travail, grande autonomie de 768 km, longs trajets possibles, famille nombreuse, cinq places et bagages, vacances, zéro émission de CO2, aucune pollution à l'usage, la voiture la plus propre et la plus écologique, aucun rejet"
MERCEDES-BENZ,EQS 580 4MATIC,electric,"électrique à batterie, se recharge sur borne, voiture de sport légère, deux places, usage plaisir, sportive et très puissante, 4.09 € aux 100 km, économique, grande autonomie de 673 km, longs trajets possibles, encombrement minimal, deuxième voiture, zéro émission de CO2, aucune pollution à l'usage, la voiture la plus propre et la plus écologique, aucun rejet"
MERCEDES-BENZ,EQT,electric,"électrique à batterie, se recharge sur borne, familiale spacieuse, grand coffre, motorisation modeste et tranquille, 4.40 € aux 100 km, économique, silencieuse en ville, trajets domicile-travail, autonomie limitée de 271 km, trajets courts seulement, famille nombreuse, cinq places et bagages, vacances, zéro émission de CO2, aucune pollution à l'usage, la voiture la plus propre et la plus écologique, aucun rejet"
MERCEDES-BENZ,EQV,electric,"électrique à batterie, se recharge sur borne, véhicule très lourd et imposant, performances courantes, 6.36 € aux 100 km, économique, silencieuse en ville, trajets domicile-travail, famille nombreuse, cinq places et bagages, vacances, zéro émission de CO2, aucune pollution à l'usage, la voiture la plus propre et la plus écologique, aucun rejet"
MERCEDES-BENZ,EVITO TOURER,electric,"électrique à batterie, se recharge sur borne, véhicule très lourd et imposant, performances courantes, 6.20 € aux 100 km, économique, silencieuse en ville, trajets domicile-travail, famille nombreuse, cinq places et bagages, vacances, zéro émission de CO2, aucune pollution à l'usage, la voiture la plus propre et la plus écologique, aucun rejet"
MERCEDES-BENZ,G 500,petrol,"essence, véhicule très lourd et imposant, sportive et très puissante, 19.86 € aux 100 km, chère à faire rouler, excellente en ville et dans les embouteillages, famille nombreuse, cinq places et bagages, vacances, 258 g de CO2 par km, très polluante, malus écologique"
MERCEDES-BENZ,G 500,petrol,"essence, véhicule très lourd et imposant, sportive et très puissante, 26.07 € aux 100 km, chère à faire rouler, famille nombreuse, cinq places et bagages, vacances, 339 g de CO2 par km, très polluante, malus écologique"
MERCEDES-BENZ,G 580,electric,"électrique à batterie, se recharge sur borne, véhicule très lourd et imposant, sportive et très puissante, 6.95 € aux 100 km, économique, silencieuse en ville, trajets domicile-travail, famille nombreuse, cinq places et bagages, vacances, zéro émission de CO2, aucune pollution à l'usage, la voiture la plus propre et la plus écologique, aucun rejet"
MERCEDES-BENZ,GLA 180,petrol,"essence, familiale spacieuse, grand coffre, performances courantes, 11.55 € aux 100 km, coût moyen, excellente en ville et dans les embouteillages, famille nombreuse, cinq places et bagages, vacances, 150 g de CO2 par km, rejets moyens"
MERCEDES-BENZ,GLA 180 D,diesel,"diesel gazole, familiale spacieuse, grand coffre, motorisation modeste et tranquille, 9.35 € aux 100 km, coût moyen, gros rouleur, 20 000 à 50 000 km par an, longues distances quotidiennes sur autoroute, grande autonomie par plein, famille nombreuse, cinq places et bagages, vacances, 143 g de CO2 par km, rejets moyens"
MERCEDES-BENZ,GLA 200,petrol,"essence, familiale spacieuse, grand coffre, performances courantes, 11.72 € aux 100 km, coût moyen, excellente en ville et dans les embouteillages, famille nombreuse, cinq places et bagages, vacances, 151 g de CO2 par km, rejets moyens"
MERCEDES-BENZ,GLA 200 D,diesel,"diesel gazole, familiale spacieuse, grand coffre, performances courantes, 9.35 € aux 100 km, coût moyen, gros rouleur, 20 000 à 50 000 km par an, longues distances quotidiennes sur autoroute, grande autonomie par plein, famille nombreuse, cinq places et bagages, vacances, 145 g de CO2 par km, rejets moyens"
MERCEDES-BENZ,GLA 200 D 4MATIC,diesel,"diesel gazole, familiale spacieuse, grand coffre, performances courantes, 9.86 € aux 100 km, coût moyen, gros rouleur, 20 000 à 50 000 km par an, longues distances quotidiennes sur autoroute, grande autonomie par plein, famille nombreuse, cinq places et bagages, vacances, 151 g de CO2 par km, rejets moyens"
MERCEDES-BENZ,GLA 220 D 4MATIC,diesel,"diesel gazole, familiale spacieuse, grand coffre, bonnes reprises, 9.86 € aux 100 km, coût moyen, gros rouleur, 20 000 à 50 000 km par an, longues distances quotidiennes sur autoroute, grande autonomie par plein, famille nombreuse, cinq places et bagages, vacances, 153 g de CO2 par km, rejets moyens"
MERCEDES-BENZ,GLA 250 E,petrol/electric,"hybride essence sans prise, familiale spacieuse, grand coffre, performances courantes, 1.93 € aux 100 km, très bon marché à l'usage, petit budget, sobre sur route et autoroute, famille nombreuse, cinq places et bagages, vacances, 24 g de CO2 par km, faibles rejets"
MERCEDES-BENZ,GLB 200,petrol,"essence, familiale spacieuse, grand coffre, performances courantes, 12.42 € aux 100 km, chère à faire rouler, excellente en ville et dans les embouteillages, famille nombreuse, cinq places et bagages, vacances, 162 g de CO2 par km, très polluante, malus écologique"
MERCEDES-BENZ,GLB 200,petrol,"essence, familiale spacieuse, grand coffre, performances courantes, 12.42 € aux 100 km, chère à faire rouler, famille nombreuse, cinq places et bagages, vacances, 162 g de CO2 par km, très polluante, malus écologique"
MERCEDES-BENZ,GLB 200 D,diesel,"diesel gazole, familiale spacieuse, grand coffre, performances courantes, 9.86 € aux 100 km, coût moyen, gros rouleur, 20 000 à 50 000 km par an, longues distances quotidiennes sur autoroute, grande autonomie par plein, famille nombreuse, cinq places et bagages, vacances, 151 g de CO2 par km, rejets moyens"
MERCEDES-BENZ,GLB 220 D 4MATIC,diesel,"diesel gazole, très grand véhicule volumineux, bonnes reprises, 10.37 € aux 100 km, coût moyen, gros rouleur, 20 000 à 50 000 km par an, longues distances quotidiennes sur autoroute, grande autonomie par plein, famille nombreuse, cinq places et bagages, vacances, 159 g de CO2 par km, rejets moyens"
MERCEDES-BENZ,GLC 200 4MATIC,petrol,"essence, très grand véhicule volumineux, bonnes reprises, 12.78 € aux 100 km, chère à faire rouler, excellente en ville et dans les embouteillages, famille nombreuse, cinq places et bagages, vacances, 166 g de CO2 par km, très polluante, malus écologique"
MERCEDES-BENZ,GLC 200 D 4MATIC,diesel,"diesel gazole, très grand véhicule volumineux, performances courantes, 9.01 € aux 100 km, coût moyen, excellente en ville et dans les embouteillages, gros rouleur, 20 000 à 50 000 km par an, longues distances quotidiennes sur autoroute, grande autonomie par plein, famille nombreuse, cinq places et bagages, vacances, 139 g de CO2 par km, rejets moyens"
MERCEDES-BENZ,GLC 220 D 4MATIC,diesel,"diesel gazole, très grand véhicule volumineux, performances courantes, 9.01 € aux 100 km, coût moyen, excellente en ville et dans les embouteillages, gros rouleur, 20 000 à 50 000 km par an, longues distances quotidiennes sur autoroute, grande autonomie par plein, famille nombreuse, cinq places et bagages, vacances, 140 g de CO2 par km, rejets moyens"
MERCEDES-BENZ,GLC 300 DE 4MATIC,diesel/electric,"hybride diesel sans prise, véhicule très lourd et imposant, performances courantes, 0.85 € aux 100 km, très bon marché à l'usage, petit budget, sobre sur route et autoroute, famille nombreuse, cinq places et bagages, vacances, 13 g de CO2 par km, faibles rejets"
MERCEDES-BENZ,GLC 300 E 4MATIC,petrol/electric,"hybride essence sans prise, véhicule très lourd et imposant, performances courantes, 1.05 € aux 100 km, très bon marché à l'usage, petit budget, sobre sur route et autoroute, famille nombreuse, cinq places et bagages, vacances, 13 g de CO2 par km, faibles rejets"
MERCEDES-BENZ,GLC 400 E 4MATIC,petrol/electric,"hybride essence sans prise, véhicule très lourd et imposant, bonnes reprises, 1.05 € aux 100 km, très bon marché à l'usage, petit budget, sobre sur route et autoroute, famille nombreuse, cinq places et bagages, vacances, 13 g de CO2 par km, faibles rejets"
MERCEDES-BENZ,GLC 450 D 4MATIC,diesel,"diesel gazole, véhicule très lourd et imposant, sportive et très puissante, 11.05 € aux 100 km, coût moyen, excellente en ville et dans les embouteillages, gros rouleur, 20 000 à 50 000 km par an, longues distances quotidiennes sur autoroute, grande autonomie par plein, famille nombreuse, cinq places et bagages, vacances, 171 g de CO2 par km, très polluante, malus écologique"
MERCEDES-BENZ,GLE 300 D 4MATIC,diesel,"diesel gazole, véhicule très lourd et imposant, bonnes reprises, 11.90 € aux 100 km, coût moyen, excellente en ville et dans les embouteillages, gros rouleur, 20 000 à 50 000 km par an, longues distances quotidiennes sur autoroute, grande autonomie par plein, famille nombreuse, cinq places et bagages, vacances, 184 g de CO2 par km, très polluante, malus écologique"
MERCEDES-BENZ,GLE 350 DE 4MATIC,diesel/electric,"hybride diesel sans prise, véhicule très lourd et imposant, motorisation modeste et tranquille, 1.19 € aux 100 km, très bon marché à l'usage, petit budget, sobre sur route et autoroute, famille nombreuse, cinq places et bagages, vacances, 18 g de CO2 par km, faibles rejets"
MERCEDES-BENZ,GLE 350 DE 4MATIC COUPE,diesel/electric,"hybride diesel sans prise, véhicule très lourd et imposant, motorisation modeste et tranquille, 1.36 € aux 100 km, très bon marché à l'usage, petit budget, sobre sur route et autoroute, famille nombreuse, cinq places et bagages, vacances, 20 g de CO2 par km, faibles rejets"
MERCEDES-BENZ,GLE 400 E 4MATIC,petrol/electric,"hybride essence sans prise, véhicule très lourd et imposant, performances courantes, 1.57 € aux 100 km, très bon marché à l'usage, petit budget, sobre sur route et autoroute, famille nombreuse, cinq places et bagages, vacances, 21 g de CO2 par km, faibles rejets"
MERCEDES-BENZ,GLE 400 E 4MATIC COUPE,petrol/electric,"hybride essence sans prise, véhicule très lourd et imposant, performances courantes, 1.75 € aux 100 km, très bon marché à l'usage, petit budget, sobre sur route et autoroute, famille nombreuse, cinq places et bagages, vacances, 22 g de CO2 par km, faibles rejets"
MERCEDES-BENZ,GLS 450 D 4MATIC,diesel,"diesel gazole, véhicule très lourd et imposant, bonnes reprises, 14.79 € aux 100 km, chère à faire rouler, excellente en ville et dans les embouteillages, gros rouleur, 20 000 à 50 000 km par an, longues distances quotidiennes sur autoroute, grande autonomie par plein, famille nombreuse, cinq places et bagages, vacances, 227 g de CO2 par km, très polluante, malus écologique"
MERCEDES-BENZ,MAYBACH GLS 600,petrol,"essence, voiture de sport légère, deux places, usage plaisir, sportive et très puissante, 24.24 € aux 100 km, chère à faire rouler, encombrement minimal, deuxième voiture, 313 g de CO2 par km, très polluante, malus écologique"
MERCEDES-BENZ,S 350 D,diesel,"diesel gazole, véhicule très lourd et imposant, bonnes reprises, 11.22 € aux 100 km, coût moyen, excellente en ville et dans les embouteillages, gros rouleur, 20 000 à 50 000 km par an, longues distances quotidiennes sur autoroute, grande autonomie par plein, famille nombreuse, cinq places et bagages, vacances, 173 g de CO2 par km, très polluante, malus écologique"
MERCEDES-BENZ,S 400 D 4MATIC,diesel,"diesel gazole, véhicule très lourd et imposant, sportive et très puissante, 11.81 € aux 100 km, coût moyen, gros rouleur, 20 000 à 50 000 km par an, longues distances quotidiennes sur autoroute, grande autonomie par plein, famille nombreuse, cinq places et bagages, vacances, 181 g de CO2 par km, très polluante, malus écologique"
MERCEDES-BENZ,S 450 D 4MATIC,diesel,"diesel gazole, véhicule très lourd et imposant, sportive et très puissante, 10.88 € aux 100 km, coût moyen, excellente en ville et dans les embouteillages, gros rouleur, 20 000 à 50 000 km par an, longues distances quotidiennes sur autoroute, grande autonomie par plein, famille nombreuse, cinq places et bagages, vacances, 167 g de CO2 par km, très polluante, malus écologique"
MERCEDES-BENZ,S 450 E,petrol/electric,"hybride essence sans prise, véhicule très lourd et imposant, bonnes reprises, 1.22 € aux 100 km, très bon marché à l'usage, petit budget, sobre sur route et autoroute, famille nombreuse, cinq places et bagages, vacances, 16 g de CO2 par km, faibles rejets"
MERCEDES-BENZ,S 580 E,petrol/electric,"hybride essence sans prise, véhicule très lourd et imposant, sportive et très puissante, 1.22 € aux 100 km, très bon marché à l'usage, petit budget, sobre sur route et autoroute, famille nombreuse, cinq places et bagages, vacances, 15 g de CO2 par km, faibles rejets"
MERCEDES-BENZ,S 580 E 4MATIC,petrol/electric,"hybride essence sans prise, véhicule très lourd et imposant, bonnes reprises, 1.40 € aux 100 km, très bon marché à l'usage, petit budget, sobre sur route et autoroute, famille nombreuse, cinq places et bagages, vacances, 18 g de CO2 par km, faibles rejets"
MERCEDES-BENZ,S 580 E MAYBACH,petrol/electric,"hybride essence sans prise, véhicule très lourd et imposant, bonnes reprises, 1.57 € aux 100 km, très bon marché à l'usage, petit budget, sobre sur route et autoroute, famille nombreuse, cinq places et bagages, vacances, 21 g de CO2 par km, faibles rejets"
MERCEDES-BENZ,S 680 MAYBACH,petrol,"essence, voiture de sport légère, deux places, usage plaisir, sportive et très puissante, 24.15 € aux 100 km, chère à faire rouler, encombrement minimal, deuxième voiture, 314 g de CO2 par km, très polluante, malus écologique"
MERCEDES-BENZ,SPRINTER,diesel,"diesel gazole, véhicule très lourd et imposant, motorisation modeste et tranquille, 18.36 € aux 100 km, chère à faire rouler, gros rouleur, 20 000 à 50 000 km par an, longues distances quotidiennes sur autoroute, grande autonomie par plein, famille nombreuse, cinq places et bagages, vacances, 283 g de CO2 par km, très polluante, malus écologique"
MERCEDES-BENZ,T-CLASS,diesel,"diesel gazole, familiale spacieuse, grand coffre, motorisation modeste et tranquille, 9.18 € aux 100 km, coût moyen, gros rouleur, 20 000 à 50 000 km par an, longues distances quotidiennes sur autoroute, grande autonomie par plein, famille nombreuse, cinq places et bagages, vacances, 141 g de CO2 par km, rejets moyens"
MERCEDES-BENZ,T-CLASS,petrol,"essence, familiale spacieuse, grand coffre, performances courantes, 12.34 € aux 100 km, chère à faire rouler, famille nombreuse, cinq places et bagages, vacances, 160 g de CO2 par km, rejets moyens"
MERCEDES-BENZ,V-KLASSE,diesel,"diesel gazole, véhicule très lourd et imposant, performances courantes, 12.92 € aux 100 km, chère à faire rouler, gros rouleur, 20 000 à 50 000 km par an, longues distances quotidiennes sur autoroute, grande autonomie par plein, famille nombreuse, cinq places et bagages, vacances, 200 g de CO2 par km, très polluante, malus écologique"
MERCEDES-BENZ,V-KLASSE,petrol,"essence, véhicule très lourd et imposant, performances courantes, 18.03 € aux 100 km, chère à faire rouler, excellente en ville et dans les embouteillages, famille nombreuse, cinq places et bagages, vacances, 235 g de CO2 par km, très polluante, malus écologique"
MERCEDES-BENZ,VITO TOURER,diesel,"diesel gazole, très grand véhicule volumineux, performances courantes, 12.41 € aux 100 km, chère à faire rouler, gros rouleur, 20 000 à 50 000 km par an, longues distances quotidiennes sur autoroute, grande autonomie par plein, famille nombreuse, cinq places et bagages, vacances, 192 g de CO2 par km, très polluante, malus écologique"
MG,CYBERSTER,electric,"électrique à batterie, se recharge sur borne, voiture de sport légère, deux places, usage plaisir, sportive et très puissante, 4.11 € aux 100 km, économique, grande autonomie de 451 km, longs trajets possibles, encombrement minimal, deuxième voiture, zéro émission de CO2, aucune pollution à l'usage, la voiture la plus propre et la plus écologique, aucun rejet"
MG,MG CYBERSTER,electric,"électrique à batterie, se recharge sur borne, voiture de sport légère, deux places, usage plaisir, sportive et très puissante, 4.20 € aux 100 km, économique, grande autonomie de 443 km, longs trajets possibles, encombrement minimal, deuxième voiture, zéro émission de CO2, aucune pollution à l'usage, la voiture la plus propre et la plus écologique, aucun rejet"
MG,MG EHS PLUG-IN HYBRID,petrol/electric,"hybride essence sans prise, familiale spacieuse, grand coffre, performances courantes, 3.15 € aux 100 km, très bon marché à l'usage, petit budget, sobre sur route et autoroute, famille nombreuse, cinq places et bagages, vacances, 43 g de CO2 par km, faibles rejets"
MG,MG HS,petrol/electric,"hybride essence sans prise, très grand véhicule volumineux, motorisation modeste et tranquille, 0.88 € aux 100 km, très bon marché à l'usage, petit budget, sobre sur route et autoroute, famille nombreuse, cinq places et bagages, vacances, 14 g de CO2 par km, faibles rejets"
MG,MG HS HYBRID+,petrol,"essence, très grand véhicule volumineux, performances courantes, 9.62 € aux 100 km, coût moyen, excellente en ville et dans les embouteillages, sobre sur route et autoroute, famille nombreuse, cinq places et bagages, vacances, 126 g de CO2 par km, rejets moyens"
MG,MG MARVEL R ELECTRIC,electric,"électrique à batterie, se recharge sur borne, familiale spacieuse, grand coffre, performances courantes, 4.27 € aux 100 km, économique, silencieuse en ville, trajets domicile-travail, famille nombreuse, cinq places et bagages, vacances, zéro émission de CO2, aucune pollution à l'usage, la voiture la plus propre et la plus écologique, aucun rejet"
MG,MG S5 EV,electric,"électrique à batterie, se recharge sur borne, familiale spacieuse, grand coffre, bonnes reprises, 3.52 € aux 100 km, très bon marché à l'usage, petit budget, silencieuse en ville, trajets domicile-travail, grande autonomie de 465 km, longs trajets possibles, famille nombreuse, cinq places et bagages, vacances, zéro émission de CO2, aucune pollution à l'usage, la voiture la plus propre et la plus écologique, aucun rejet"
MG,MG ZS,petrol,"essence, familiale spacieuse, grand coffre, motorisation modeste et tranquille, 8.92 € aux 100 km, coût moyen, excellente en ville et dans les embouteillages, sobre sur route et autoroute, famille nombreuse, cinq places et bagages, vacances, 115 g de CO2 par km, rejets moyens, modèle très répandu en France"
MG,MG ZS,petrol,"essence, compacte polyvalente, performances courantes, 11.55 € aux 100 km, coût moyen, facile en ville, 149 g de CO2 par km, rejets moyens"
MG,MG ZS EV,electric,"électrique à batterie, se recharge sur borne, compacte polyvalente, performances courantes, 3.92 € aux 100 km, très bon marché à l'usage, petit budget, silencieuse en ville, trajets domicile-travail, grande autonomie de 440 km, longs trajets possibles, zéro émission de CO2, aucune pollution à l'usage, la voiture la plus propre et la plus écologique, aucun rejet"
MG,MG3 HYBRID+,petrol,"essence, compacte polyvalente, motorisation modeste et tranquille, 7.70 € aux 100 km, économique, excellente en ville et dans les embouteillages, sobre sur route et autoroute, 100 g de CO2 par km, rejets moyens, modèle très répandu en France"
MG,MG4 ELECTRIC,electric,"électrique à batterie, se recharge sur borne, compacte polyvalente, bonnes reprises, 3.61 € aux 100 km, très bon marché à l'usage, petit budget, silencieuse en ville, trajets domicile-travail, grande autonomie de 450 km, longs trajets possibles, zéro émission de CO2, aucune pollution à l'usage, la voiture la plus propre et la plus écologique, aucun rejet"
MG,MG5 ELECTRIC,electric,"électrique à batterie, se recharge sur borne, compacte polyvalente, performances courantes, 3.94 € aux 100 km, très bon marché à l'usage, petit budget, silencieuse en ville, trajets domicile-travail, zéro émission de CO2, aucune pollution à l'usage, la voiture la plus propre et la plus écologique, aucun rejet"
MINI,ACEMAN E,electric,"électrique à batterie, se recharge sur borne, compacte polyvalente, bonnes reprises, 3.17 € aux 100 km, très bon marché à l'usage, petit budget, silencieuse en ville, trajets domicile-travail, zéro émission de CO2, aucune pollution à l'usage, la voiture la plus propre et la plus écologique, aucun rejet"
MINI,ACEMAN SE,electric,"électrique à batterie, se recharge sur borne, familiale spacieuse, grand coffre, bonnes reprises, 3.17 € aux 100 km, très bon marché à l'usage, petit budget, silencieuse en ville, trajets domicile-travail, famille nombreuse, cinq places et bagages, vacances, zéro émission de CO2, aucune pollution à l'usage, la voiture la plus propre et la plus écologique, aucun rejet"
MINI,CLUBMAN JCW ALL4,petrol,"essence, familiale spacieuse, grand coffre, sportive et très puissante, 13.83 € aux 100 km, chère à faire rouler, famille nombreuse, cinq places et bagages, vacances, 179 g de CO2 par km, très polluante, malus écologique"
MINI,COOPER,petrol,"essence, petite citadine maniable, bonnes reprises, 9.80 € aux 100 km, coût moyen, facile en ville, 127 g de CO2 par km, rejets moyens"
MINI,COOPER C,petrol,"essence, compacte polyvalente, bonnes reprises, 10.67 € aux 100 km, coût moyen, facile en ville, 138 g de CO2 par km, rejets moyens"
MINI,COOPER E,electric,"électrique à batterie, se recharge sur borne, compacte polyvalente, bonnes reprises, 3.12 € aux 100 km, très bon marché à l'usage, petit budget, silencieuse en ville, trajets domicile-travail, zéro émission de CO2, aucune pollution à l'usage, la voiture la plus propre et la plus écologique, aucun rejet"
MINI,COOPER S,petrol,"essence, compacte polyvalente, bonnes reprises, 11.20 € aux 100 km, coût moyen, facile en ville, 145 g de CO2 par km, rejets moyens"
MINI,COOPER SE,electric,"électrique à batterie, se recharge sur borne, compacte polyvalente, bonnes reprises, 3.21 € aux 100 km, très bon marché à l'usage, petit budget, silencieuse en ville, trajets domicile-travail, zéro émission de CO2, aucune pollution à l'usage, la voiture la plus propre et la plus écologique, aucun rejet"
MINI,COUNTRYMAN C,petrol,"essence, familiale spacieuse, grand coffre, performances courantes, 10.67 € aux 100 km, coût moyen, excellente en ville et dans les embouteillages, famille nombreuse, cinq places et bagages, vacances, 137 g de CO2 par km, rejets moyens"
MINI,COUNTRYMAN COOPER SE ALL4,petrol/electric,"hybride essence sans prise, familiale spacieuse, grand coffre, motorisation modeste et tranquille, 3.32 € aux 100 km, très bon marché à l'usage, petit budget, sobre sur route et autoroute, famille nombreuse, cinq places et bagages, vacances, 42 g de CO2 par km, faibles rejets"
MINI,COUNTRYMAN D,diesel,"diesel gazole, familiale spacieuse, grand coffre, performances courantes, 8.16 € aux 100 km, coût moyen, excellente en ville et dans les embouteillages, gros rouleur, 20 000 à 50 000 km par an, longues distances quotidiennes sur autoroute, grande autonomie par plein, famille nombreuse, cinq places et bagages, vacances, 125 g de CO2 par km, rejets moyens"
MINI,COUNTRYMAN E,electric,"électrique à batterie, se recharge sur borne, familiale spacieuse, grand coffre, bonnes reprises, 3.65 € aux 100 km, très bon marché à l'usage, petit budget, silencieuse en ville, trajets domicile-travail, grande autonomie de 444 km, longs trajets possibles, famille nombreuse, cinq places et bagages, vacances, zéro émission de CO2, aucune pollution à l'usage, la voiture la plus propre et la plus écologique, aucun rejet"
MINI,COUNTRYMAN S ALL4,petrol,"essence, familiale spacieuse, grand coffre, bonnes reprises, 11.90 € aux 100 km, coût moyen, excellente en ville et dans les embouteillages, famille nombreuse, cinq places et bagages, vacances, 153 g de CO2 par km, rejets moyens"
MINI,COUNTRYMAN SE ALL4,electric,"électrique à batterie, se recharge sur borne, très grand véhicule volumineux, bonnes reprises, 3.96 € aux 100 km, très bon marché à l'usage, petit budget, silencieuse en ville, trajets domicile-travail, famille nombreuse, cinq places et bagages, vacances, zéro émission de CO2, aucune pollution à l'usage, la voiture la plus propre et la plus écologique, aucun rejet"
MINI,JCW,petrol,"essence, compacte polyvalente, sportive et très puissante, 11.55 € aux 100 km, coût moyen, facile en ville, 149 g de CO2 par km, rejets moyens"
MINI,JCW ACEMAN E,electric,"électrique à batterie, se recharge sur borne, familiale spacieuse, grand coffre, bonnes reprises, 3.54 € aux 100 km, très bon marché à l'usage, petit budget, silencieuse en ville, trajets domicile-travail, famille nombreuse, cinq places et bagages, vacances, zéro émission de CO2, aucune pollution à l'usage, la voiture la plus propre et la plus écologique, aucun rejet"
MINI,JCW COUNTRYMAN ALL4,petrol,"essence, familiale spacieuse, grand coffre, sportive et très puissante, 14.09 € aux 100 km, chère à faire rouler, famille nombreuse, cinq places et bagages, vacances, 183 g de CO2 par km, très polluante, malus écologique"
MINI,JCW E,electric,"électrique à batterie, se recharge sur borne, compacte polyvalente, bonnes reprises, 3.39 € aux 100 km, très bon marché à l'usage, petit budget, silencieuse en ville, trajets domicile-travail, zéro émission de CO2, aucune pollution à l'usage, la voiture la plus propre et la plus écologique, aucun rejet"
MINI,JOHN COOPER WORKS,petrol,"essence, compacte polyvalente, sportive et très puissante, 12.08 € aux 100 km, chère à faire rouler, facile en ville, 157 g de CO2 par km, rejets moyens"
MITSUBISHI,ASX,petrol,"essence, compacte polyvalente, performances courantes, 9.97 € aux 100 km, coût moyen, excellente en ville et dans les embouteillages, 130 g de CO2 par km, rejets moyens"
MITSUBISHI,ASX,petrol,"essence, compacte polyvalente, motorisation modeste et tranquille, 10.33 € aux 100 km, coût moyen, facile en ville, 134 g de CO2 par km, rejets moyens"
MITSUBISHI,ASX,petrol/electric,"hybride essence sans prise, familiale spacieuse, grand coffre, motorisation modeste et tranquille, 2.27 € aux 100 km, très bon marché à l'usage, petit budget, sobre sur route et autoroute, famille nombreuse, cinq places et bagages, vacances, 30 g de CO2 par km, faibles rejets"
MITSUBISHI,COLT,lpg,"GPL, roule au gaz, petite citadine maniable, performances courantes, 6.65 € aux 100 km, économique, facile en ville, 108 g de CO2 par km, rejets moyens"
MITSUBISHI,COLT,petrol,"essence, compacte polyvalente, motorisation modeste et tranquille, 7.52 € aux 100 km, économique, excellente en ville et dans les embouteillages, sobre sur route et autoroute, 96 g de CO2 par km, faibles rejets"
MITSUBISHI,COLT,petrol,"essence, petite citadine maniable, performances courantes, 9.10 € aux 100 km, coût moyen, facile en ville, sobre sur route et autoroute, 118 g de CO2 par km, rejets moyens"
MITSUBISHI,ECLIPSE CROSS,electric,"électrique à batterie, se recharge sur borne, familiale spacieuse, grand coffre, bonnes reprises, 3.63 € aux 100 km, très bon marché à l'usage, petit budget, silencieuse en ville, trajets domicile-travail, grande autonomie de 632 km, longs trajets possibles, famille nombreuse, cinq places et bagages, vacances, zéro émission de CO2, aucune pollution à l'usage, la voiture la plus propre et la plus écologique, aucun rejet"
MITSUBISHI,GRANDIS,petrol,"essence, compacte polyvalente, motorisation modeste et tranquille, 7.70 € aux 100 km, économique, excellente en ville et dans les embouteillages, sobre sur route et autoroute, 100 g de CO2 par km, rejets moyens"
MITSUBISHI,MITSUBISHI ECLIPSE CROSS,petrol/electric,"hybride essence sans prise, très grand véhicule volumineux, motorisation modeste et tranquille, 3.50 € aux 100 km, très bon marché à l'usage, petit budget, sobre sur route et autoroute, famille nombreuse, cinq places et bagages, vacances, 46 g de CO2 par km, faibles rejets"
MITSUBISHI,MITSUBISHI OUTLANDER,petrol/electric,"hybride essence sans prise, très grand véhicule volumineux, motorisation modeste et tranquille, 1.40 € aux 100 km, très bon marché à l'usage, petit budget, sobre sur route et autoroute, famille nombreuse, cinq places et bagages, vacances, 19 g de CO2 par km, faibles rejets"
MITSUBISHI,MITSUBISHI SPACE STAR,petrol,"essence, toute petite citadine légère, facile à garer, motorisation modeste et tranquille, 8.92 € aux 100 km, coût moyen, facile en ville, sobre sur route et autoroute, encombrement minimal, deuxième voiture, 116 g de CO2 par km, rejets moyens"
MITSUBISHI,OUTLANDER,petrol/electric,"hybride essence sans prise, très grand véhicule volumineux, motorisation modeste et tranquille, 1.40 € aux 100 km, très bon marché à l'usage, petit budget, sobre sur route et autoroute, famille nombreuse, cinq places et bagages, vacances, 18 g de CO2 par km, faibles rejets"
MOKE,MOKE,electric,"électrique à batterie, se recharge sur borne, toute petite citadine légère, facile à garer, motorisation modeste et tranquille, 2.90 € aux 100 km, très bon marché à l'usage, petit budget, silencieuse en ville, trajets domicile-travail, autonomie limitée de 88 km, trajets courts seulement, encombrement minimal, deuxième voiture, zéro émission de CO2, aucune pollution à l'usage, la voiture la plus propre et la plus écologique, aucun rejet"
MORGAN,PLUS FOUR,petrol,"essence, voiture de sport légère, deux places, usage plaisir, sportive et très puissante, 10.85 € aux 100 km, coût moyen, encombrement minimal, deuxième voiture, 142 g de CO2 par km, rejets moyens"
MORGAN,PLUS SIX,petrol,"essence, voiture de sport légère, deux places, usage plaisir, sportive et très puissante, 13.47 € aux 100 km, chère à faire rouler, encombrement minimal, deuxième voiture, 175 g de CO2 par km, très polluante, malus écologique"
MORGAN,PLUS SIX SUPERSPORT,petrol,"essence, voiture de sport légère, deux places, usage plaisir, sportive et très puissante, 13.47 € aux 100 km, chère à faire rouler, encombrement minimal, deuxième voiture, 175 g de CO2 par km, très polluante, malus écologique"
NISSAN,JUKE,petrol,"essence, compacte polyvalente, motorisation modeste et tranquille, 8.75 € aux 100 km, coût moyen, excellente en ville et dans les embouteillages, sobre sur route et autoroute, 111 g de CO2 par km, rejets moyens"
NISSAN,JUKE,petrol,"essence, compacte polyvalente, performances courantes, 11.11 € aux 100 km, coût moyen, facile en ville, 136 g de CO2 par km, rejets moyens"
NISSAN,NISSAN ARIYA,electric,"électrique à batterie, se recharge sur borne, très grand véhicule volumineux, bonnes reprises, 3.98 € aux 100 km, très bon marché à l'usage, petit budget, silencieuse en ville, trajets domicile-travail, grande autonomie de 519 km, longs trajets possibles, famille nombreuse, cinq places et bagages, vacances, zéro émission de CO2, aucune pollution à l'usage, la voiture la plus propre et la plus écologique, aucun rejet"
NISSAN,NISSAN JUKE,petrol,"essence, compacte polyvalente, motorisation modeste et tranquille, 8.22 € aux 100 km, coût moyen, excellente en ville et dans les embouteillages, sobre sur route et autoroute, 108 g de CO2 par km, rejets moyens"
NISSAN,NISSAN JUKE,petrol,"essence, petite citadine maniable, performances courantes, 10.15 € aux 100 km, coût moyen, facile en ville, 131 g de CO2 par km, rejets moyens"
NISSAN,NISSAN LEAF 40KWH,electric,"électrique à batterie, se recharge sur borne, compacte polyvalente, performances courantes, 3.70 € aux 100 km, très bon marché à l'usage, petit budget, silencieuse en ville, trajets domicile-travail, autonomie limitée de 277 km, trajets courts seulement, zéro émission de CO2, aucune pollution à l'usage, la voiture la plus propre et la plus écologique, aucun rejet"
NISSAN,NISSAN LEAF 62KWH,electric,"électrique à batterie, se recharge sur borne, compacte polyvalente, bonnes reprises, 3.92 € aux 100 km, très bon marché à l'usage, petit budget, silencieuse en ville, trajets domicile-travail, zéro émission de CO2, aucune pollution à l'usage, la voiture la plus propre et la plus écologique, aucun rejet"
NISSAN,NISSAN MICRA,electric,"électrique à batterie, se recharge sur borne, petite citadine maniable, performances courantes, 3.28 € aux 100 km, très bon marché à l'usage, petit budget, silencieuse en ville, trajets domicile-travail, zéro émission de CO2, aucune pollution à l'usage, la voiture la plus propre et la plus écologique, aucun rejet"
NISSAN,NISSAN QASHQAI,petrol,"essence, familiale spacieuse, grand coffre, performances courantes, 9.10 € aux 100 km, coût moyen, excellente en ville et dans les embouteillages, sobre sur route et autoroute, famille nombreuse, cinq places et bagages, vacances, 118 g de CO2 par km, rejets moyens, modèle très répandu en France"
NISSAN,NISSAN X-TRAIL,petrol,"essence, très grand véhicule volumineux, performances courantes, 10.33 € aux 100 km, coût moyen, excellente en ville et dans les embouteillages, famille nombreuse, cinq places et bagages, vacances, 133 g de CO2 par km, rejets moyens"
NISSAN,PRIMASTAR,diesel,"diesel gazole, véhicule très lourd et imposant, motorisation modeste et tranquille, 12.07 € aux 100 km, chère à faire rouler, gros rouleur, 20 000 à 50 000 km par an, longues distances quotidiennes sur autoroute, grande autonomie par plein, famille nombreuse, cinq places et bagages, vacances, 186 g de CO2 par km, très polluante, malus écologique"
NISSAN,QASHQAI,petrol,"essence, compacte polyvalente, bonnes reprises, 11.55 € aux 100 km, coût moyen, excellente en ville et dans les embouteillages, 144 g de CO2 par km, rejets moyens"
NISSAN,TOWNSTAR,electric,"électrique à batterie, se recharge sur borne, familiale spacieuse, grand coffre, motorisation modeste et tranquille, 4.38 € aux 100 km, économique, silencieuse en ville, trajets domicile-travail, autonomie limitée de 274 km, trajets courts seulement, famille nombreuse, cinq places et bagages, vacances, zéro émission de CO2, aucune pollution à l'usage, la voiture la plus propre et la plus écologique, aucun rejet"
NISSAN,TOWNSTAR,petrol,"essence, familiale spacieuse, grand coffre, performances courantes, 11.90 € aux 100 km, coût moyen, famille nombreuse, cinq places et bagages, vacances, 155 g de CO2 par km, rejets moyens"
NISSAN,X-TRAIL,petrol,"essence, très grand véhicule volumineux, performances courantes, 11.64 € aux 100 km, coût moyen, excellente en ville et dans les embouteillages, famille nombreuse, cinq places et bagages, vacances, 146 g de CO2 par km, rejets moyens"
OPEL,ASTRA,diesel,"diesel gazole, compacte polyvalente, performances courantes, 8.33 € aux 100 km, coût moyen, facile en ville, gros rouleur, 20 000 à 50 000 km par an, longues distances quotidiennes sur autoroute, grande autonomie par plein, 128 g de CO2 par km, rejets moyens"
OPEL,ASTRA,electric,"électrique à batterie, se recharge sur borne, compacte polyvalente, performances courantes, 3.28 € aux 100 km, très bon marché à l'usage, petit budget, silencieuse en ville, trajets domicile-travail, zéro émission de CO2, aucune pollution à l'usage, la voiture la plus propre et la plus écologique, aucun rejet"
OPEL,ASTRA,petrol,"essence, compacte polyvalente, performances courantes, 8.40 € aux 100 km, coût moyen, excellente en ville et dans les embouteillages, sobre sur route et autoroute, 109 g de CO2 par km, rejets moyens"
OPEL,ASTRA,petrol,"essence, compacte polyvalente, performances courantes, 9.80 € aux 100 km, coût moyen, facile en ville, 127 g de CO2 par km, rejets moyens"
OPEL,ASTRA,petrol/electric,"hybride essence sans prise, familiale spacieuse, grand coffre, performances courantes, 2.10 € aux 100 km, très bon marché à l'usage, petit budget, sobre sur route et autoroute, famille nombreuse, cinq places et bagages, vacances, 28 g de CO2 par km, faibles rejets"
OPEL,ASTRA SPORTS TOURER,diesel,"diesel gazole, familiale spacieuse, grand coffre, performances courantes, 8.50 € aux 100 km, coût moyen, gros rouleur, 20 000 à 50 000 km par an, longues distances quotidiennes sur autoroute, grande autonomie par plein, famille nombreuse, cinq places et bagages, vacances, 130 g de CO2 par km, rejets moyens"
OPEL,ASTRA SPORTS TOURER,electric,"électrique à batterie, se recharge sur borne, compacte polyvalente, performances courantes, 3.30 € aux 100 km, très bon marché à l'usage, petit budget, silencieuse en ville, trajets domicile-travail, zéro émission de CO2, aucune pollution à l'usage, la voiture la plus propre et la plus écologique, aucun rejet"
OPEL,ASTRA SPORTS TOURER,petrol,"essence, familiale spacieuse, grand coffre, performances courantes, 8.58 € aux 100 km, coût moyen, excellente en ville et dans les embouteillages, sobre sur route et autoroute, famille nombreuse, cinq places et bagages, vacances, 111 g de CO2 par km, rejets moyens"
OPEL,ASTRA SPORTS TOURER,petrol,"essence, compacte polyvalente, performances courantes, 10.15 € aux 100 km, coût moyen, facile en ville, 130 g de CO2 par km, rejets moyens"
OPEL,ASTRA SPORTS TOURER,petrol/electric,"hybride essence sans prise, familiale spacieuse, grand coffre, performances courantes, 2.27 € aux 100 km, très bon marché à l'usage, petit budget, sobre sur route et autoroute, famille nombreuse, cinq places et bagages, vacances, 29 g de CO2 par km, faibles rejets"
OPEL,COMBO LIFE,diesel,"diesel gazole, familiale spacieuse, grand coffre, performances courantes, 9.35 € aux 100 km, coût moyen, gros rouleur, 20 000 à 50 000 km par an, longues distances quotidiennes sur autoroute, grande autonomie par plein, famille nombreuse, cinq places et bagages, vacances, 145 g de CO2 par km, rejets moyens"
OPEL,COMBO LIFE,petrol,"essence, compacte polyvalente, motorisation modeste et tranquille, 11.03 € aux 100 km, coût moyen, facile en ville, 143 g de CO2 par km, rejets moyens"
OPEL,COMBO-E LIFE,electric,"électrique à batterie, se recharge sur borne, familiale spacieuse, grand coffre, motorisation modeste et tranquille, 4.09 € aux 100 km, économique, silencieuse en ville, trajets domicile-travail, famille nombreuse, cinq places et bagages, vacances, zéro émission de CO2, aucune pollution à l'usage, la voiture la plus propre et la plus écologique, aucun rejet"
OPEL,CORSA,diesel,"diesel gazole, petite citadine maniable, performances courantes, 7.31 € aux 100 km, économique, facile en ville, gros rouleur, 20 000 à 50 000 km par an, longues distances quotidiennes sur autoroute, grande autonomie par plein, 112 g de CO2 par km, rejets moyens"
OPEL,CORSA,electric,"électrique à batterie, se recharge sur borne, petite citadine maniable, performances courantes, 3.48 € aux 100 km, très bon marché à l'usage, petit budget, silencieuse en ville, trajets domicile-travail, zéro émission de CO2, aucune pollution à l'usage, la voiture la plus propre et la plus écologique, aucun rejet"
OPEL,CORSA,petrol,"essence, petite citadine maniable, performances courantes, 8.05 € aux 100 km, coût moyen, excellente en ville et dans les embouteillages, sobre sur route et autoroute, 103 g de CO2 par km, rejets moyens"
OPEL,CORSA,petrol,"essence, petite citadine maniable, performances courantes, 9.28 € aux 100 km, coût moyen, facile en ville, sobre sur route et autoroute, 120 g de CO2 par km, rejets moyens"
OPEL,CROSSLAND,diesel,"diesel gazole, compacte polyvalente, performances courantes, 8.33 € aux 100 km, coût moyen, facile en ville, gros rouleur, 20 000 à 50 000 km par an, longues distances quotidiennes sur autoroute, grande autonomie par plein, 127 g de CO2 par km, rejets moyens"
OPEL,CROSSLAND,petrol,"essence, compacte polyvalente, performances courantes, 10.67 € aux 100 km, coût moyen, facile en ville, 138 g de CO2 par km, rejets moyens"
OPEL,E-COMBO LIFE,electric,"électrique à batterie, se recharge sur borne, familiale spacieuse, grand coffre, motorisation modeste et tranquille, 4.00 € aux 100 km, économique, silencieuse en ville, trajets domicile-travail, famille nombreuse, cinq places et bagages, vacances, zéro émission de CO2, aucune pollution à l'usage, la voiture la plus propre et la plus écologique, aucun rejet"
OPEL,FRONTERA,electric,"électrique à batterie, se recharge sur borne, compacte polyvalente, motorisation modeste et tranquille, 4.03 € aux 100 km, économique, silencieuse en ville, trajets domicile-travail, zéro émission de CO2, aucune pollution à l'usage, la voiture la plus propre et la plus écologique, aucun rejet"
OPEL,FRONTERA,petrol,"essence, compacte polyvalente, performances courantes, 9.28 € aux 100 km, coût moyen, excellente en ville et dans les embouteillages, sobre sur route et autoroute, 119 g de CO2 par km, rejets moyens"
OPEL,GRANDLAND,diesel,"diesel gazole, familiale spacieuse, grand coffre, performances courantes, 9.18 € aux 100 km, coût moyen, gros rouleur, 20 000 à 50 000 km par an, longues distances quotidiennes sur autoroute, grande autonomie par plein, famille nombreuse, cinq places et bagages, vacances, 142 g de CO2 par km, rejets moyens"
OPEL,GRANDLAND,electric,"électrique à batterie, se recharge sur borne, très grand véhicule volumineux, performances courantes, 3.81 € aux 100 km, très bon marché à l'usage, petit budget, silencieuse en ville, trajets domicile-travail, grande autonomie de 513 km, longs trajets possibles, famille nombreuse, cinq places et bagages, vacances, zéro émission de CO2, aucune pollution à l'usage, la voiture la plus propre et la plus écologique, aucun rejet"
OPEL,GRANDLAND,petrol,"essence, familiale spacieuse, grand coffre, performances courantes, 9.62 € aux 100 km, coût moyen, excellente en ville et dans les embouteillages, sobre sur route et autoroute, famille nombreuse, cinq places et bagages, vacances, 123 g de CO2 par km, rejets moyens"
OPEL,GRANDLAND,petrol,"essence, compacte polyvalente, performances courantes, 11.20 € aux 100 km, coût moyen, facile en ville, 144 g de CO2 par km, rejets moyens"
OPEL,GRANDLAND,petrol/electric,"hybride essence sans prise, très grand véhicule volumineux, performances courantes, 2.10 € aux 100 km, très bon marché à l'usage, petit budget, sobre sur route et autoroute, famille nombreuse, cinq places et bagages, vacances, 28 g de CO2 par km, faibles rejets"
OPEL,MOKKA,diesel,"diesel gazole, compacte polyvalente, performances courantes, 7.65 € aux 100 km, économique, facile en ville, gros rouleur, 20 000 à 50 000 km par an, longues distances quotidiennes sur autoroute, grande autonomie par plein, 118 g de CO2 par km, rejets moyens"
OPEL,MOKKA,electric,"électrique à batterie, se recharge sur borne, compacte polyvalente, performances courantes, 3.39 € aux 100 km, très bon marché à l'usage, petit budget, silencieuse en ville, trajets domicile-travail, zéro émission de CO2, aucune pollution à l'usage, la voiture la plus propre et la plus écologique, aucun rejet"
OPEL,MOKKA,petrol,"essence, compacte polyvalente, performances courantes, 8.40 € aux 100 km, coût moyen, excellente en ville et dans les embouteillages, sobre sur route et autoroute, 109 g de CO2 par km, rejets moyens"
OPEL,MOKKA,petrol,"essence, compacte polyvalente, bonnes reprises, 9.97 € aux 100 km, coût moyen, facile en ville, 128 g de CO2 par km, rejets moyens"
OPEL,VIVARO,diesel,"diesel gazole, très grand véhicule volumineux, performances courantes, 12.41 € aux 100 km, chère à faire rouler, gros rouleur, 20 000 à 50 000 km par an, longues distances quotidiennes sur autoroute, grande autonomie par plein, famille nombreuse, cinq places et bagages, vacances, 192 g de CO2 par km, très polluante, malus écologique"
OPEL,VIVARO,electric,"électrique à batterie, se recharge sur borne, très grand véhicule volumineux, motorisation modeste et tranquille, 5.35 € aux 100 km, économique, silencieuse en ville, trajets domicile-travail, famille nombreuse, cinq places et bagages, vacances, zéro émission de CO2, aucune pollution à l'usage, la voiture la plus propre et la plus écologique, aucun rejet"
OPEL,ZAFIRA LIFE,diesel,"diesel gazole, très grand véhicule volumineux, performances courantes, 12.41 € aux 100 km, chère à faire rouler, gros rouleur, 20 000 à 50 000 km par an, longues distances quotidiennes sur autoroute, grande autonomie par plein, famille nombreuse, cinq places et bagages, vacances, 193 g de CO2 par km, très polluante, malus écologique"
OPEL,ZAFIRA LIFE,electric,"électrique à batterie, se recharge sur borne, très grand véhicule volumineux, motorisation modeste et tranquille, 5.39 € aux 100 km, économique, silencieuse en ville, trajets domicile-travail, famille nombreuse, cinq places et bagages, vacances, zéro émission de CO2, aucune pollution à l'usage, la voiture la plus propre et la plus écologique, aucun rejet"
PEUGEOT,2008,diesel,"diesel gazole, compacte polyvalente, performances courantes, 8.67 € aux 100 km, coût moyen, facile en ville, gros rouleur, 20 000 à 50 000 km par an, longues distances quotidiennes sur autoroute, grande autonomie par plein, 135 g de CO2 par km, rejets moyens"
PEUGEOT,2008,electric,"électrique à batterie, se recharge sur borne, compacte polyvalente, performances courantes, 3.41 € aux 100 km, très bon marché à l'usage, petit budget, silencieuse en ville, trajets domicile-travail, zéro émission de CO2, aucune pollution à l'usage, la voiture la plus propre et la plus écologique, aucun rejet"
PEUGEOT,2008,petrol,"essence, compacte polyvalente, performances courantes, 8.58 € aux 100 km, coût moyen, excellente en ville et dans les embouteillages, sobre sur route et autoroute, 111 g de CO2 par km, rejets moyens, modèle très répandu en France"
PEUGEOT,2008,petrol,"essence, petite citadine maniable, performances courantes, 9.97 € aux 100 km, coût moyen, facile en ville, 128 g de CO2 par km, rejets moyens, modèle très répandu en France"
PEUGEOT,208,diesel,"diesel gazole, petite citadine maniable, performances courantes, 7.06 € aux 100 km, économique, facile en ville, gros rouleur, 20 000 à 50 000 km par an, longues distances quotidiennes sur autoroute, grande autonomie par plein, 108 g de CO2 par km, rejets moyens"
PEUGEOT,208,electric,"électrique à batterie, se recharge sur borne, petite citadine maniable, performances courantes, 3.39 € aux 100 km, très bon marché à l'usage, petit budget, silencieuse en ville, trajets domicile-travail, zéro émission de CO2, aucune pollution à l'usage, la voiture la plus propre et la plus écologique, aucun rejet, modèle très répandu en France"
PEUGEOT,208,petrol,"essence, compacte polyvalente, performances courantes, 7.88 € aux 100 km, économique, excellente en ville et dans les embouteillages, sobre sur route et autoroute, 102 g de CO2 par km, rejets moyens, modèle très répandu en France"
PEUGEOT,208,petrol,"essence, petite citadine maniable, performances courantes, 9.10 € aux 100 km, coût moyen, facile en ville, sobre sur route et autoroute, 117 g de CO2 par km, rejets moyens, modèle très répandu en France"
PEUGEOT,3008,diesel,"diesel gazole, familiale spacieuse, grand coffre, performances courantes, 9.18 € aux 100 km, coût moyen, gros rouleur, 20 000 à 50 000 km par an, longues distances quotidiennes sur autoroute, grande autonomie par plein, famille nombreuse, cinq places et bagages, vacances, 142 g de CO2 par km, rejets moyens"
PEUGEOT,3008,electric,"électrique à batterie, se recharge sur borne, très grand véhicule volumineux, performances courantes, 3.72 € aux 100 km, très bon marché à l'usage, petit budget, silencieuse en ville, trajets domicile-travail, grande autonomie de 524 km, longs trajets possibles, famille nombreuse, cinq places et bagages, vacances, zéro émission de CO2, aucune pollution à l'usage, la voiture la plus propre et la plus écologique, aucun rejet"
PEUGEOT,3008,petrol,"essence, familiale spacieuse, grand coffre, performances courantes, 9.45 € aux 100 km, coût moyen, excellente en ville et dans les embouteillages, sobre sur route et autoroute, famille nombreuse, cinq places et bagages, vacances, 123 g de CO2 par km, rejets moyens, modèle très répandu en France"
PEUGEOT,3008,petrol,"essence, compacte polyvalente, performances courantes, 11.20 € aux 100 km, coût moyen, facile en ville, 144 g de CO2 par km, rejets moyens"
PEUGEOT,3008,petrol/electric,"hybride essence sans prise, très grand véhicule volumineux, performances courantes, 1.57 € aux 100 km, très bon marché à l'usage, petit budget, sobre sur route et autoroute, famille nombreuse, cinq places et bagages, vacances, 20 g de CO2 par km, faibles rejets"
PEUGEOT,308,diesel,"diesel gazole, compacte polyvalente, performances courantes, 8.50 € aux 100 km, coût moyen, facile en ville, gros rouleur, 20 000 à 50 000 km par an, longues distances quotidiennes sur autoroute, grande autonomie par plein, 130 g de CO2 par km, rejets moyens"
PEUGEOT,308,electric,"électrique à batterie, se recharge sur borne, compacte polyvalente, performances courantes, 3.34 € aux 100 km, très bon marché à l'usage, petit budget, silencieuse en ville, trajets domicile-travail, zéro émission de CO2, aucune pollution à l'usage, la voiture la plus propre et la plus écologique, aucun rejet"
PEUGEOT,308,petrol,"essence, compacte polyvalente, performances courantes, 8.58 € aux 100 km, coût moyen, excellente en ville et dans les embouteillages, sobre sur route et autoroute, 110 g de CO2 par km, rejets moyens, modèle très répandu en France"
PEUGEOT,308,petrol,"essence, compacte polyvalente, performances courantes, 9.97 € aux 100 km, coût moyen, facile en ville, 128 g de CO2 par km, rejets moyens"
PEUGEOT,308,petrol/electric,"hybride essence sans prise, familiale spacieuse, grand coffre, performances courantes, 2.27 € aux 100 km, très bon marché à l'usage, petit budget, sobre sur route et autoroute, famille nombreuse, cinq places et bagages, vacances, 29 g de CO2 par km, faibles rejets"
PEUGEOT,408,electric,"électrique à batterie, se recharge sur borne, familiale spacieuse, grand coffre, bonnes reprises, 3.30 € aux 100 km, très bon marché à l'usage, petit budget, silencieuse en ville, trajets domicile-travail, grande autonomie de 450 km, longs trajets possibles, famille nombreuse, cinq places et bagages, vacances, zéro émission de CO2, aucune pollution à l'usage, la voiture la plus propre et la plus écologique, aucun rejet"
PEUGEOT,408,petrol,"essence, familiale spacieuse, grand coffre, performances courantes, 8.92 € aux 100 km, coût moyen, excellente en ville et dans les embouteillages, sobre sur route et autoroute, famille nombreuse, cinq places et bagages, vacances, 115 g de CO2 par km, rejets moyens"
PEUGEOT,408,petrol,"essence, compacte polyvalente, performances courantes, 10.50 € aux 100 km, coût moyen, facile en ville, 136 g de CO2 par km, rejets moyens"
PEUGEOT,408,petrol/electric,"hybride essence sans prise, familiale spacieuse, grand coffre, performances courantes, 2.45 € aux 100 km, très bon marché à l'usage, petit budget, sobre sur route et autoroute, famille nombreuse, cinq places et bagages, vacances, 32 g de CO2 par km, faibles rejets"
PEUGEOT,5008,diesel,"diesel gazole, familiale spacieuse, grand coffre, performances courantes, 9.52 € aux 100 km, coût moyen, gros rouleur, 20 000 à 50 000 km par an, longues distances quotidiennes sur autoroute, grande autonomie par plein, famille nombreuse, cinq places et bagages, vacances, 146 g de CO2 par km, rejets moyens"
PEUGEOT,5008,electric,"électrique à batterie, se recharge sur borne, très grand véhicule volumineux, performances courantes, 3.94 € aux 100 km, très bon marché à l'usage, petit budget, silencieuse en ville, trajets domicile-travail, grande autonomie de 498 km, longs trajets possibles, famille nombreuse, cinq places et bagages, vacances, zéro émission de CO2, aucune pollution à l'usage, la voiture la plus propre et la plus écologique, aucun rejet"
PEUGEOT,5008,petrol,"essence, familiale spacieuse, grand coffre, performances courantes, 9.97 € aux 100 km, coût moyen, excellente en ville et dans les embouteillages, famille nombreuse, cinq places et bagages, vacances, 130 g de CO2 par km, rejets moyens, modèle très répandu en France"
PEUGEOT,5008,petrol,"essence, familiale spacieuse, grand coffre, performances courantes, 11.55 € aux 100 km, coût moyen, famille nombreuse, cinq places et bagages, vacances, 149 g de CO2 par km, rejets moyens"
PEUGEOT,5008,petrol/electric,"hybride essence sans prise, très grand véhicule volumineux, motorisation modeste et tranquille, 1.75 € aux 100 km, très bon marché à l'usage, petit budget, sobre sur route et autoroute, famille nombreuse, cinq places et bagages, vacances, 23 g de CO2 par km, faibles rejets"
PEUGEOT,508,diesel,"diesel gazole, familiale spacieuse, grand coffre, performances courantes, 8.84 € aux 100 km, coût moyen, gros rouleur, 20 000 à 50 000 km par an, longues distances quotidiennes sur autoroute, grande autonomie par plein, famille nombreuse, cinq places et bagages, vacances, 135 g de CO2 par km, rejets moyens"
PEUGEOT,508,petrol/electric,"hybride essence sans prise, familiale spacieuse, grand coffre, performances courantes, 2.80 € aux 100 km, très bon marché à l'usage, petit budget, sobre sur route et autoroute, famille nombreuse, cinq places et bagages, vacances, 35 g de CO2 par km, faibles rejets"
PEUGEOT,E-RIFTER,electric,"électrique à batterie, se recharge sur borne, familiale spacieuse, grand coffre, motorisation modeste et tranquille, 4.09 € aux 100 km, économique, silencieuse en ville, trajets domicile-travail, famille nombreuse, cinq places et bagages, vacances, zéro émission de CO2, aucune pollution à l'usage, la voiture la plus propre et la plus écologique, aucun rejet"
PEUGEOT,EXPERT,diesel,"diesel gazole, très grand véhicule volumineux, performances courantes, 12.41 € aux 100 km, chère à faire rouler, gros rouleur, 20 000 à 50 000 km par an, longues distances quotidiennes sur autoroute, grande autonomie par plein, famille nombreuse, cinq places et bagages, vacances, 190 g de CO2 par km, très polluante, malus écologique"
PEUGEOT,EXPERT,electric,"électrique à batterie, se recharge sur borne, très grand véhicule volumineux, motorisation modeste et tranquille, 5.35 € aux 100 km, économique, silencieuse en ville, trajets domicile-travail, famille nombreuse, cinq places et bagages, vacances, zéro émission de CO2, aucune pollution à l'usage, la voiture la plus propre et la plus écologique, aucun rejet"
PEUGEOT,EXPERT TRAVELLER,diesel,"diesel gazole, très grand véhicule volumineux, performances courantes, 13.60 € aux 100 km, chère à faire rouler, gros rouleur, 20 000 à 50 000 km par an, longues distances quotidiennes sur autoroute, grande autonomie par plein, famille nombreuse, cinq places et bagages, vacances, 192 g de CO2 par km, très polluante, malus écologique"
PEUGEOT,RIFTER,diesel,"diesel gazole, familiale spacieuse, grand coffre, performances courantes, 9.69 € aux 100 km, coût moyen, gros rouleur, 20 000 à 50 000 km par an, longues distances quotidiennes sur autoroute, grande autonomie par plein, famille nombreuse, cinq places et bagages, vacances, 150 g de CO2 par km, rejets moyens"
PEUGEOT,RIFTER,petrol,"essence, familiale spacieuse, grand coffre, motorisation modeste et tranquille, 11.20 € aux 100 km, coût moyen, famille nombreuse, cinq places et bagages, vacances, 145 g de CO2 par km, rejets moyens"
PEUGEOT,TRAVELLER,diesel,"diesel gazole, très grand véhicule volumineux, performances courantes, 12.41 € aux 100 km, chère à faire rouler, gros rouleur, 20 000 à 50 000 km par an, longues distances quotidiennes sur autoroute, grande autonomie par plein, famille nombreuse, cinq places et bagages, vacances, 192 g de CO2 par km, très polluante, malus écologique"
PEUGEOT,TRAVELLER,electric,"électrique à batterie, se recharge sur borne, très grand véhicule volumineux, motorisation modeste et tranquille, 5.39 € aux 100 km, économique, silencieuse en ville, trajets domicile-travail, famille nombreuse, cinq places et bagages, vacances, zéro émission de CO2, aucune pollution à l'usage, la voiture la plus propre et la plus écologique, aucun rejet"
POLESTAR,POLESTAR 2,electric,"électrique à batterie, se recharge sur borne, très grand véhicule volumineux, bonnes reprises, 3.34 € aux 100 km, très bon marché à l'usage, petit budget, silencieuse en ville, trajets domicile-travail, grande autonomie de 640 km, longs trajets possibles, famille nombreuse, cinq places et bagages, vacances, zéro émission de CO2, aucune pollution à l'usage, la voiture la plus propre et la plus écologique, aucun rejet"
POLESTAR,POLESTAR 3,electric,"électrique à batterie, se recharge sur borne, véhicule très lourd et imposant, sportive et très puissante, 4.31 € aux 100 km, économique, silencieuse en ville, trajets domicile-travail, grande autonomie de 634 km, longs trajets possibles, famille nombreuse, cinq places et bagages, vacances, zéro émission de CO2, aucune pollution à l'usage, la voiture la plus propre et la plus écologique, aucun rejet"
POLESTAR,POLESTAR 4,electric,"électrique à batterie, se recharge sur borne, très grand véhicule volumineux, bonnes reprises, 3.98 € aux 100 km, très bon marché à l'usage, petit budget, silencieuse en ville, trajets domicile-travail, grande autonomie de 620 km, longs trajets possibles, famille nombreuse, cinq places et bagages, vacances, zéro émission de CO2, aucune pollution à l'usage, la voiture la plus propre et la plus écologique, aucun rejet"
PORSCHE,718 CAYMAN GT4 RS,petrol,"essence, voiture de sport légère, deux places, usage plaisir, sportive et très puissante, 22.75 € aux 100 km, chère à faire rouler, encombrement minimal, deuxième voiture, 295 g de CO2 par km, très polluante, malus écologique"
PORSCHE,718 SPYDER RS,petrol,"essence, voiture de sport légère, deux places, usage plaisir, sportive et très puissante, 22.22 € aux 100 km, chère à faire rouler, encombrement minimal, deuxième voiture, 288 g de CO2 par km, très polluante, malus écologique"
PORSCHE,911 CARRERA,petrol,"essence, voiture de sport légère, deux places, usage plaisir, sportive et très puissante, 17.94 € aux 100 km, chère à faire rouler, encombrement minimal, deuxième voiture, 233 g de CO2 par km, très polluante, malus écologique"
PORSCHE,911 CARRERA 4 GTS,petrol,"essence, voiture de sport légère, deux places, usage plaisir, sportive et très puissante, 18.55 € aux 100 km, chère à faire rouler, encombrement minimal, deuxième voiture, 239 g de CO2 par km, très polluante, malus écologique"
PORSCHE,911 CARRERA GTS,petrol,"essence, voiture de sport légère, deux places, usage plaisir, sportive et très puissante, 18.55 € aux 100 km, chère à faire rouler, encombrement minimal, deuxième voiture, 240 g de CO2 par km, très polluante, malus écologique"
PORSCHE,911 CARRERA GTS,petrol,"essence, voiture de sport légère, deux places, usage plaisir, sportive et très puissante, 19.07 € aux 100 km, chère à faire rouler, encombrement minimal, deuxième voiture, 247 g de CO2 par km, très polluante, malus écologique"
PORSCHE,911 CARRERA S,petrol,"essence, voiture de sport légère, deux places, usage plaisir, sportive et très puissante, 18.38 € aux 100 km, chère à faire rouler, encombrement minimal, deuxième voiture, 237 g de CO2 par km, très polluante, malus écologique"
PORSCHE,911 CARRERA T,petrol,"essence, voiture de sport légère, deux places, usage plaisir, sportive et très puissante, 18.72 € aux 100 km, chère à faire rouler, encombrement minimal, deuxième voiture, 242 g de CO2 par km, très polluante, malus écologique"
PORSCHE,911 GT3,petrol,"essence, voiture de sport légère, deux places, usage plaisir, sportive et très puissante, 24.15 € aux 100 km, chère à faire rouler, encombrement minimal, deuxième voiture, 312 g de CO2 par km, très polluante, malus écologique"
PORSCHE,911 GT3 RS,petrol,"essence, voiture de sport légère, deux places, usage plaisir, sportive et très puissante, 23.10 € aux 100 km, chère à faire rouler, encombrement minimal, deuxième voiture, 299 g de CO2 par km, très polluante, malus écologique"
PORSCHE,911 S T,petrol,"essence, voiture de sport légère, deux places, usage plaisir, sportive et très puissante, 24.15 € aux 100 km, chère à faire rouler, encombrement minimal, deuxième voiture, 313 g de CO2 par km, très polluante, malus écologique"
PORSCHE,911 TARGA 4 GTS,petrol,"essence, voiture de sport légère, deux places, usage plaisir, sportive et très puissante, 18.55 € aux 100 km, chère à faire rouler, encombrement minimal, deuxième voiture, 241 g de CO2 par km, très polluante, malus écologique"
PORSCHE,911 TARGA 4S,petrol,"essence, voiture de sport légère, deux places, usage plaisir, sportive et très puissante, 18.99 € aux 100 km, chère à faire rouler, encombrement minimal, deuxième voiture, 246 g de CO2 par km, très polluante, malus écologique"
PORSCHE,911 TURBO 50,petrol,"essence, voiture de sport légère, deux places, usage plaisir, sportive et très puissante, 21.53 € aux 100 km, chère à faire rouler, encombrement minimal, deuxième voiture, 278 g de CO2 par km, très polluante, malus écologique"
PORSCHE,911 TURBO S,petrol,"essence, voiture de sport légère, deux places, usage plaisir, sportive et très puissante, 21.18 € aux 100 km, chère à faire rouler, encombrement minimal, deuxième voiture, 274 g de CO2 par km, très polluante, malus écologique"
PORSCHE,CAYENNE E-HYBRID,petrol/electric,"hybride essence sans prise, véhicule très lourd et imposant, bonnes reprises, 2.80 € aux 100 km, très bon marché à l'usage, petit budget, sobre sur route et autoroute, famille nombreuse, cinq places et bagages, vacances, 36 g de CO2 par km, faibles rejets"
PORSCHE,CAYENNE S E-HYBRID,petrol/electric,"hybride essence sans prise, véhicule très lourd et imposant, bonnes reprises, 2.80 € aux 100 km, très bon marché à l'usage, petit budget, sobre sur route et autoroute, famille nombreuse, cinq places et bagages, vacances, 35 g de CO2 par km, faibles rejets"
PORSCHE,CAYENNE TURBO E-HYBRID,petrol/electric,"hybride essence sans prise, voiture de sport légère, deux places, usage plaisir, sportive et très puissante, 3.15 € aux 100 km, très bon marché à l'usage, petit budget, sobre sur route et autoroute, encombrement minimal, deuxième voiture, 41 g de CO2 par km, faibles rejets"
PORSCHE,MACAN,electric,"électrique à batterie, se recharge sur borne, très grand véhicule volumineux, bonnes reprises, 3.85 € aux 100 km, très bon marché à l'usage, petit budget, silencieuse en ville, trajets domicile-travail, grande autonomie de 624 km, longs trajets possibles, famille nombreuse, cinq places et bagages, vacances, zéro émission de CO2, aucune pollution à l'usage, la voiture la plus propre et la plus écologique, aucun rejet"
PORSCHE,MACAN 4,electric,"électrique à batterie, se recharge sur borne, véhicule très lourd et imposant, sportive et très puissante, 4.18 € aux 100 km, économique, silencieuse en ville, trajets domicile-travail, grande autonomie de 577 km, longs trajets possibles, famille nombreuse, cinq places et bagages, vacances, zéro émission de CO2, aucune pollution à l'usage, la voiture la plus propre et la plus écologique, aucun rejet"
PORSCHE,MACAN 4S,electric,"électrique à batterie, se recharge sur borne, véhicule très lourd et imposant, sportive et très puissante, 4.16 € aux 100 km, économique, silencieuse en ville, trajets domicile-travail, grande autonomie de 566 km, longs trajets possibles, famille nombreuse, cinq places et bagages, vacances, zéro émission de CO2, aucune pollution à l'usage, la voiture la plus propre et la plus écologique, aucun rejet"
PORSCHE,MACAN TURBO,electric,"électrique à batterie, se recharge sur borne, voiture de sport légère, deux places, usage plaisir, sportive et très puissante, 4.36 € aux 100 km, économique, grande autonomie de 553 km, longs trajets possibles, encombrement minimal, deuxième voiture, zéro émission de CO2, aucune pollution à l'usage, la voiture la plus propre et la plus écologique, aucun rejet"
PORSCHE,PANAMERA 4 E-HYBRID,petrol/electric,"hybride essence sans prise, véhicule très lourd et imposant, bonnes reprises, 2.27 € aux 100 km, très bon marché à l'usage, petit budget, sobre sur route et autoroute, famille nombreuse, cinq places et bagages, vacances, 30 g de CO2 par km, faibles rejets"
PORSCHE,PANAMERA 4S E-HYBRID,petrol/electric,"hybride essence sans prise, véhicule très lourd et imposant, sportive et très puissante, 2.45 € aux 100 km, très bon marché à l'usage, petit budget, sobre sur route et autoroute, famille nombreuse, cinq places et bagages, vacances, 31 g de CO2 par km, faibles rejets"
PORSCHE,PANAMERA TURBO E-HYBRID,petrol/electric,"hybride essence sans prise, voiture de sport légère, deux places, usage plaisir, sportive et très puissante, 2.10 € aux 100 km, très bon marché à l'usage, petit budget, sobre sur route et autoroute, encombrement minimal, deuxième voiture, 28 g de CO2 par km, faibles rejets"
PORSCHE,PANAMERA TURBO S E-HYBRID,petrol/electric,"hybride essence sans prise, voiture de sport légère, deux places, usage plaisir, sportive et très puissante, 2.45 € aux 100 km, très bon marché à l'usage, petit budget, sobre sur route et autoroute, encombrement minimal, deuxième voiture, 32 g de CO2 par km, faibles rejets"
PORSCHE,TAYCAN,electric,"électrique à batterie, se recharge sur borne, très grand véhicule volumineux, sportive et très puissante, 3.94 € aux 100 km, très bon marché à l'usage, petit budget, silencieuse en ville, trajets domicile-travail, grande autonomie de 649 km, longs trajets possibles, famille nombreuse, cinq places et bagages, vacances, zéro émission de CO2, aucune pollution à l'usage, la voiture la plus propre et la plus écologique, aucun rejet"
PORSCHE,TAYCAN 4,electric,"électrique à batterie, se recharge sur borne, véhicule très lourd et imposant, sportive et très puissante, 4.27 € aux 100 km, économique, silencieuse en ville, trajets domicile-travail, grande autonomie de 592 km, longs trajets possibles, famille nombreuse, cinq places et bagages, vacances, zéro émission de CO2, aucune pollution à l'usage, la voiture la plus propre et la plus écologique, aucun rejet"
PORSCHE,TAYCAN 4S,electric,"électrique à batterie, se recharge sur borne, voiture de sport légère, deux places, usage plaisir, sportive et très puissante, 4.21 € aux 100 km, économique, grande autonomie de 601 km, longs trajets possibles, encombrement minimal, deuxième voiture, zéro émission de CO2, aucune pollution à l'usage, la voiture la plus propre et la plus écologique, aucun rejet"
PORSCHE,TAYCAN GTS,electric,"électrique à batterie, se recharge sur borne, voiture de sport légère, deux places, usage plaisir, sportive et très puissante, 4.27 € aux 100 km, économique, grande autonomie de 589 km, longs trajets possibles, encombrement minimal, deuxième voiture, zéro émission de CO2, aucune pollution à l'usage, la voiture la plus propre et la plus écologique, aucun rejet"
PORSCHE,TAYCAN TURBO,electric,"électrique à batterie, se recharge sur borne, voiture de sport légère, deux places, usage plaisir, sportive et très puissante, 4.05 € aux 100 km, économique, grande autonomie de 619 km, longs trajets possibles, encombrement minimal, deuxième voiture, zéro émission de CO2, aucune pollution à l'usage, la voiture la plus propre et la plus écologique, aucun rejet"
PORSCHE,TAYCAN TURBO GT,electric,"électrique à batterie, se recharge sur borne, voiture de sport légère, deux places, usage plaisir, sportive et très puissante, 4.60 € aux 100 km, économique, grande autonomie de 547 km, longs trajets possibles, encombrement minimal, deuxième voiture, zéro émission de CO2, aucune pollution à l'usage, la voiture la plus propre et la plus écologique, aucun rejet"
PORSCHE,TAYCAN TURBO S,electric,"électrique à batterie, se recharge sur borne, voiture de sport légère, deux places, usage plaisir, sportive et très puissante, 4.33 € aux 100 km, économique, grande autonomie de 581 km, longs trajets possibles, encombrement minimal, deuxième voiture, zéro émission de CO2, aucune pollution à l'usage, la voiture la plus propre et la plus écologique, aucun rejet"
RENAULT,ARKANA,petrol,"essence, compacte polyvalente, performances courantes, 10.33 € aux 100 km, coût moyen, excellente en ville et dans les embouteillages, 133 g de CO2 par km, rejets moyens"
RENAULT,ARKANA E-TECH,petrol,"essence, familiale spacieuse, grand coffre, motorisation modeste et tranquille, 8.22 € aux 100 km, coût moyen, excellente en ville et dans les embouteillages, sobre sur route et autoroute, famille nombreuse, cinq places et bagages, vacances, 107 g de CO2 par km, rejets moyens"
RENAULT,AUSTRAL,petrol,"essence, familiale spacieuse, grand coffre, performances courantes, 8.22 € aux 100 km, coût moyen, excellente en ville et dans les embouteillages, sobre sur route et autoroute, famille nombreuse, cinq places et bagages, vacances, 106 g de CO2 par km, rejets moyens, modèle très répandu en France"
RENAULT,CAPTUR,lpg,"GPL, roule au gaz, compacte polyvalente, motorisation modeste et tranquille, 7.12 € aux 100 km, économique, facile en ville, 118 g de CO2 par km, rejets moyens"
RENAULT,CAPTUR,petrol,"essence, compacte polyvalente, bonnes reprises, 10.33 € aux 100 km, coût moyen, excellente en ville et dans les embouteillages, 133 g de CO2 par km, rejets moyens"
RENAULT,CAPTUR,petrol,"essence, compacte polyvalente, motorisation modeste et tranquille, 10.33 € aux 100 km, coût moyen, facile en ville, 133 g de CO2 par km, rejets moyens"
RENAULT,CAPTUR E-TECH HYBRID,petrol,"essence, compacte polyvalente, motorisation modeste et tranquille, 8.05 € aux 100 km, coût moyen, excellente en ville et dans les embouteillages, sobre sur route et autoroute, 103 g de CO2 par km, rejets moyens, modèle très répandu en France"
RENAULT,CAPTUR E-TECH PLUG-IN HYBRID,petrol/electric,"hybride essence sans prise, compacte polyvalente, motorisation modeste et tranquille, 2.27 € aux 100 km, très bon marché à l'usage, petit budget, facile en ville, sobre sur route et autoroute, 30 g de CO2 par km, faibles rejets"
RENAULT,CLIO,diesel,"diesel gazole, petite citadine maniable, performances courantes, 6.97 € aux 100 km, économique, facile en ville, gros rouleur, 20 000 à 50 000 km par an, longues distances quotidiennes sur autoroute, grande autonomie par plein, 109 g de CO2 par km, rejets moyens, modèle très répandu en France"
RENAULT,CLIO,lpg,"GPL, roule au gaz, petite citadine maniable, performances courantes, 6.65 € aux 100 km, économique, facile en ville, 108 g de CO2 par km, rejets moyens"
RENAULT,CLIO,petrol,"essence, compacte polyvalente, performances courantes, 7.00 € aux 100 km, économique, excellente en ville et dans les embouteillages, sobre sur route et autoroute, 92 g de CO2 par km, faibles rejets"
RENAULT,CLIO,petrol,"essence, petite citadine maniable, performances courantes, 9.10 € aux 100 km, coût moyen, facile en ville, sobre sur route et autoroute, 118 g de CO2 par km, rejets moyens, modèle très répandu en France"
RENAULT,CLIO E-TECH HYBRID,petrol,"essence, compacte polyvalente, motorisation modeste et tranquille, 7.52 € aux 100 km, économique, excellente en ville et dans les embouteillages, sobre sur route et autoroute, 96 g de CO2 par km, faibles rejets, modèle très répandu en France"
RENAULT,ESPACE,petrol,"essence, familiale spacieuse, grand coffre, motorisation modeste et tranquille, 8.40 € aux 100 km, coût moyen, excellente en ville et dans les embouteillages, sobre sur route et autoroute, famille nombreuse, cinq places et bagages, vacances, 109 g de CO2 par km, rejets moyens"
RENAULT,KANGOO,diesel,"diesel gazole, familiale spacieuse, grand coffre, motorisation modeste et tranquille, 9.01 € aux 100 km, coût moyen, gros rouleur, 20 000 à 50 000 km par an, longues distances quotidiennes sur autoroute, grande autonomie par plein, famille nombreuse, cinq places et bagages, vacances, 139 g de CO2 par km, rejets moyens"
RENAULT,KANGOO,petrol,"essence, familiale spacieuse, grand coffre, motorisation modeste et tranquille, 11.90 € aux 100 km, coût moyen, famille nombreuse, cinq places et bagages, vacances, 155 g de CO2 par km, rejets moyens"
RENAULT,KANGOO E-TECH ELECTRIC,electric,"électrique à batterie, se recharge sur borne, familiale spacieuse, grand coffre, motorisation modeste et tranquille, 4.29 € aux 100 km, économique, silencieuse en ville, trajets domicile-travail, autonomie limitée de 279 km, trajets courts seulement, famille nombreuse, cinq places et bagages, vacances, zéro émission de CO2, aucune pollution à l'usage, la voiture la plus propre et la plus écologique, aucun rejet"
RENAULT,MEGANE,diesel,"diesel gazole, compacte polyvalente, performances courantes, 7.82 € aux 100 km, économique, facile en ville, gros rouleur, 20 000 à 50 000 km par an, longues distances quotidiennes sur autoroute, grande autonomie par plein, 121 g de CO2 par km, rejets moyens"
RENAULT,MEGANE,petrol,"essence, compacte polyvalente, performances courantes, 10.50 € aux 100 km, coût moyen, facile en ville, 135 g de CO2 par km, rejets moyens"
RENAULT,MEGANE E-TECH ELECTRIC,electric,"électrique à batterie, se recharge sur borne, compacte polyvalente, bonnes reprises, 3.30 € aux 100 km, très bon marché à l'usage, petit budget, silencieuse en ville, trajets domicile-travail, grande autonomie de 462 km, longs trajets possibles, zéro émission de CO2, aucune pollution à l'usage, la voiture la plus propre et la plus écologique, aucun rejet"
RENAULT,MEGANE E-TECH PLUG-IN HYBRID,petrol/electric,"hybride essence sans prise, familiale spacieuse, grand coffre, motorisation modeste et tranquille, 2.10 € aux 100 km, très bon marché à l'usage, petit budget, sobre sur route et autoroute, famille nombreuse, cinq places et bagages, vacances, 28 g de CO2 par km, faibles rejets"
RENAULT,RAFALE,petrol,"essence, familiale spacieuse, grand coffre, motorisation modeste et tranquille, 8.22 € aux 100 km, coût moyen, excellente en ville et dans les embouteillages, sobre sur route et autoroute, famille nombreuse, cinq places et bagages, vacances, 107 g de CO2 par km, rejets moyens"
RENAULT,RAFALE,petrol/electric,"hybride essence sans prise, très grand véhicule volumineux, motorisation modeste et tranquille, 1.05 € aux 100 km, très bon marché à l'usage, petit budget, sobre sur route et autoroute, famille nombreuse, cinq places et bagages, vacances, 15 g de CO2 par km, faibles rejets"
RENAULT,RENAULT 4 E-TECH ELECTRIC,electric,"électrique à batterie, se recharge sur borne, petite citadine maniable, performances courantes, 3.41 € aux 100 km, très bon marché à l'usage, petit budget, silencieuse en ville, trajets domicile-travail, zéro émission de CO2, aucune pollution à l'usage, la voiture la plus propre et la plus écologique, aucun rejet"
RENAULT,RENAULT 5 E-TECH ELECTRIC,electric,"électrique à batterie, se recharge sur borne, petite citadine maniable, performances courantes, 3.30 € aux 100 km, très bon marché à l'usage, petit budget, silencieuse en ville, trajets domicile-travail, zéro émission de CO2, aucune pollution à l'usage, la voiture la plus propre et la plus écologique, aucun rejet, modèle très répandu en France"
RENAULT,SCENIC E-TECH ELECTRIC,electric,"électrique à batterie, se recharge sur borne, familiale spacieuse, grand coffre, bonnes reprises, 3.78 € aux 100 km, très bon marché à l'usage, petit budget, silencieuse en ville, trajets domicile-travail, grande autonomie de 610 km, longs trajets possibles, famille nombreuse, cinq places et bagages, vacances, zéro émission de CO2, aucune pollution à l'usage, la voiture la plus propre et la plus écologique, aucun rejet, modèle très répandu en France"
RENAULT,SYMBIOZ,petrol,"essence, familiale spacieuse, grand coffre, motorisation modeste et tranquille, 8.05 € aux 100 km, coût moyen, excellente en ville et dans les embouteillages, sobre sur route et autoroute, famille nombreuse, cinq places et bagages, vacances, 104 g de CO2 par km, rejets moyens, modèle très répandu en France"
RENAULT,TRAFIC,diesel,"diesel gazole, véhicule très lourd et imposant, motorisation modeste et tranquille, 12.07 € aux 100 km, chère à faire rouler, gros rouleur, 20 000 à 50 000 km par an, longues distances quotidiennes sur autoroute, grande autonomie par plein, famille nombreuse, cinq places et bagages, vacances, 185 g de CO2 par km, très polluante, malus écologique"
RENAULT,TWINGO,electric,"électrique à batterie, se recharge sur borne, toute petite citadine légère, facile à garer, motorisation modeste et tranquille, 3.34 € aux 100 km, très bon marché à l'usage, petit budget, silencieuse en ville, trajets domicile-travail, autonomie limitée de 188 km, trajets courts seulement, encombrement minimal, deuxième voiture, zéro émission de CO2, aucune pollution à l'usage, la voiture la plus propre et la plus écologique, aucun rejet"
RENAULT,TWINGO,petrol,"essence, toute petite citadine légère, facile à garer, motorisation modeste et tranquille, 9.10 € aux 100 km, coût moyen, facile en ville, sobre sur route et autoroute, encombrement minimal, deuxième voiture, 117 g de CO2 par km, rejets moyens"
RENAULT,TWINGO E-TECH ELECTRIC,electric,"électrique à batterie, se recharge sur borne, toute petite citadine légère, facile à garer, motorisation modeste et tranquille, 2.88 € aux 100 km, très bon marché à l'usage, petit budget, silencieuse en ville, trajets domicile-travail, autonomie limitée de 261 km, trajets courts seulement, encombrement minimal, deuxième voiture, zéro émission de CO2, aucune pollution à l'usage, la voiture la plus propre et la plus écologique, aucun rejet"
RENAULT,ZOE,electric,"électrique à batterie, se recharge sur borne, petite citadine maniable, motorisation modeste et tranquille, 3.65 € aux 100 km, très bon marché à l'usage, petit budget, silencieuse en ville, trajets domicile-travail, zéro émission de CO2, aucune pollution à l'usage, la voiture la plus propre et la plus écologique, aucun rejet"
ROLLS-ROYCE,BLACK BADGE CULLINAN,petrol,"essence, voiture de sport légère, deux places, usage plaisir, sportive et très puissante, 28.35 € aux 100 km, chère à faire rouler, encombrement minimal, deuxième voiture, 367 g de CO2 par km, très polluante, malus écologique"
ROLLS-ROYCE,BLACK BADGE GHOST,petrol,"essence, voiture de sport légère, deux places, usage plaisir, sportive et très puissante, 27.47 € aux 100 km, chère à faire rouler, encombrement minimal, deuxième voiture, 355 g de CO2 par km, très polluante, malus écologique"
ROLLS-ROYCE,BLACK BADGE SPECTRE,electric,"électrique à batterie, se recharge sur borne, voiture de sport légère, deux places, usage plaisir, sportive et très puissante, 5.21 € aux 100 km, économique, grande autonomie de 495 km, longs trajets possibles, encombrement minimal, deuxième voiture, zéro émission de CO2, aucune pollution à l'usage, la voiture la plus propre et la plus écologique, aucun rejet"
ROLLS-ROYCE,CULLINAN,petrol,"essence, voiture de sport légère, deux places, usage plaisir, sportive et très puissante, 28.70 € aux 100 km, chère à faire rouler, encombrement minimal, deuxième voiture, 371 g de CO2 par km, très polluante, malus écologique"
SEAT,ARONA,petrol,"essence, petite citadine maniable, performances courantes, 9.62 € aux 100 km, coût moyen, facile en ville, sobre sur route et autoroute, 125 g de CO2 par km, rejets moyens"
SEAT,ATECA,petrol,"essence, compacte polyvalente, bonnes reprises, 12.42 € aux 100 km, chère à faire rouler, facile en ville, 147 g de CO2 par km, rejets moyens"
SEAT,IBIZA,petrol,"essence, petite citadine maniable, performances courantes, 8.92 € aux 100 km, coût moyen, facile en ville, sobre sur route et autoroute, 117 g de CO2 par km, rejets moyens"
SEAT,LEON,diesel,"diesel gazole, compacte polyvalente, performances courantes, 9.18 € aux 100 km, coût moyen, facile en ville, gros rouleur, 20 000 à 50 000 km par an, longues distances quotidiennes sur autoroute, grande autonomie par plein, 127 g de CO2 par km, rejets moyens"
SEAT,LEON,petrol,"essence, compacte polyvalente, performances courantes, 9.28 € aux 100 km, coût moyen, excellente en ville et dans les embouteillages, sobre sur route et autoroute, 119 g de CO2 par km, rejets moyens"
SEAT,LEON E-HYBRID150,petrol/electric,"hybride essence sans prise, familiale spacieuse, grand coffre, performances courantes, 0.70 € aux 100 km, très bon marché à l'usage, petit budget, sobre sur route et autoroute, famille nombreuse, cinq places et bagages, vacances, 9 g de CO2 par km, faibles rejets"
SEAT,LEON SP,diesel,"diesel gazole, familiale spacieuse, grand coffre, performances courantes, 9.18 € aux 100 km, coût moyen, gros rouleur, 20 000 à 50 000 km par an, longues distances quotidiennes sur autoroute, grande autonomie par plein, famille nombreuse, cinq places et bagages, vacances, 131 g de CO2 par km, rejets moyens"
SEAT,LEON SP,petrol,"essence, compacte polyvalente, bonnes reprises, 10.85 € aux 100 km, coût moyen, excellente en ville et dans les embouteillages, 125 g de CO2 par km, rejets moyens"
SEAT,LEON SP,petrol,"essence, compacte polyvalente, performances courantes, 11.46 € aux 100 km, coût moyen, facile en ville, 128 g de CO2 par km, rejets moyens"
SEAT,SEAT ATECA,diesel,"diesel gazole, familiale spacieuse, grand coffre, performances courantes, 8.84 € aux 100 km, coût moyen, gros rouleur, 20 000 à 50 000 km par an, longues distances quotidiennes sur autoroute, grande autonomie par plein, famille nombreuse, cinq places et bagages, vacances, 136 g de CO2 par km, rejets moyens"
SEAT,SEAT ATECA,petrol,"essence, compacte polyvalente, bonnes reprises, 11.20 € aux 100 km, coût moyen, facile en ville, 145 g de CO2 par km, rejets moyens"
SEAT,SEAT LEON,diesel,"diesel gazole, compacte polyvalente, performances courantes, 7.99 € aux 100 km, économique, facile en ville, gros rouleur, 20 000 à 50 000 km par an, longues distances quotidiennes sur autoroute, grande autonomie par plein, 123 g de CO2 par km, rejets moyens"
SEAT,SEAT LEON,ng,"compacte polyvalente, performances courantes, facile en ville, 110 g de CO2 par km, rejets moyens"
SEAT,SEAT LEON,petrol,"essence, compacte polyvalente, performances courantes, 9.28 € aux 100 km, coût moyen, excellente en ville et dans les embouteillages, sobre sur route et autoroute, 121 g de CO2 par km, rejets moyens"
SEAT,SEAT LEON,petrol,"essence, compacte polyvalente, performances courantes, 9.80 € aux 100 km, coût moyen, facile en ville, 127 g de CO2 par km, rejets moyens"
SEAT,SEAT LEON E-HYBRID150,petrol/electric,"hybride essence sans prise, familiale spacieuse, grand coffre, performances courantes, 2.10 € aux 100 km, très bon marché à l'usage, petit budget, sobre sur route et autoroute, famille nombreuse, cinq places et bagages, vacances, 28 g de CO2 par km, faibles rejets"
SEAT,SEAT LEON SP,diesel,"diesel gazole, familiale spacieuse, grand coffre, performances courantes, 8.16 € aux 100 km, coût moyen, gros rouleur, 20 000 à 50 000 km par an, longues distances quotidiennes sur autoroute, grande autonomie par plein, famille nombreuse, cinq places et bagages, vacances, 125 g de CO2 par km, rejets moyens"
SEAT,SEAT LEON SP,petrol,"essence, compacte polyvalente, performances courantes, 9.45 € aux 100 km, coût moyen, excellente en ville et dans les embouteillages, sobre sur route et autoroute, 122 g de CO2 par km, rejets moyens"
SEAT,SEAT LEON SP,petrol,"essence, compacte polyvalente, performances courantes, 9.97 € aux 100 km, coût moyen, facile en ville, 129 g de CO2 par km, rejets moyens"
SEAT,SEAT LEON SP E-HYBRID150,petrol/electric,"hybride essence sans prise, familiale spacieuse, grand coffre, performances courantes, 0.70 € aux 100 km, très bon marché à l'usage, petit budget, sobre sur route et autoroute, famille nombreuse, cinq places et bagages, vacances, 9 g de CO2 par km, faibles rejets"
SEAT,TARRACO,diesel,"diesel gazole, familiale spacieuse, grand coffre, performances courantes, 9.35 € aux 100 km, coût moyen, gros rouleur, 20 000 à 50 000 km par an, longues distances quotidiennes sur autoroute, grande autonomie par plein, famille nombreuse, cinq places et bagages, vacances, 143 g de CO2 par km, rejets moyens"
SEAT,TARRACO,petrol/electric,"hybride essence sans prise, familiale spacieuse, grand coffre, performances courantes, 2.62 € aux 100 km, très bon marché à l'usage, petit budget, sobre sur route et autoroute, famille nombreuse, cinq places et bagages, vacances, 35 g de CO2 par km, faibles rejets"
SECMA,FUN 1600,petrol,"essence, toute petite citadine légère, facile à garer, sportive et très puissante, 10.50 € aux 100 km, coût moyen, facile en ville, encombrement minimal, deuxième voiture, 135 g de CO2 par km, rejets moyens"
SECMA,FUN 1600 BUGGY,petrol,"essence, toute petite citadine légère, facile à garer, sportive et très puissante, 10.50 € aux 100 km, coût moyen, facile en ville, encombrement minimal, deuxième voiture, 135 g de CO2 par km, rejets moyens"
SECMA,FUN 1600 TURBO GT,petrol,"essence, voiture de sport légère, deux places, usage plaisir, sportive et très puissante, 10.15 € aux 100 km, coût moyen, encombrement minimal, deuxième voiture, 132 g de CO2 par km, rejets moyens"
SERES,SERES 5,electric,"électrique à batterie, se recharge sur borne, voiture de sport légère, deux places, usage plaisir, sportive et très puissante, 3.81 € aux 100 km, très bon marché à l'usage, petit budget, grande autonomie de 522 km, longs trajets possibles, encombrement minimal, deuxième voiture, zéro émission de CO2, aucune pollution à l'usage, la voiture la plus propre et la plus écologique, aucun rejet"
SKODA,ELROQ 50,electric,"électrique à batterie, se recharge sur borne, familiale spacieuse, grand coffre, performances courantes, 3.48 € aux 100 km, très bon marché à l'usage, petit budget, silencieuse en ville, trajets domicile-travail, famille nombreuse, cinq places et bagages, vacances, zéro émission de CO2, aucune pollution à l'usage, la voiture la plus propre et la plus écologique, aucun rejet"
SKODA,ELROQ 60,electric,"électrique à batterie, se recharge sur borne, familiale spacieuse, grand coffre, performances courantes, 3.50 € aux 100 km, très bon marché à l'usage, petit budget, silencieuse en ville, trajets domicile-travail, grande autonomie de 426 km, longs trajets possibles, famille nombreuse, cinq places et bagages, vacances, zéro émission de CO2, aucune pollution à l'usage, la voiture la plus propre et la plus écologique, aucun rejet"
SKODA,ELROQ 85,electric,"électrique à batterie, se recharge sur borne, très grand véhicule volumineux, bonnes reprises, 3.39 € aux 100 km, très bon marché à l'usage, petit budget, silencieuse en ville, trajets domicile-travail, grande autonomie de 570 km, longs trajets possibles, famille nombreuse, cinq places et bagages, vacances, zéro émission de CO2, aucune pollution à l'usage, la voiture la plus propre et la plus écologique, aucun rejet"
SKODA,ELROQ 85X,electric,"électrique à batterie, se recharge sur borne, très grand véhicule volumineux, bonnes reprises, 3.63 € aux 100 km, très bon marché à l'usage, petit budget, silencieuse en ville, trajets domicile-travail, grande autonomie de 527 km, longs trajets possibles, famille nombreuse, cinq places et bagages, vacances, zéro émission de CO2, aucune pollution à l'usage, la voiture la plus propre et la plus écologique, aucun rejet"
SKODA,ELROQ RS,electric,"électrique à batterie, se recharge sur borne, très grand véhicule volumineux, sportive et très puissante, 3.72 € aux 100 km, très bon marché à l'usage, petit budget, silencieuse en ville, trajets domicile-travail, grande autonomie de 530 km, longs trajets possibles, famille nombreuse, cinq places et bagages, vacances, zéro émission de CO2, aucune pollution à l'usage, la voiture la plus propre et la plus écologique, aucun rejet"
SKODA,ENYAQ 60,electric,"électrique à batterie, se recharge sur borne, familiale spacieuse, grand coffre, performances courantes, 3.52 € aux 100 km, très bon marché à l'usage, petit budget, silencieuse en ville, trajets domicile-travail, famille nombreuse, cinq places et bagages, vacances, zéro émission de CO2, aucune pollution à l'usage, la voiture la plus propre et la plus écologique, aucun rejet"
SKODA,ENYAQ 80,electric,"électrique à batterie, se recharge sur borne, très grand véhicule volumineux, performances courantes, 3.48 € aux 100 km, très bon marché à l'usage, petit budget, silencieuse en ville, trajets domicile-travail, grande autonomie de 542 km, longs trajets possibles, famille nombreuse, cinq places et bagages, vacances, zéro émission de CO2, aucune pollution à l'usage, la voiture la plus propre et la plus écologique, aucun rejet"
SKODA,ENYAQ 80X,electric,"électrique à batterie, se recharge sur borne, très grand véhicule volumineux, bonnes reprises, 3.81 € aux 100 km, très bon marché à l'usage, petit budget, silencieuse en ville, trajets domicile-travail, grande autonomie de 503 km, longs trajets possibles, famille nombreuse, cinq places et bagages, vacances, zéro émission de CO2, aucune pollution à l'usage, la voiture la plus propre et la plus écologique, aucun rejet"
SKODA,ENYAQ 85,electric,"électrique à batterie, se recharge sur borne, très grand véhicule volumineux, bonnes reprises, 3.34 € aux 100 km, très bon marché à l'usage, petit budget, silencieuse en ville, trajets domicile-travail, grande autonomie de 576 km, longs trajets possibles, famille nombreuse, cinq places et bagages, vacances, zéro émission de CO2, aucune pollution à l'usage, la voiture la plus propre et la plus écologique, aucun rejet"
SKODA,ENYAQ 85X,electric,"électrique à batterie, se recharge sur borne, très grand véhicule volumineux, bonnes reprises, 3.54 € aux 100 km, très bon marché à l'usage, petit budget, silencieuse en ville, trajets domicile-travail, grande autonomie de 532 km, longs trajets possibles, famille nombreuse, cinq places et bagages, vacances, zéro émission de CO2, aucune pollution à l'usage, la voiture la plus propre et la plus écologique, aucun rejet"
SKODA,ENYAQ RS,electric,"électrique à batterie, se recharge sur borne, très grand véhicule volumineux, sportive et très puissante, 3.52 € aux 100 km, très bon marché à l'usage, petit budget, silencieuse en ville, trajets domicile-travail, grande autonomie de 542 km, longs trajets possibles, famille nombreuse, cinq places et bagages, vacances, zéro émission de CO2, aucune pollution à l'usage, la voiture la plus propre et la plus écologique, aucun rejet"
SKODA,FABIA,petrol,"essence, petite citadine maniable, performances courantes, 9.10 € aux 100 km, coût moyen, facile en ville, sobre sur route et autoroute, 117 g de CO2 par km, rejets moyens, modèle très répandu en France"
SKODA,KAMIQ,petrol,"essence, petite citadine maniable, performances courantes, 9.80 € aux 100 km, coût moyen, facile en ville, 127 g de CO2 par km, rejets moyens"
SKODA,KAROQ,diesel,"diesel gazole, familiale spacieuse, grand coffre, performances courantes, 8.67 € aux 100 km, coût moyen, gros rouleur, 20 000 à 50 000 km par an, longues distances quotidiennes sur autoroute, grande autonomie par plein, famille nombreuse, cinq places et bagages, vacances, 135 g de CO2 par km, rejets moyens"
SKODA,KAROQ,petrol,"essence, compacte polyvalente, bonnes reprises, 10.67 € aux 100 km, coût moyen, facile en ville, 140 g de CO2 par km, rejets moyens"
SKODA,KODIAQ,diesel,"diesel gazole, très grand véhicule volumineux, performances courantes, 9.35 € aux 100 km, coût moyen, gros rouleur, 20 000 à 50 000 km par an, longues distances quotidiennes sur autoroute, grande autonomie par plein, famille nombreuse, cinq places et bagages, vacances, 144 g de CO2 par km, rejets moyens"
SKODA,KODIAQ,petrol,"essence, familiale spacieuse, grand coffre, performances courantes, 10.67 € aux 100 km, coût moyen, excellente en ville et dans les embouteillages, famille nombreuse, cinq places et bagages, vacances, 140 g de CO2 par km, rejets moyens"
SKODA,KODIAQ,petrol,"essence, familiale spacieuse, grand coffre, performances courantes, 12.08 € aux 100 km, chère à faire rouler, famille nombreuse, cinq places et bagages, vacances, 157 g de CO2 par km, rejets moyens"
SKODA,KODIAQ,petrol/electric,"hybride essence sans prise, très grand véhicule volumineux, performances courantes, 0.88 € aux 100 km, très bon marché à l'usage, petit budget, sobre sur route et autoroute, famille nombreuse, cinq places et bagages, vacances, 10 g de CO2 par km, faibles rejets"
SKODA,OCTAVIA,diesel,"diesel gazole, compacte polyvalente, performances courantes, 7.82 € aux 100 km, économique, facile en ville, gros rouleur, 20 000 à 50 000 km par an, longues distances quotidiennes sur autoroute, grande autonomie par plein, 121 g de CO2 par km, rejets moyens"
SKODA,OCTAVIA,petrol,"essence, compacte polyvalente, bonnes reprises, 8.92 € aux 100 km, coût moyen, excellente en ville et dans les embouteillages, sobre sur route et autoroute, 116 g de CO2 par km, rejets moyens"
SKODA,OCTAVIA,petrol,"essence, compacte polyvalente, performances courantes, 9.45 € aux 100 km, coût moyen, facile en ville, sobre sur route et autoroute, 123 g de CO2 par km, rejets moyens"
SKODA,OCTAVIA RS,petrol,"essence, familiale spacieuse, grand coffre, sportive et très puissante, 12.08 € aux 100 km, chère à faire rouler, famille nombreuse, cinq places et bagages, vacances, 156 g de CO2 par km, rejets moyens"
SKODA,OCTAVIA RS,petrol/electric,"hybride essence sans prise, familiale spacieuse, grand coffre, performances courantes, 2.10 € aux 100 km, très bon marché à l'usage, petit budget, sobre sur route et autoroute, famille nombreuse, cinq places et bagages, vacances, 28 g de CO2 par km, faibles rejets"
SKODA,SCALA,petrol,"essence, petite citadine maniable, performances courantes, 9.45 € aux 100 km, coût moyen, facile en ville, sobre sur route et autoroute, 122 g de CO2 par km, rejets moyens"
SKODA,SUPERB,diesel,"diesel gazole, familiale spacieuse, grand coffre, performances courantes, 8.50 € aux 100 km, coût moyen, gros rouleur, 20 000 à 50 000 km par an, longues distances quotidiennes sur autoroute, grande autonomie par plein, famille nombreuse, cinq places et bagages, vacances, 131 g de CO2 par km, rejets moyens"
SKODA,SUPERB,petrol,"essence, familiale spacieuse, grand coffre, performances courantes, 9.45 € aux 100 km, coût moyen, excellente en ville et dans les embouteillages, sobre sur route et autoroute, famille nombreuse, cinq places et bagages, vacances, 123 g de CO2 par km, rejets moyens"
SKODA,SUPERB,petrol,"essence, familiale spacieuse, grand coffre, performances courantes, 11.38 € aux 100 km, coût moyen, famille nombreuse, cinq places et bagages, vacances, 147 g de CO2 par km, rejets moyens"
SKODA,SUPERB,petrol/electric,"hybride essence sans prise, familiale spacieuse, grand coffre, performances courantes, 0.70 € aux 100 km, très bon marché à l'usage, petit budget, sobre sur route et autoroute, famille nombreuse, cinq places et bagages, vacances, 9 g de CO2 par km, faibles rejets"
SKYWORTH,"BE11, SKYWORTH K",electric,"électrique à batterie, se recharge sur borne, familiale spacieuse, grand coffre, performances courantes, 4.36 € aux 100 km, économique, silencieuse en ville, trajets domicile-travail, grande autonomie de 489 km, longs trajets possibles, famille nombreuse, cinq places et bagages, vacances, zéro émission de CO2, aucune pollution à l'usage, la voiture la plus propre et la plus écologique, aucun rejet"
SKYWORTH,SKYWORTH K,electric,"électrique à batterie, se recharge sur borne, familiale spacieuse, grand coffre, performances courantes, 4.38 € aux 100 km, économique, silencieuse en ville, trajets domicile-travail, grande autonomie de 489 km, longs trajets possibles, famille nombreuse, cinq places et bagages, vacances, zéro émission de CO2, aucune pollution à l'usage, la voiture la plus propre et la plus écologique, aucun rejet"
SMART,#1,electric,"électrique à batterie, se recharge sur borne, familiale spacieuse, grand coffre, bonnes reprises, 3.83 € aux 100 km, très bon marché à l'usage, petit budget, silencieuse en ville, trajets domicile-travail, grande autonomie de 420 km, longs trajets possibles, famille nombreuse, cinq places et bagages, vacances, zéro émission de CO2, aucune pollution à l'usage, la voiture la plus propre et la plus écologique, aucun rejet"
SMART,#3,electric,"électrique à batterie, se recharge sur borne, familiale spacieuse, grand coffre, bonnes reprises, 3.70 € aux 100 km, très bon marché à l'usage, petit budget, silencieuse en ville, trajets domicile-travail, grande autonomie de 435 km, longs trajets possibles, famille nombreuse, cinq places et bagages, vacances, zéro émission de CO2, aucune pollution à l'usage, la voiture la plus propre et la plus écologique, aucun rejet"
SMART,#5,electric,"électrique à batterie, se recharge sur borne, voiture de sport légère, deux places, usage plaisir, sportive et très puissante, 4.38 € aux 100 km, économique, grande autonomie de 540 km, longs trajets possibles, encombrement minimal, deuxième voiture, zéro émission de CO2, aucune pollution à l'usage, la voiture la plus propre et la plus écologique, aucun rejet"
SSANGYONG,TORRES EVX,electric,"électrique à batterie, se recharge sur borne, familiale spacieuse, grand coffre, performances courantes, 4.09 € aux 100 km, économique, silencieuse en ville, trajets domicile-travail, grande autonomie de 462 km, longs trajets possibles, famille nombreuse, cinq places et bagages, vacances, zéro émission de CO2, aucune pollution à l'usage, la voiture la plus propre et la plus écologique, aucun rejet"
SUBARU,SOLTERRA,electric,"électrique à batterie, se recharge sur borne, très grand véhicule volumineux, performances courantes, 3.52 € aux 100 km, très bon marché à l'usage, petit budget, silencieuse en ville, trajets domicile-travail, grande autonomie de 466 km, longs trajets possibles, famille nombreuse, cinq places et bagages, vacances, zéro émission de CO2, aucune pollution à l'usage, la voiture la plus propre et la plus écologique, aucun rejet"
SUZUKI,E VITARA,electric,"électrique à batterie, se recharge sur borne, familiale spacieuse, grand coffre, performances courantes, 3.65 € aux 100 km, très bon marché à l'usage, petit budget, silencieuse en ville, trajets domicile-travail, famille nombreuse, cinq places et bagages, vacances, zéro émission de CO2, aucune pollution à l'usage, la voiture la plus propre et la plus écologique, aucun rejet"
SUZUKI,IGNIS,petrol,"essence, toute petite citadine légère, facile à garer, performances courantes, 8.75 € aux 100 km, coût moyen, excellente en ville et dans les embouteillages, sobre sur route et autoroute, encombrement minimal, deuxième voiture, 112 g de CO2 par km, rejets moyens"
SUZUKI,S-CROSS,petrol,"essence, compacte polyvalente, performances courantes, 9.45 € aux 100 km, coût moyen, excellente en ville et dans les embouteillages, sobre sur route et autoroute, 122 g de CO2 par km, rejets moyens"
SUZUKI,SUZUKI ACROSS,petrol/electric,"hybride essence sans prise, très grand véhicule volumineux, performances courantes, 1.75 € aux 100 km, très bon marché à l'usage, petit budget, sobre sur route et autoroute, famille nombreuse, cinq places et bagages, vacances, 22 g de CO2 par km, faibles rejets"
SUZUKI,SUZUKI SWACE,petrol,"essence, compacte polyvalente, motorisation modeste et tranquille, 7.88 € aux 100 km, économique, excellente en ville et dans les embouteillages, sobre sur route et autoroute, 102 g de CO2 par km, rejets moyens"
SUZUKI,SWIFT,petrol,"essence, toute petite citadine légère, facile à garer, performances courantes, 7.70 € aux 100 km, économique, excellente en ville et dans les embouteillages, sobre sur route et autoroute, encombrement minimal, deuxième voiture, 99 g de CO2 par km, faibles rejets, modèle très répandu en France"
SUZUKI,SX4,petrol,"essence, compacte polyvalente, performances courantes, 10.33 € aux 100 km, coût moyen, excellente en ville et dans les embouteillages, 131 g de CO2 par km, rejets moyens"
SUZUKI,"SX4, SUZUKI SX4, S-CROSS",petrol,"essence, compacte polyvalente, performances courantes, 9.28 € aux 100 km, coût moyen, excellente en ville et dans les embouteillages, sobre sur route et autoroute, 120 g de CO2 par km, rejets moyens"
SUZUKI,VITARA,petrol,"essence, compacte polyvalente, performances courantes, 9.45 € aux 100 km, coût moyen, excellente en ville et dans les embouteillages, sobre sur route et autoroute, 127 g de CO2 par km, rejets moyens"
TESLA,MODEL 3,electric,"électrique à batterie, se recharge sur borne, familiale spacieuse, grand coffre, sportive et très puissante, 2.90 € aux 100 km, très bon marché à l'usage, petit budget, silencieuse en ville, trajets domicile-travail, grande autonomie de 571 km, longs trajets possibles, famille nombreuse, cinq places et bagages, vacances, zéro émission de CO2, aucune pollution à l'usage, la voiture la plus propre et la plus écologique, aucun rejet"
TESLA,MODEL S,electric,"électrique à batterie, se recharge sur borne, voiture de sport légère, deux places, usage plaisir, sportive et très puissante, 3.96 € aux 100 km, très bon marché à l'usage, petit budget, grande autonomie de 611 km, longs trajets possibles, encombrement minimal, deuxième voiture, zéro émission de CO2, aucune pollution à l'usage, la voiture la plus propre et la plus écologique, aucun rejet"
TESLA,MODEL X,electric,"électrique à batterie, se recharge sur borne, voiture de sport légère, deux places, usage plaisir, sportive et très puissante, 4.20 € aux 100 km, économique, grande autonomie de 576 km, longs trajets possibles, encombrement minimal, deuxième voiture, zéro émission de CO2, aucune pollution à l'usage, la voiture la plus propre et la plus écologique, aucun rejet"
TESLA,MODEL Y,electric,"électrique à batterie, se recharge sur borne, familiale spacieuse, grand coffre, sportive et très puissante, 3.12 € aux 100 km, très bon marché à l'usage, petit budget, silencieuse en ville, trajets domicile-travail, grande autonomie de 600 km, longs trajets possibles, famille nombreuse, cinq places et bagages, vacances, zéro émission de CO2, aucune pollution à l'usage, la voiture la plus propre et la plus écologique, aucun rejet, modèle très répandu en France"
TOYOTA,AYGO X,petrol,"essence, toute petite citadine légère, facile à garer, motorisation modeste et tranquille, 9.10 € aux 100 km, coût moyen, facile en ville, sobre sur route et autoroute, encombrement minimal, deuxième voiture, 111 g de CO2 par km, rejets moyens"
TOYOTA,COROLLA,petrol,"essence, compacte polyvalente, performances courantes, 9.28 € aux 100 km, coût moyen, excellente en ville et dans les embouteillages, sobre sur route et autoroute, 114 g de CO2 par km, rejets moyens"
TOYOTA,GR YARIS,petrol,"essence, voiture de sport légère, deux places, usage plaisir, sportive et très puissante, 15.22 € aux 100 km, chère à faire rouler, encombrement minimal, deuxième voiture, 197 g de CO2 par km, très polluante, malus écologique"
TOYOTA,LAND CRUISER,diesel,"diesel gazole, véhicule très lourd et imposant, performances courantes, 18.53 € aux 100 km, chère à faire rouler, gros rouleur, 20 000 à 50 000 km par an, longues distances quotidiennes sur autoroute, grande autonomie par plein, famille nombreuse, cinq places et bagages, vacances, 280 g de CO2 par km, très polluante, malus écologique"
TOYOTA,MIRAI,hydrogen,"très grand véhicule volumineux, performances courantes, famille nombreuse, cinq places et bagages, vacances, zéro émission de CO2, aucune pollution à l'usage, la voiture la plus propre et la plus écologique, aucun rejet"
TOYOTA,PROACE,diesel,"diesel gazole, très grand véhicule volumineux, motorisation modeste et tranquille, 12.75 € aux 100 km, chère à faire rouler, gros rouleur, 20 000 à 50 000 km par an, longues distances quotidiennes sur autoroute, grande autonomie par plein, famille nombreuse, cinq places et bagages, vacances, 196 g de CO2 par km, très polluante, malus écologique"
TOYOTA,PROACE,electric,"électrique à batterie, se recharge sur borne, très grand véhicule volumineux, motorisation modeste et tranquille, 5.43 € aux 100 km, économique, silencieuse en ville, trajets domicile-travail, famille nombreuse, cinq places et bagages, vacances, zéro émission de CO2, aucune pollution à l'usage, la voiture la plus propre et la plus écologique, aucun rejet"
TOYOTA,PROACE CITY VERSO,diesel,"diesel gazole, familiale spacieuse, grand coffre, performances courantes, 9.52 € aux 100 km, coût moyen, gros rouleur, 20 000 à 50 000 km par an, longues distances quotidiennes sur autoroute, grande autonomie par plein, famille nombreuse, cinq places et bagages, vacances, 146 g de CO2 par km, rejets moyens"
TOYOTA,PROACE CITY VERSO,petrol,"essence, compacte polyvalente, performances courantes, 11.38 € aux 100 km, coût moyen, facile en ville, 147 g de CO2 par km, rejets moyens"
TOYOTA,PROACE CITY VERSO ELECTRIC,electric,"électrique à batterie, se recharge sur borne, familiale spacieuse, grand coffre, motorisation modeste et tranquille, 4.00 € aux 100 km, économique, silencieuse en ville, trajets domicile-travail, famille nombreuse, cinq places et bagages, vacances, zéro émission de CO2, aucune pollution à l'usage, la voiture la plus propre et la plus écologique, aucun rejet"
TOYOTA,RAV4,petrol,"essence, familiale spacieuse, grand coffre, bonnes reprises, 10.15 € aux 100 km, coût moyen, excellente en ville et dans les embouteillages, famille nombreuse, cinq places et bagages, vacances, 129 g de CO2 par km, rejets moyens"
TOYOTA,RAV4,petrol/electric,"hybride essence sans prise, très grand véhicule volumineux, performances courantes, 1.75 € aux 100 km, très bon marché à l'usage, petit budget, sobre sur route et autoroute, famille nombreuse, cinq places et bagages, vacances, 22 g de CO2 par km, faibles rejets"
TOYOTA,TOYOTA AYGO X,petrol,"essence, petite citadine maniable, performances courantes, 6.48 € aux 100 km, économique, excellente en ville et dans les embouteillages, sobre sur route et autoroute, 85 g de CO2 par km, faibles rejets"
TOYOTA,TOYOTA AYGO X,petrol,"essence, toute petite citadine légère, facile à garer, motorisation modeste et tranquille, 8.40 € aux 100 km, coût moyen, facile en ville, sobre sur route et autoroute, encombrement minimal, deuxième voiture, 109 g de CO2 par km, rejets moyens, modèle très répandu en France"
TOYOTA,TOYOTA BZ4X,electric,"électrique à batterie, se recharge sur borne, familiale spacieuse, grand coffre, performances courantes, 3.17 € aux 100 km, très bon marché à l'usage, petit budget, silencieuse en ville, trajets domicile-travail, grande autonomie de 513 km, longs trajets possibles, famille nombreuse, cinq places et bagages, vacances, zéro émission de CO2, aucune pollution à l'usage, la voiture la plus propre et la plus écologique, aucun rejet"
TOYOTA,TOYOTA C-HR,petrol,"essence, familiale spacieuse, grand coffre, motorisation modeste et tranquille, 8.40 € aux 100 km, coût moyen, excellente en ville et dans les embouteillages, sobre sur route et autoroute, famille nombreuse, cinq places et bagages, vacances, 108 g de CO2 par km, rejets moyens, modèle très répandu en France"
TOYOTA,TOYOTA C-HR,petrol/electric,"hybride essence sans prise, familiale spacieuse, grand coffre, performances courantes, 1.40 € aux 100 km, très bon marché à l'usage, petit budget, sobre sur route et autoroute, famille nombreuse, cinq places et bagages, vacances, 19 g de CO2 par km, faibles rejets"
TOYOTA,TOYOTA CAMRY,petrol,"essence, familiale spacieuse, grand coffre, bonnes reprises, 9.28 € aux 100 km, coût moyen, excellente en ville et dans les embouteillages, sobre sur route et autoroute, famille nombreuse, cinq places et bagages, vacances, 120 g de CO2 par km, rejets moyens"
TOYOTA,TOYOTA COROLLA,petrol,"essence, compacte polyvalente, motorisation modeste et tranquille, 8.05 € aux 100 km, coût moyen, excellente en ville et dans les embouteillages, sobre sur route et autoroute, 104 g de CO2 par km, rejets moyens"
TOYOTA,TOYOTA GR YARIS,petrol,"essence, voiture de sport légère, deux places, usage plaisir, sportive et très puissante, 16.62 € aux 100 km, chère à faire rouler, encombrement minimal, deuxième voiture, 215 g de CO2 par km, très polluante, malus écologique"
TOYOTA,TOYOTA HIGHLANDER,petrol,"essence, véhicule très lourd et imposant, performances courantes, 12.25 € aux 100 km, chère à faire rouler, excellente en ville et dans les embouteillages, famille nombreuse, cinq places et bagages, vacances, 159 g de CO2 par km, rejets moyens"
TOYOTA,TOYOTA LAND CRUISER,diesel,"diesel gazole, véhicule très lourd et imposant, performances courantes, 18.02 € aux 100 km, chère à faire rouler, gros rouleur, 20 000 à 50 000 km par an, longues distances quotidiennes sur autoroute, grande autonomie par plein, famille nombreuse, cinq places et bagages, vacances, 279 g de CO2 par km, très polluante, malus écologique"
TOYOTA,TOYOTA LAND CRUISER (150 SERIES),diesel,"diesel gazole, véhicule très lourd et imposant, performances courantes, 16.23 € aux 100 km, chère à faire rouler, gros rouleur, 20 000 à 50 000 km par an, longues distances quotidiennes sur autoroute, grande autonomie par plein, famille nombreuse, cinq places et bagages, vacances, 250 g de CO2 par km, très polluante, malus écologique"
TOYOTA,TOYOTA MIRAI,hydrogen,"très grand véhicule volumineux, performances courantes, famille nombreuse, cinq places et bagages, vacances, zéro émission de CO2, aucune pollution à l'usage, la voiture la plus propre et la plus écologique, aucun rejet"
TOYOTA,TOYOTA PRIUS PHEV,petrol/electric,"hybride essence sans prise, familiale spacieuse, grand coffre, performances courantes, 1.22 € aux 100 km, très bon marché à l'usage, petit budget, sobre sur route et autoroute, famille nombreuse, cinq places et bagages, vacances, 17 g de CO2 par km, faibles rejets"
TOYOTA,TOYOTA RAV4,petrol,"essence, familiale spacieuse, grand coffre, bonnes reprises, 9.97 € aux 100 km, coût moyen, excellente en ville et dans les embouteillages, famille nombreuse, cinq places et bagages, vacances, 129 g de CO2 par km, rejets moyens"
TOYOTA,TOYOTA RAV4,petrol/electric,"hybride essence sans prise, très grand véhicule volumineux, performances courantes, 1.75 € aux 100 km, très bon marché à l'usage, petit budget, sobre sur route et autoroute, famille nombreuse, cinq places et bagages, vacances, 22 g de CO2 par km, faibles rejets"
TOYOTA,TOYOTA SUPRA,petrol,"essence, familiale spacieuse, grand coffre, sportive et très puissante, 12.42 € aux 100 km, chère à faire rouler, famille nombreuse, cinq places et bagages, vacances, 161 g de CO2 par km, très polluante, malus écologique"
TOYOTA,TOYOTA YARIS,petrol,"essence, petite citadine maniable, performances courantes, 7.00 € aux 100 km, économique, excellente en ville et dans les embouteillages, sobre sur route et autoroute, 91 g de CO2 par km, faibles rejets, modèle très répandu en France"
TOYOTA,TOYOTA YARIS,petrol,"essence, petite citadine maniable, bonnes reprises, 9.10 € aux 100 km, coût moyen, facile en ville, sobre sur route et autoroute, 122 g de CO2 par km, rejets moyens"
TOYOTA,TOYOTA YARIS CROSS,petrol,"essence, petite citadine maniable, motorisation modeste et tranquille, 7.88 € aux 100 km, économique, excellente en ville et dans les embouteillages, sobre sur route et autoroute, 102 g de CO2 par km, rejets moyens, modèle très répandu en France"
TOYOTA,TOYOTA YARIS CROSS,petrol,"essence, petite citadine maniable, bonnes reprises, 10.50 € aux 100 km, coût moyen, facile en ville, 135 g de CO2 par km, rejets moyens"
TOYOTA,YARIS,petrol,"essence, petite citadine maniable, performances courantes, 8.58 € aux 100 km, coût moyen, excellente en ville et dans les embouteillages, sobre sur route et autoroute, 91 g de CO2 par km, faibles rejets"
TOYOTA,YARIS,petrol,"essence, petite citadine maniable, bonnes reprises, 9.10 € aux 100 km, coût moyen, facile en ville, sobre sur route et autoroute, 122 g de CO2 par km, rejets moyens"
TOYOTA,YARIS CROSS,petrol,"essence, petite citadine maniable, motorisation modeste et tranquille, 8.75 € aux 100 km, coût moyen, excellente en ville et dans les embouteillages, sobre sur route et autoroute, 102 g de CO2 par km, rejets moyens"
VINFAST,VF 6,electric,"électrique à batterie, se recharge sur borne, très grand véhicule volumineux, performances courantes, 4.49 € aux 100 km, économique, silencieuse en ville, trajets domicile-travail, famille nombreuse, cinq places et bagages, vacances, zéro émission de CO2, aucune pollution à l'usage, la voiture la plus propre et la plus écologique, aucun rejet"
VINFAST,VF 8,electric,"électrique à batterie, se recharge sur borne, véhicule très lourd et imposant, sportive et très puissante, 4.82 € aux 100 km, économique, silencieuse en ville, trajets domicile-travail, grande autonomie de 457 km, longs trajets possibles, famille nombreuse, cinq places et bagages, vacances, zéro émission de CO2, aucune pollution à l'usage, la voiture la plus propre et la plus écologique, aucun rejet"
VOLKSWAGEN,ARTEON,diesel,"diesel gazole, familiale spacieuse, grand coffre, performances courantes, 8.84 € aux 100 km, coût moyen, gros rouleur, 20 000 à 50 000 km par an, longues distances quotidiennes sur autoroute, grande autonomie par plein, famille nombreuse, cinq places et bagages, vacances, 136 g de CO2 par km, rejets moyens"
VOLKSWAGEN,ARTEON,petrol/electric,"hybride essence sans prise, familiale spacieuse, grand coffre, performances courantes, 2.45 € aux 100 km, très bon marché à l'usage, petit budget, sobre sur route et autoroute, famille nombreuse, cinq places et bagages, vacances, 31 g de CO2 par km, faibles rejets"
VOLKSWAGEN,CADDY,diesel,"diesel gazole, familiale spacieuse, grand coffre, motorisation modeste et tranquille, 9.52 € aux 100 km, coût moyen, gros rouleur, 20 000 à 50 000 km par an, longues distances quotidiennes sur autoroute, grande autonomie par plein, famille nombreuse, cinq places et bagages, vacances, 148 g de CO2 par km, rejets moyens"
VOLKSWAGEN,CADDY,petrol,"essence, familiale spacieuse, grand coffre, motorisation modeste et tranquille, 11.90 € aux 100 km, coût moyen, famille nombreuse, cinq places et bagages, vacances, 154 g de CO2 par km, rejets moyens"
VOLKSWAGEN,CADDY,petrol/electric,"hybride essence sans prise, familiale spacieuse, grand coffre, motorisation modeste et tranquille, 0.88 € aux 100 km, très bon marché à l'usage, petit budget, sobre sur route et autoroute, famille nombreuse, cinq places et bagages, vacances, 11 g de CO2 par km, faibles rejets"
VOLKSWAGEN,CALIFORNIA,diesel,"diesel gazole, véhicule très lourd et imposant, motorisation modeste et tranquille, 12.58 € aux 100 km, chère à faire rouler, gros rouleur, 20 000 à 50 000 km par an, longues distances quotidiennes sur autoroute, grande autonomie par plein, famille nombreuse, cinq places et bagages, vacances, 177 g de CO2 par km, très polluante, malus écologique"
VOLKSWAGEN,CALIFORNIA,petrol,"essence, véhicule très lourd et imposant, performances courantes, 16.80 € aux 100 km, chère à faire rouler, famille nombreuse, cinq places et bagages, vacances, 205 g de CO2 par km, très polluante, malus écologique"
VOLKSWAGEN,CALIFORNIA,petrol/electric,"hybride essence sans prise, véhicule très lourd et imposant, motorisation modeste et tranquille, 1.93 € aux 100 km, très bon marché à l'usage, petit budget, sobre sur route et autoroute, famille nombreuse, cinq places et bagages, vacances, 22 g de CO2 par km, faibles rejets"
VOLKSWAGEN,CARAVELLE,diesel,"diesel gazole, véhicule très lourd et imposant, motorisation modeste et tranquille, 13.77 € aux 100 km, chère à faire rouler, gros rouleur, 20 000 à 50 000 km par an, longues distances quotidiennes sur autoroute, grande autonomie par plein, famille nombreuse, cinq places et bagages, vacances, 211 g de CO2 par km, très polluante, malus écologique"
VOLKSWAGEN,CARAVELLE,electric,"électrique à batterie, se recharge sur borne, véhicule très lourd et imposant, bonnes reprises, 5.41 € aux 100 km, économique, silencieuse en ville, trajets domicile-travail, famille nombreuse, cinq places et bagages, vacances, zéro émission de CO2, aucune pollution à l'usage, la voiture la plus propre et la plus écologique, aucun rejet"
VOLKSWAGEN,GOLF,diesel,"diesel gazole, compacte polyvalente, performances courantes, 7.82 € aux 100 km, économique, facile en ville, gros rouleur, 20 000 à 50 000 km par an, longues distances quotidiennes sur autoroute, grande autonomie par plein, 120 g de CO2 par km, rejets moyens"
VOLKSWAGEN,GOLF,petrol,"essence, compacte polyvalente, performances courantes, 9.10 € aux 100 km, coût moyen, excellente en ville et dans les embouteillages, sobre sur route et autoroute, 119 g de CO2 par km, rejets moyens"
VOLKSWAGEN,GOLF,petrol,"essence, compacte polyvalente, performances courantes, 9.62 € aux 100 km, coût moyen, facile en ville, sobre sur route et autoroute, 125 g de CO2 par km, rejets moyens"
VOLKSWAGEN,GOLF,petrol/electric,"hybride essence sans prise, familiale spacieuse, grand coffre, performances courantes, 0.53 € aux 100 km, très bon marché à l'usage, petit budget, sobre sur route et autoroute, famille nombreuse, cinq places et bagages, vacances, 7 g de CO2 par km, faibles rejets"
VOLKSWAGEN,GOLF GTE,petrol/electric,"hybride essence sans prise, compacte polyvalente, performances courantes, 2.10 € aux 100 km, très bon marché à l'usage, petit budget, facile en ville, sobre sur route et autoroute, 27 g de CO2 par km, faibles rejets"
VOLKSWAGEN,ID. 7 TOURER PRO S,electric,"électrique à batterie, se recharge sur borne, très grand véhicule volumineux, bonnes reprises, 3.15 € aux 100 km, très bon marché à l'usage, petit budget, silencieuse en ville, trajets domicile-travail, grande autonomie de 677 km, longs trajets possibles, famille nombreuse, cinq places et bagages, vacances, zéro émission de CO2, aucune pollution à l'usage, la voiture la plus propre et la plus écologique, aucun rejet"
VOLKSWAGEN,ID. BUZZ GTX KR 250 KW,electric,"électrique à batterie, se recharge sur borne, véhicule très lourd et imposant, bonnes reprises, 4.64 € aux 100 km, économique, silencieuse en ville, trajets domicile-travail, famille nombreuse, cinq places et bagages, vacances, zéro émission de CO2, aucune pollution à l'usage, la voiture la plus propre et la plus écologique, aucun rejet"
VOLKSWAGEN,ID. BUZZ GTX LR 250 KW,electric,"électrique à batterie, se recharge sur borne, véhicule très lourd et imposant, bonnes reprises, 5.21 € aux 100 km, économique, silencieuse en ville, trajets domicile-travail, famille nombreuse, cinq places et bagages, vacances, zéro émission de CO2, aucune pollution à l'usage, la voiture la plus propre et la plus écologique, aucun rejet"
VOLKSWAGEN,ID. BUZZ PRO 150 KW,electric,"électrique à batterie, se recharge sur borne, véhicule très lourd et imposant, performances courantes, 4.69 € aux 100 km, économique, silencieuse en ville, trajets domicile-travail, famille nombreuse, cinq places et bagages, vacances, zéro émission de CO2, aucune pollution à l'usage, la voiture la plus propre et la plus écologique, aucun rejet"
VOLKSWAGEN,ID. BUZZ PRO KR 210 KW,electric,"électrique à batterie, se recharge sur borne, véhicule très lourd et imposant, bonnes reprises, 4.33 € aux 100 km, économique, silencieuse en ville, trajets domicile-travail, grande autonomie de 445 km, longs trajets possibles, famille nombreuse, cinq places et bagages, vacances, zéro émission de CO2, aucune pollution à l'usage, la voiture la plus propre et la plus écologique, aucun rejet"
VOLKSWAGEN,ID. BUZZ PRO LR 210 KW,electric,"électrique à batterie, se recharge sur borne, véhicule très lourd et imposant, bonnes reprises, 5.13 € aux 100 km, économique, silencieuse en ville, trajets domicile-travail, famille nombreuse, cinq places et bagages, vacances, zéro émission de CO2, aucune pollution à l'usage, la voiture la plus propre et la plus écologique, aucun rejet"
VOLKSWAGEN,ID.3 GTX 210 KW,electric,"électrique à batterie, se recharge sur borne, familiale spacieuse, grand coffre, bonnes reprises, 3.23 € aux 100 km, très bon marché à l'usage, petit budget, silencieuse en ville, trajets domicile-travail, grande autonomie de 599 km, longs trajets possibles, famille nombreuse, cinq places et bagages, vacances, zéro émission de CO2, aucune pollution à l'usage, la voiture la plus propre et la plus écologique, aucun rejet"
VOLKSWAGEN,ID.3 GTX PERF. 240 KW,electric,"électrique à batterie, se recharge sur borne, familiale spacieuse, grand coffre, sportive et très puissante, 3.34 € aux 100 km, très bon marché à l'usage, petit budget, silencieuse en ville, trajets domicile-travail, grande autonomie de 582 km, longs trajets possibles, famille nombreuse, cinq places et bagages, vacances, zéro émission de CO2, aucune pollution à l'usage, la voiture la plus propre et la plus écologique, aucun rejet"
VOLKSWAGEN,ID.3 PRO 150 KW,electric,"électrique à batterie, se recharge sur borne, familiale spacieuse, grand coffre, bonnes reprises, 3.39 € aux 100 km, très bon marché à l'usage, petit budget, silencieuse en ville, trajets domicile-travail, grande autonomie de 431 km, longs trajets possibles, famille nombreuse, cinq places et bagages, vacances, zéro émission de CO2, aucune pollution à l'usage, la voiture la plus propre et la plus écologique, aucun rejet"
VOLKSWAGEN,ID.3 PRO S 150 KW,electric,"électrique à batterie, se recharge sur borne, familiale spacieuse, grand coffre, bonnes reprises, 3.45 € aux 100 km, très bon marché à l'usage, petit budget, silencieuse en ville, trajets domicile-travail, grande autonomie de 555 km, longs trajets possibles, famille nombreuse, cinq places et bagages, vacances, zéro émission de CO2, aucune pollution à l'usage, la voiture la plus propre et la plus écologique, aucun rejet"
VOLKSWAGEN,ID.3 PURE 125 KW,electric,"électrique à batterie, se recharge sur borne, familiale spacieuse, grand coffre, performances courantes, 3.37 € aux 100 km, très bon marché à l'usage, petit budget, silencieuse en ville, trajets domicile-travail, famille nombreuse, cinq places et bagages, vacances, zéro émission de CO2, aucune pollution à l'usage, la voiture la plus propre et la plus écologique, aucun rejet"
VOLKSWAGEN,ID.4 GTX 220 KW,electric,"électrique à batterie, se recharge sur borne, très grand véhicule volumineux, bonnes reprises, 3.87 € aux 100 km, très bon marché à l'usage, petit budget, silencieuse en ville, trajets domicile-travail, grande autonomie de 500 km, longs trajets possibles, famille nombreuse, cinq places et bagages, vacances, zéro émission de CO2, aucune pollution à l'usage, la voiture la plus propre et la plus écologique, aucun rejet"
VOLKSWAGEN,ID.4 GTX 250KW,electric,"électrique à batterie, se recharge sur borne, très grand véhicule volumineux, bonnes reprises, 3.78 € aux 100 km, très bon marché à l'usage, petit budget, silencieuse en ville, trajets domicile-travail, grande autonomie de 512 km, longs trajets possibles, famille nombreuse, cinq places et bagages, vacances, zéro émission de CO2, aucune pollution à l'usage, la voiture la plus propre et la plus écologique, aucun rejet"
VOLKSWAGEN,ID.4 PRO 128 KW,electric,"électrique à batterie, se recharge sur borne, très grand véhicule volumineux, performances courantes, 3.70 € aux 100 km, très bon marché à l'usage, petit budget, silencieuse en ville, trajets domicile-travail, grande autonomie de 523 km, longs trajets possibles, famille nombreuse, cinq places et bagages, vacances, zéro émission de CO2, aucune pollution à l'usage, la voiture la plus propre et la plus écologique, aucun rejet"
VOLKSWAGEN,ID.4 PRO 150 KW,electric,"électrique à batterie, se recharge sur borne, très grand véhicule volumineux, performances courantes, 3.70 € aux 100 km, très bon marché à l'usage, petit budget, silencieuse en ville, trajets domicile-travail, grande autonomie de 523 km, longs trajets possibles, famille nombreuse, cinq places et bagages, vacances, zéro émission de CO2, aucune pollution à l'usage, la voiture la plus propre et la plus écologique, aucun rejet"
VOLKSWAGEN,ID.4 PRO 210 KW,electric,"électrique à batterie, se recharge sur borne, très grand véhicule volumineux, bonnes reprises, 3.65 € aux 100 km, très bon marché à l'usage, petit budget, silencieuse en ville, trajets domicile-travail, grande autonomie de 538 km, longs trajets possibles, famille nombreuse, cinq places et bagages, vacances, zéro émission de CO2, aucune pollution à l'usage, la voiture la plus propre et la plus écologique, aucun rejet"
VOLKSWAGEN,ID.4 PRO 210KW,electric,"électrique à batterie, se recharge sur borne, très grand véhicule volumineux, bonnes reprises, 3.54 € aux 100 km, très bon marché à l'usage, petit budget, silencieuse en ville, trajets domicile-travail, grande autonomie de 553 km, longs trajets possibles, famille nombreuse, cinq places et bagages, vacances, zéro émission de CO2, aucune pollution à l'usage, la voiture la plus propre et la plus écologique, aucun rejet"
VOLKSWAGEN,ID.4 PRO 4MOTION 210KW,electric,"électrique à batterie, se recharge sur borne, très grand véhicule volumineux, bonnes reprises, 3.72 € aux 100 km, très bon marché à l'usage, petit budget, silencieuse en ville, trajets domicile-travail, grande autonomie de 520 km, longs trajets possibles, famille nombreuse, cinq places et bagages, vacances, zéro émission de CO2, aucune pollution à l'usage, la voiture la plus propre et la plus écologique, aucun rejet"
VOLKSWAGEN,ID.4 PURE 109 KW,electric,"électrique à batterie, se recharge sur borne, familiale spacieuse, grand coffre, motorisation modeste et tranquille, 3.62 € aux 100 km, très bon marché à l'usage, petit budget, silencieuse en ville, trajets domicile-travail, famille nombreuse, cinq places et bagages, vacances, zéro émission de CO2, aucune pollution à l'usage, la voiture la plus propre et la plus écologique, aucun rejet"
VOLKSWAGEN,ID.4 PURE 125KW,electric,"électrique à batterie, se recharge sur borne, familiale spacieuse, grand coffre, performances courantes, 3.67 € aux 100 km, très bon marché à l'usage, petit budget, silencieuse en ville, trajets domicile-travail, famille nombreuse, cinq places et bagages, vacances, zéro émission de CO2, aucune pollution à l'usage, la voiture la plus propre et la plus écologique, aucun rejet"
VOLKSWAGEN,ID.5 GTX 220 KW,electric,"électrique à batterie, se recharge sur borne, très grand véhicule volumineux, bonnes reprises, 3.85 € aux 100 km, très bon marché à l'usage, petit budget, silencieuse en ville, trajets domicile-travail, grande autonomie de 502 km, longs trajets possibles, famille nombreuse, cinq places et bagages, vacances, zéro émission de CO2, aucune pollution à l'usage, la voiture la plus propre et la plus écologique, aucun rejet"
VOLKSWAGEN,ID.5 GTX 250KW,electric,"électrique à batterie, se recharge sur borne, très grand véhicule volumineux, sportive et très puissante, 3.72 € aux 100 km, très bon marché à l'usage, petit budget, silencieuse en ville, trajets domicile-travail, grande autonomie de 525 km, longs trajets possibles, famille nombreuse, cinq places et bagages, vacances, zéro émission de CO2, aucune pollution à l'usage, la voiture la plus propre et la plus écologique, aucun rejet"
VOLKSWAGEN,ID.5 PRO 128 KW,electric,"électrique à batterie, se recharge sur borne, très grand véhicule volumineux, performances courantes, 3.65 € aux 100 km, très bon marché à l'usage, petit budget, silencieuse en ville, trajets domicile-travail, grande autonomie de 530 km, longs trajets possibles, famille nombreuse, cinq places et bagages, vacances, zéro émission de CO2, aucune pollution à l'usage, la voiture la plus propre et la plus écologique, aucun rejet"
VOLKSWAGEN,ID.5 PRO 150 KW,electric,"électrique à batterie, se recharge sur borne, très grand véhicule volumineux, performances courantes, 3.64 € aux 100 km, très bon marché à l'usage, petit budget, silencieuse en ville, trajets domicile-travail, grande autonomie de 529 km, longs trajets possibles, famille nombreuse, cinq places et bagages, vacances, zéro émission de CO2, aucune pollution à l'usage, la voiture la plus propre et la plus écologique, aucun rejet"
VOLKSWAGEN,ID.5 PRO 210 KW,electric,"électrique à batterie, se recharge sur borne, très grand véhicule volumineux, bonnes reprises, 3.54 € aux 100 km, très bon marché à l'usage, petit budget, silencieuse en ville, trajets domicile-travail, grande autonomie de 546 km, longs trajets possibles, famille nombreuse, cinq places et bagages, vacances, zéro émission de CO2, aucune pollution à l'usage, la voiture la plus propre et la plus écologique, aucun rejet"
VOLKSWAGEN,ID.5 PRO 210KW,electric,"électrique à batterie, se recharge sur borne, très grand véhicule volumineux, bonnes reprises, 3.50 € aux 100 km, très bon marché à l'usage, petit budget, silencieuse en ville, trajets domicile-travail, grande autonomie de 552 km, longs trajets possibles, famille nombreuse, cinq places et bagages, vacances, zéro émission de CO2, aucune pollution à l'usage, la voiture la plus propre et la plus écologique, aucun rejet"
VOLKSWAGEN,ID.7 PRO,electric,"électrique à batterie, se recharge sur borne, très grand véhicule volumineux, bonnes reprises, 3.15 € aux 100 km, très bon marché à l'usage, petit budget, silencieuse en ville, trajets domicile-travail, grande autonomie de 609 km, longs trajets possibles, famille nombreuse, cinq places et bagages, vacances, zéro émission de CO2, aucune pollution à l'usage, la voiture la plus propre et la plus écologique, aucun rejet"
VOLKSWAGEN,ID.7 PRO 210KW,electric,"électrique à batterie, se recharge sur borne, très grand véhicule volumineux, bonnes reprises, 3.15 € aux 100 km, très bon marché à l'usage, petit budget, silencieuse en ville, trajets domicile-travail, grande autonomie de 613 km, longs trajets possibles, famille nombreuse, cinq places et bagages, vacances, zéro émission de CO2, aucune pollution à l'usage, la voiture la plus propre et la plus écologique, aucun rejet"
VOLKSWAGEN,ID.7 PRO S,electric,"électrique à batterie, se recharge sur borne, très grand véhicule volumineux, bonnes reprises, 3.10 € aux 100 km, très bon marché à l'usage, petit budget, silencieuse en ville, trajets domicile-travail, grande autonomie de 686 km, longs trajets possibles, famille nombreuse, cinq places et bagages, vacances, zéro émission de CO2, aucune pollution à l'usage, la voiture la plus propre et la plus écologique, aucun rejet"
VOLKSWAGEN,ID.7 TOURER GTX,electric,"électrique à batterie, se recharge sur borne, très grand véhicule volumineux, bonnes reprises, 3.76 € aux 100 km, très bon marché à l'usage, petit budget, silencieuse en ville, trajets domicile-travail, grande autonomie de 568 km, longs trajets possibles, famille nombreuse, cinq places et bagages, vacances, zéro émission de CO2, aucune pollution à l'usage, la voiture la plus propre et la plus écologique, aucun rejet"
VOLKSWAGEN,ID.7 TOURER PRO,electric,"électrique à batterie, se recharge sur borne, très grand véhicule volumineux, bonnes reprises, 3.26 € aux 100 km, très bon marché à l'usage, petit budget, silencieuse en ville, trajets domicile-travail, grande autonomie de 591 km, longs trajets possibles, famille nombreuse, cinq places et bagages, vacances, zéro émission de CO2, aucune pollution à l'usage, la voiture la plus propre et la plus écologique, aucun rejet"
VOLKSWAGEN,ID.7 TOURER PRO S,electric,"électrique à batterie, se recharge sur borne, très grand véhicule volumineux, bonnes reprises, 3.17 € aux 100 km, très bon marché à l'usage, petit budget, silencieuse en ville, trajets domicile-travail, grande autonomie de 670 km, longs trajets possibles, famille nombreuse, cinq places et bagages, vacances, zéro émission de CO2, aucune pollution à l'usage, la voiture la plus propre et la plus écologique, aucun rejet"
VOLKSWAGEN,KOMBI,diesel,"diesel gazole, très grand véhicule volumineux, motorisation modeste et tranquille, 13.01 € aux 100 km, chère à faire rouler, gros rouleur, 20 000 à 50 000 km par an, longues distances quotidiennes sur autoroute, grande autonomie par plein, famille nombreuse, cinq places et bagages, vacances, 200 g de CO2 par km, très polluante, malus écologique"
VOLKSWAGEN,MULTIVAN,diesel,"diesel gazole, véhicule très lourd et imposant, motorisation modeste et tranquille, 11.22 € aux 100 km, coût moyen, gros rouleur, 20 000 à 50 000 km par an, longues distances quotidiennes sur autoroute, grande autonomie par plein, famille nombreuse, cinq places et bagages, vacances, 173 g de CO2 par km, très polluante, malus écologique"
VOLKSWAGEN,MULTIVAN,petrol/electric,"hybride essence sans prise, véhicule très lourd et imposant, motorisation modeste et tranquille, 1.57 € aux 100 km, très bon marché à l'usage, petit budget, sobre sur route et autoroute, famille nombreuse, cinq places et bagages, vacances, 20 g de CO2 par km, faibles rejets"
VOLKSWAGEN,PASSAT,diesel,"diesel gazole, familiale spacieuse, grand coffre, performances courantes, 8.50 € aux 100 km, coût moyen, gros rouleur, 20 000 à 50 000 km par an, longues distances quotidiennes sur autoroute, grande autonomie par plein, famille nombreuse, cinq places et bagages, vacances, 132 g de CO2 par km, rejets moyens"
VOLKSWAGEN,PASSAT,petrol,"essence, familiale spacieuse, grand coffre, performances courantes, 9.62 € aux 100 km, coût moyen, excellente en ville et dans les embouteillages, sobre sur route et autoroute, famille nombreuse, cinq places et bagages, vacances, 125 g de CO2 par km, rejets moyens"
VOLKSWAGEN,PASSAT,petrol,"essence, compacte polyvalente, performances courantes, 11.20 € aux 100 km, coût moyen, facile en ville, 146 g de CO2 par km, rejets moyens"
VOLKSWAGEN,PASSAT,petrol/electric,"hybride essence sans prise, familiale spacieuse, grand coffre, performances courantes, 0.70 € aux 100 km, très bon marché à l'usage, petit budget, sobre sur route et autoroute, famille nombreuse, cinq places et bagages, vacances, 9 g de CO2 par km, faibles rejets"
VOLKSWAGEN,POLO,ng,"compacte polyvalente, motorisation modeste et tranquille, facile en ville, 100 g de CO2 par km, rejets moyens"
VOLKSWAGEN,POLO,petrol,"essence, petite citadine maniable, performances courantes, 9.28 € aux 100 km, coût moyen, facile en ville, sobre sur route et autoroute, 122 g de CO2 par km, rejets moyens, modèle très répandu en France"
VOLKSWAGEN,T-CROSS,petrol,"essence, compacte polyvalente, performances courantes, 10.15 € aux 100 km, coût moyen, facile en ville, 132 g de CO2 par km, rejets moyens, modèle très répandu en France"
VOLKSWAGEN,T-ROC,diesel,"diesel gazole, compacte polyvalente, performances courantes, 8.50 € aux 100 km, coût moyen, facile en ville, gros rouleur, 20 000 à 50 000 km par an, longues distances quotidiennes sur autoroute, grande autonomie par plein, 131 g de CO2 par km, rejets moyens"
VOLKSWAGEN,T-ROC,petrol,"essence, compacte polyvalente, performances courantes, 9.97 € aux 100 km, coût moyen, excellente en ville et dans les embouteillages, 130 g de CO2 par km, rejets moyens"
VOLKSWAGEN,T-ROC,petrol,"essence, compacte polyvalente, bonnes reprises, 10.50 € aux 100 km, coût moyen, facile en ville, 137 g de CO2 par km, rejets moyens, modèle très répandu en France"
VOLKSWAGEN,TAIGO,petrol,"essence, petite citadine maniable, performances courantes, 9.97 € aux 100 km, coût moyen, facile en ville, 129 g de CO2 par km, rejets moyens"
VOLKSWAGEN,TAYRON,diesel,"diesel gazole, très grand véhicule volumineux, performances courantes, 9.69 € aux 100 km, coût moyen, gros rouleur, 20 000 à 50 000 km par an, longues distances quotidiennes sur autoroute, grande autonomie par plein, famille nombreuse, cinq places et bagages, vacances, 150 g de CO2 par km, rejets moyens"
VOLKSWAGEN,TAYRON,petrol,"essence, familiale spacieuse, grand coffre, performances courantes, 11.38 € aux 100 km, coût moyen, excellente en ville et dans les embouteillages, famille nombreuse, cinq places et bagages, vacances, 149 g de CO2 par km, rejets moyens"
VOLKSWAGEN,TAYRON,petrol/electric,"hybride essence sans prise, très grand véhicule volumineux, performances courantes, 0.88 € aux 100 km, très bon marché à l'usage, petit budget, sobre sur route et autoroute, famille nombreuse, cinq places et bagages, vacances, 11 g de CO2 par km, faibles rejets"
VOLKSWAGEN,TIGUAN,diesel,"diesel gazole, familiale spacieuse, grand coffre, performances courantes, 9.35 € aux 100 km, coût moyen, gros rouleur, 20 000 à 50 000 km par an, longues distances quotidiennes sur autoroute, grande autonomie par plein, famille nombreuse, cinq places et bagages, vacances, 144 g de CO2 par km, rejets moyens"
VOLKSWAGEN,TIGUAN,petrol,"essence, familiale spacieuse, grand coffre, performances courantes, 10.67 € aux 100 km, coût moyen, excellente en ville et dans les embouteillages, famille nombreuse, cinq places et bagages, vacances, 139 g de CO2 par km, rejets moyens"
VOLKSWAGEN,TIGUAN,petrol,"essence, familiale spacieuse, grand coffre, performances courantes, 12.08 € aux 100 km, chère à faire rouler, famille nombreuse, cinq places et bagages, vacances, 158 g de CO2 par km, rejets moyens"
VOLKSWAGEN,TIGUAN,petrol/electric,"hybride essence sans prise, familiale spacieuse, grand coffre, performances courantes, 0.70 € aux 100 km, très bon marché à l'usage, petit budget, sobre sur route et autoroute, famille nombreuse, cinq places et bagages, vacances, 10 g de CO2 par km, faibles rejets"
VOLKSWAGEN,TOUAREG EHYBRID,petrol/electric,"hybride essence sans prise, véhicule très lourd et imposant, bonnes reprises, 4.02 € aux 100 km, économique, sobre sur route et autoroute, famille nombreuse, cinq places et bagages, vacances, 51 g de CO2 par km, faibles rejets"
VOLKSWAGEN,TOUAREG R,petrol/electric,"hybride essence sans prise, véhicule très lourd et imposant, bonnes reprises, 4.02 € aux 100 km, économique, sobre sur route et autoroute, famille nombreuse, cinq places et bagages, vacances, 52 g de CO2 par km, faibles rejets"
VOLKSWAGEN,TOURAN,diesel,"diesel gazole, familiale spacieuse, grand coffre, performances courantes, 9.18 € aux 100 km, coût moyen, gros rouleur, 20 000 à 50 000 km par an, longues distances quotidiennes sur autoroute, grande autonomie par plein, famille nombreuse, cinq places et bagages, vacances, 142 g de CO2 par km, rejets moyens"
VOLKSWAGEN,TOURAN,petrol,"essence, familiale spacieuse, grand coffre, performances courantes, 11.38 € aux 100 km, coût moyen, famille nombreuse, cinq places et bagages, vacances, 148 g de CO2 par km, rejets moyens"
VOLKSWAGEN,TRANSPORTER,diesel,"diesel gazole, véhicule très lourd et imposant, motorisation modeste et tranquille, 12.66 € aux 100 km, chère à faire rouler, gros rouleur, 20 000 à 50 000 km par an, longues distances quotidiennes sur autoroute, grande autonomie par plein, famille nombreuse, cinq places et bagages, vacances, 194 g de CO2 par km, très polluante, malus écologique"
VOLKSWAGEN,TRANSPORTER CARAVELLE,diesel,"diesel gazole, véhicule très lourd et imposant, motorisation modeste et tranquille, 13.77 € aux 100 km, chère à faire rouler, gros rouleur, 20 000 à 50 000 km par an, longues distances quotidiennes sur autoroute, grande autonomie par plein, famille nombreuse, cinq places et bagages, vacances, 213 g de CO2 par km, très polluante, malus écologique"
VOLKSWAGEN,TRANSPORTER CARAVELLE,electric,"électrique à batterie, se recharge sur borne, véhicule très lourd et imposant, bonnes reprises, 5.39 € aux 100 km, économique, silencieuse en ville, trajets domicile-travail, famille nombreuse, cinq places et bagages, vacances, zéro émission de CO2, aucune pollution à l'usage, la voiture la plus propre et la plus écologique, aucun rejet"
VOLKSWAGEN,UP!,electric,"électrique à batterie, se recharge sur borne, toute petite citadine légère, facile à garer, motorisation modeste et tranquille, 3.20 € aux 100 km, très bon marché à l'usage, petit budget, silencieuse en ville, trajets domicile-travail, autonomie limitée de 255 km, trajets courts seulement, encombrement minimal, deuxième voiture, zéro émission de CO2, aucune pollution à l'usage, la voiture la plus propre et la plus écologique, aucun rejet"
VOLKSWAGEN,UP!,ng,"toute petite citadine légère, facile à garer, motorisation modeste et tranquille, facile en ville, encombrement minimal, deuxième voiture, 104 g de CO2 par km, rejets moyens"
VOLKSWAGEN,UP!,petrol,"essence, toute petite citadine légère, facile à garer, motorisation modeste et tranquille, 8.92 € aux 100 km, coût moyen, facile en ville, sobre sur route et autoroute, encombrement minimal, deuxième voiture, 116 g de CO2 par km, rejets moyens"
VOLVO,C40,electric,"électrique à batterie, se recharge sur borne, très grand véhicule volumineux, bonnes reprises, 3.61 € aux 100 km, très bon marché à l'usage, petit budget, silencieuse en ville, trajets domicile-travail, grande autonomie de 576 km, longs trajets possibles, famille nombreuse, cinq places et bagages, vacances, zéro émission de CO2, aucune pollution à l'usage, la voiture la plus propre et la plus écologique, aucun rejet"
VOLVO,EC40,electric,"électrique à batterie, se recharge sur borne, très grand véhicule volumineux, bonnes reprises, 3.61 € aux 100 km, très bon marché à l'usage, petit budget, silencieuse en ville, trajets domicile-travail, grande autonomie de 577 km, longs trajets possibles, famille nombreuse, cinq places et bagages, vacances, zéro émission de CO2, aucune pollution à l'usage, la voiture la plus propre et la plus écologique, aucun rejet"
VOLVO,ES90,electric,"électrique à batterie, se recharge sur borne, véhicule très lourd et imposant, bonnes reprises, 3.63 € aux 100 km, très bon marché à l'usage, petit budget, silencieuse en ville, trajets domicile-travail, grande autonomie de 630 km, longs trajets possibles, famille nombreuse, cinq places et bagages, vacances, zéro émission de CO2, aucune pollution à l'usage, la voiture la plus propre et la plus écologique, aucun rejet"
VOLVO,EX30,electric,"électrique à batterie, se recharge sur borne, familiale spacieuse, grand coffre, bonnes reprises, 3.74 € aux 100 km, très bon marché à l'usage, petit budget, silencieuse en ville, trajets domicile-travail, grande autonomie de 475 km, longs trajets possibles, famille nombreuse, cinq places et bagages, vacances, zéro émission de CO2, aucune pollution à l'usage, la voiture la plus propre et la plus écologique, aucun rejet"
VOLVO,EX30 CROSS COUNTRY,electric,"électrique à batterie, se recharge sur borne, voiture de sport légère, deux places, usage plaisir, sportive et très puissante, 4.11 € aux 100 km, économique, grande autonomie de 427 km, longs trajets possibles, encombrement minimal, deuxième voiture, zéro émission de CO2, aucune pollution à l'usage, la voiture la plus propre et la plus écologique, aucun rejet"
VOLVO,EX40,electric,"électrique à batterie, se recharge sur borne, très grand véhicule volumineux, bonnes reprises, 3.70 € aux 100 km, très bon marché à l'usage, petit budget, silencieuse en ville, trajets domicile-travail, grande autonomie de 569 km, longs trajets possibles, famille nombreuse, cinq places et bagages, vacances, zéro émission de CO2, aucune pollution à l'usage, la voiture la plus propre et la plus écologique, aucun rejet"
VOLVO,EX90,electric,"électrique à batterie, se recharge sur borne, véhicule très lourd et imposant, bonnes reprises, 4.60 € aux 100 km, économique, silencieuse en ville, trajets domicile-travail, grande autonomie de 608 km, longs trajets possibles, famille nombreuse, cinq places et bagages, vacances, zéro émission de CO2, aucune pollution à l'usage, la voiture la plus propre et la plus écologique, aucun rejet"
VOLVO,S60,petrol/electric,"hybride essence sans prise, très grand véhicule volumineux, sportive et très puissante, 1.40 € aux 100 km, très bon marché à l'usage, petit budget, sobre sur route et autoroute, famille nombreuse, cinq places et bagages, vacances, 18 g de CO2 par km, faibles rejets"
VOLVO,V60,petrol,"essence, familiale spacieuse, grand coffre, bonnes reprises, 11.03 € aux 100 km, coût moyen, excellente en ville et dans les embouteillages, famille nombreuse, cinq places et bagages, vacances, 144 g de CO2 par km, rejets moyens"
VOLVO,V60,petrol/electric,"hybride essence sans prise, très grand véhicule volumineux, bonnes reprises, 1.40 € aux 100 km, très bon marché à l'usage, petit budget, sobre sur route et autoroute, famille nombreuse, cinq places et bagages, vacances, 17 g de CO2 par km, faibles rejets"
VOLVO,XC40,electric,"électrique à batterie, se recharge sur borne, très grand véhicule volumineux, bonnes reprises, 3.67 € aux 100 km, très bon marché à l'usage, petit budget, silencieuse en ville, trajets domicile-travail, grande autonomie de 569 km, longs trajets possibles, famille nombreuse, cinq places et bagages, vacances, zéro émission de CO2, aucune pollution à l'usage, la voiture la plus propre et la plus écologique, aucun rejet"
VOLVO,XC40,petrol,"essence, familiale spacieuse, grand coffre, performances courantes, 11.55 € aux 100 km, coût moyen, excellente en ville et dans les embouteillages, famille nombreuse, cinq places et bagages, vacances, 151 g de CO2 par km, rejets moyens"
VOLVO,XC40,petrol/electric,"hybride essence sans prise, familiale spacieuse, grand coffre, motorisation modeste et tranquille, 3.68 € aux 100 km, très bon marché à l'usage, petit budget, sobre sur route et autoroute, famille nombreuse, cinq places et bagages, vacances, 48 g de CO2 par km, faibles rejets"
VOLVO,XC60,petrol,"essence, très grand véhicule volumineux, bonnes reprises, 15.22 € aux 100 km, chère à faire rouler, excellente en ville et dans les embouteillages, famille nombreuse, cinq places et bagages, vacances, 181 g de CO2 par km, très polluante, malus écologique"
VOLVO,XC60,petrol/electric,"hybride essence sans prise, très grand véhicule volumineux, bonnes reprises, 1.93 € aux 100 km, très bon marché à l'usage, petit budget, sobre sur route et autoroute, famille nombreuse, cinq places et bagages, vacances, 25 g de CO2 par km, faibles rejets"
VOLVO,XC90,petrol/electric,"hybride essence sans prise, véhicule très lourd et imposant, bonnes reprises, 2.45 € aux 100 km, très bon marché à l'usage, petit budget, sobre sur route et autoroute, famille nombreuse, cinq places et bagages, vacances, 32 g de CO2 par km, faibles rejets"
XPENG,G6,electric,"électrique à batterie, se recharge sur borne, très grand véhicule volumineux, bonnes reprises, 3.94 € aux 100 km, très bon marché à l'usage, petit budget, silencieuse en ville, trajets domicile-travail, grande autonomie de 550 km, longs trajets possibles, famille nombreuse, cinq places et bagages, vacances, zéro émission de CO2, aucune pollution à l'usage, la voiture la plus propre et la plus écologique, aucun rejet"
XPENG,G9,electric,"électrique à batterie, se recharge sur borne, voiture de sport légère, deux places, usage plaisir, sportive et très puissante, 4.69 € aux 100 km, économique, grande autonomie de 520 km, longs trajets possibles, encombrement minimal, deuxième voiture, zéro émission de CO2, aucune pollution à l'usage, la voiture la plus propre et la plus écologique, aucun rejet"
